hotel,star,review,date,price,address
대전 유성 썸,5,"출장차 방문해서 연박했습니다.
스타일러가 있어서 편하고 청소상태가 좋았어요
조용한 곳에 있어서 방음도 좋고 쉬기에도 좋았습니다. 넷플이 안되는 방에 있다가 에어콘 문제로 방을 옮겼는데 그곳엔 넷플이 무료로 시청 가능했어요.
방도 친절하게 바꿔주셨습니다.
시내와 거리는 좀 있어서 일정 있을 때 이동은 힘들지만 택시비 만원 이내로 어디든 가능할 정도의 접근성입니다.
비지니스 패키지 끊으시는 분들은 기프티콘 꼭 요청하세요. 바쁘셔서 가끔 누락될 때 있으니 말씀하시면 챙겨주세요",2024.09.01,"80,000",대전광역시 유성구 대정로 10 (대정동)
대전 유성 썸,5,"출장차 방문해서 연박했습니다.
스타일러가 있어서 편하고 청소상태가 좋았어요
조용한 곳에 있어서 방음도 좋고 쉬기에도 좋았습니다. 넷플이 안되는 방에 있다가 에어콘 문제로 방을 옮겼는데 그곳엔 넷플이 무료로 시청 가능했어요.
방도 친절하게 바꿔주셨습니다.
시내와 거리는 좀 있어서 일정 있을 때 이동은 힘들지만 택시비 만원 이내로 어디든 가능할 정도의 접근성입니다.
비지니스 패키지 끊으시는 분들은 기프티콘 꼭 요청하세요. 바쁘셔서 가끔 누락될 때 있으니 말씀하시면 챙겨주세요",2024.09.01,"80,000",대전광역시 유성구 대정로 10 (대정동)
대전 유성 썸,5,"출장차 방문해서 연박했습니다.
스타일러가 있어서 편하고 청소상태가 좋았어요
조용한 곳에 있어서 방음도 좋고 쉬기에도 좋았습니다. 넷플이 안되는 방에 있다가 에어콘 문제로 방을 옮겼는데 그곳엔 넷플이 무료로 시청 가능했어요.
방도 친절하게 바꿔주셨습니다.
시내와 거리는 좀 있어서 일정 있을 때 이동은 힘들지만 택시비 만원 이내로 어디든 가능할 정도의 접근성입니다.
비지니스 패키지 끊으시는 분들은 기프티콘 꼭 요청하세요. 바쁘셔서 가끔 누락될 때 있으니 말씀하시면 챙겨주세요",2024.09.01,"80,000",대전광역시 유성구 대정로 10 (대정동)
대전 유성 썸,4,"출장차 방문해서 연박했습니다.
스타일러가 있어서 편하고 청소상태가 좋았어요
조용한 곳에 있어서 방음도 좋고 쉬기에도 좋았습니다. 넷플이 안되는 방에 있다가 에어콘 문제로 방을 옮겼는데 그곳엔 넷플이 무료로 시청 가능했어요.
방도 친절하게 바꿔주셨습니다.
시내와 거리는 좀 있어서 일정 있을 때 이동은 힘들지만 택시비 만원 이내로 어디든 가능할 정도의 접근성입니다.
비지니스 패키지 끊으시는 분들은 기프티콘 꼭 요청하세요. 바쁘셔서 가끔 누락될 때 있으니 말씀하시면 챙겨주세요",2024.09.01,"80,000",대전광역시 유성구 대정로 10 (대정동)
대전 유성 썸,5,방이 깨끗한 편입니다. 샤워시설도 아주 좋은 곳이여서 기분좋은 시간을 보내고 왔습니다. 가격대비 너무 좋은 곳이여서. 다른분께도 추천 드립니다.,2024.05.20,"80,000",대전광역시 유성구 대정로 10 (대정동)
대전 유성 썸,5,"출장을 자주 다녀 가끔 오는 곳인데 올때마다 청결하고 사장님도 친절해서 너무 좋았습니다.
나름 방음시설도 잘 되어 있고, 주변에 맛집도 많이 있어서 가볍게 나가서 저녁 먹기도 좋았네요~",2024.05.20,"80,000",대전광역시 유성구 대정로 10 (대정동)
대전 유성 썸,5,"대전에 일이 있어서 1박 2일 묵고 오늘 올라갑니다.
너무 편하고 시설도 좋고 주인 분도 착하셔서 하루 재밌게 푹 쉬다 갑니다!!
강추 합니다!!",2023.12.08,"80,000",대전광역시 유성구 대정로 10 (대정동)
대전 유성 썸,4,"뭔가 오래 된 곳 같았지만 객실이 상당히 넓어서 .. 
할머니집 거실에 있는 듯 편안한 느낌이였답니다🙂 
잘 이용했습니다",2024.10.07,"80,000",대전광역시 유성구 대정로 10 (대정동)
대전 유성 썸,5,조금 오래된 건물같긴 해도 깨끗하고 정말 좋았어요! 후기대로 방이 절절 끓네요! 근데 사장님이신지 직원분이신지 잘 모르겠지만.. 어투가 조금 그랬어요..ㅎㅎ 예..감사합니다..,2024.01.18,"80,000",대전광역시 유성구 대정로 10 (대정동)
대전 유성 썸,5,"여자사장님이 넘 친절하셨어요.
웃으면서 응대해주시고 나갈때 마주쳤는데 조심히 가라구 해주셨너요!!
재방문의사 1000프로예요:D",2024.02.15,"80,000",대전광역시 유성구 대정로 10 (대정동)
대전 유성 썸,5,"공사 때문에 숙소 필요했는데 그런대로 괜찮았음.
1. 욕실 완전 깔끔하다 할 정도의 줄눈 상태나 욕조 상태는 아니었지만 괜찮은 편, 단 욕조 샤워기의 경우 목부위 고무링이 튀어나와있어서 뭔가 찝찝한 느낌이 있긴했음.(일반적으로 파손될 만큼 분리할 이유가 없기 때문)
2. 난방상태 쾌적함, 공기청정기 있음.
3. 침대 커버 하단부 살펴보았을 때 눈에 보이는 오염 없음.(빈대 흔적이나 먼지, 머리카락 등의 이물 없었음.)
4. 금연객실이긴한데, 배관을 타는 담배냄새가 있었던 점은 아쉬움.
5. 필요시 재방문 의사 있음.",2023.12.09,"80,000",대전광역시 유성구 대정로 10 (대정동)
대전 유성 썸,4,"데스크에 계신 분이 좀 친절하셨으면 좋았을텐데..
전반적인 청결이나 시설은 무난했습니다.
침대에 매트는 고장난것같더라구요
안마의자도 있어서 편히 쉬었어요!
객실 청결도 중요하지만 서비스적인 손님응대도 잘해주시는게 좋겠네요",2024.02.14,"80,000",대전광역시 유성구 대정로 10 (대정동)
대전 유성 썸,4,주차장쪽 출입문이 자동문이라 버튼을 눌렀는데 부웅부웅 거리더니 문이 열리지 않아 보니 어디에 걸린건지 열리지 않아서 여러번 시도 후 들어갈 수 있었습니다 억지로 열려다 사고로 번질수도 있을 것 같은 마음에 카운터에 친절하게 말씀드렸더니 카운터 창문이 작아서 잘 안들리신건지 대답을 안 하시더라구요 불친절하셨구요 방 컨디션 가격 청결은 좋습니다,2024.06.27,"80,000",대전광역시 유성구 대정로 10 (대정동)
대전 유성 썸,4,방도 좋고 가격도 좋았는데 전에 쓰던 사람이 남기고 간건지 배달음식 담은 용기가 있었고 아무렇게나 널부러져 있는 수건과 쓴 칫솔등 정리가 안된거 같아 보였어요. 바쁘셔서 그랬을거 같긴 한데 그래도 다음부턴 정리 잘 부탁드려용~ 그래도 방은 좋았어용,2024.05.31,"80,000",대전광역시 유성구 대정로 10 (대정동)
대전 유성 썸,5,"일때문에 새벽 5시 쯤 체크인을 하고
기본이 11시 체크아웃인데
너무 피곤해서 프론트에 전화 후 
추가 결제 여쭤보고 12시에 퇴실 하려 했으나
너무 피곤해서 더 잠들었는데
감사하게도 프론트에서 퇴실 요청 전화를 안 주셔서 충분히 쉬다가 갔습니다 ~",2024.01.22,"80,000",대전광역시 유성구 대정로 10 (대정동)
대전 유성 썸,5,방이 엄청 따뜻하다 못해 더웠어요.침대에는 전기장판이 없는데 바닥난방이 덥다보니 따뜻하게 잘 잤습니다.,2024.01.02,"80,000",대전광역시 유성구 대정로 10 (대정동)
대전 유성 썸,4,생각보다 깔끔했고 냉난방도 좋았어요! 근데 와이파이가 안되나 컴퓨터는 이용을 못했어요. 이거 빼면 좋은 것 같아요!,2024.11.04,"80,000",대전광역시 유성구 대정로 10 (대정동)
대전 유성 썸,2,"3명 예약 5층 특실 5000원 할인받아 155000에 토욜 이용했습니다

결과적으로 가격대비 비추입니다. 객실에는 담배냄새가 욕실에는 뭔가 싫은 냄새가 났습니다.
안마기는 낡았고 에어드레서는 옷걸이가 두개뿐이라
옷걸기에 부족 ...이정도면 10만원. 정도면 적당하지 않을까 싶습니다. 객실도 욕실도 침대도 넓었지만
단점이 커서 장점이 잘 부각이 안됩니다.
나쁜평 남기고 싶지 않은데 관계자분들께서도 참고하셨으면 합니다.",2024.07.15,"80,000",대전광역시 유성구 대정로 10 (대정동)
대전 유성 썸,4,침구가 깔끔한 게 가장 마음에 들어요,2024. 11. 14,"80,000",대전광역시 유성구 대정로 10 (대정동)
대전 유성 썸,5,여기 좋아요...깨끗하고 스타일러도 있고 좋아요~^^,2024. 11. 14,"80,000",대전광역시 유성구 대정로 10 (대정동)
대전 유성 썸,5,좋아요 잘 쉬다갑니다,2024.11.07,"80,000",대전광역시 유성구 대정로 10 (대정동)
대전 유성 썸,4,잘 쉬고 갑니다....,2024.11.05,"80,000",대전광역시 유성구 대정로 10 (대정동)
대전 유성 썸,5,방이 따뜻하고 넓어요! 넷플도 잘되구 만족입니다~~,2024.11.04,"80,000",대전광역시 유성구 대정로 10 (대정동)
대전 유성 썸,5,여기만한숙소없다 꼭가라 용,2024.11.02,"80,000",대전광역시 유성구 대정로 10 (대정동)
대전 유성 썸,5,유성숙소원탑 여기여 굿,2024.11.02,"80,000",대전광역시 유성구 대정로 10 (대정동)
대전 유성 썸,5,잘 이용했습니다..,2024.10.28,"80,000",대전광역시 유성구 대정로 10 (대정동)
대전 유성 썸,4,주변에 편의시설 많아서 좋아요,2024.10.25,"80,000",대전광역시 유성구 대정로 10 (대정동)
대전 유성 썸,5,늘 잘이용하고 있습니다.,2024.10.22,"80,000",대전광역시 유성구 대정로 10 (대정동)
대전 유성 썸,5,늘 잘 이용하고 있습니다.,2024.10.22,"80,000",대전광역시 유성구 대정로 10 (대정동)
대전 유성 썸,5,가성비 좋은 숙소입니다.,2024.10.20,"80,000",대전광역시 유성구 대정로 10 (대정동)
대전 유성 썸,5,아주 아주 좋아요 👍🏻 🤩 💯,2024.10.19,"80,000",대전광역시 유성구 대정로 10 (대정동)
대전 유성 썸,5,아주 아주 좋아요 ~~~~,2024.10.17,"80,000",대전광역시 유성구 대정로 10 (대정동)
대전 유성 썸,5,"숙소 화장실이 매우깨끗했습니다.
그리고 담배냄새가 안나서 좋았습니다~^!!",2024.10.14,"80,000",대전광역시 유성구 대정로 10 (대정동)
대전 유성 썸,4,숙소가 깨끗하고 물도 직접가져갈수있어서 좋았습니다~~!!!,2024.10.14,"80,000",대전광역시 유성구 대정로 10 (대정동)
대전 유성 썸,5,좋았습니다! 만족도,2024.10.08,"80,000",대전광역시 유성구 대정로 10 (대정동)
대전 유성 썸,5,ㄴㄱㅅㄱ슧ㄱㅇㄱㄴㄱㄷㄱㅇㄱ,2024.10.02,"80,000",대전광역시 유성구 대정로 10 (대정동)
대전 유성 썸,4,가성비 무난무난한 숙소입니다 프런트데스크가 시원했던게 좋았어요,2024.09.22,"80,000",대전광역시 유성구 대정로 10 (대정동)
대전 유성 썸,4,객실은 깨끗하고 모다아울렛 바로 앞이라 가기 편했어요,2024.09.14,"80,000",대전광역시 유성구 대정로 10 (대정동)
대전 유성 썸,1,별로입니다그냥그래요,2024.09.10,"80,000",대전광역시 유성구 대정로 10 (대정동)
대전 유성 썸,5,굳...............,2024.09.08,"80,000",대전광역시 유성구 대정로 10 (대정동)
대전 유성 썸,4,깨끗하고 좋습니다.,2024.09.07,"80,000",대전광역시 유성구 대정로 10 (대정동)
대전 유성 썸,5,깨끗하고! 너무좋아요!,2024.09.06,"80,000",대전광역시 유성구 대정로 10 (대정동)
대전 유성 썸,5,좋은시반보내고갑니다,2024.09.05,"80,000",대전광역시 유성구 대정로 10 (대정동)
대전 유성 썸,5,깨끗하고 쾌적합니다 좋네요,2024.09.03,"80,000",대전광역시 유성구 대정로 10 (대정동)
대전 유성 썸,5,깨끗하고 쾌적합니다 좋네요,2024.09.03,"80,000",대전광역시 유성구 대정로 10 (대정동)
대전 유성 썸,5,별이다섯개입니다..,2024.08.31,"80,000",대전광역시 유성구 대정로 10 (대정동)
대전 유성 썸,5,깨끗하고 좋았습니다,2024.08.31,"80,000",대전광역시 유성구 대정로 10 (대정동)
대전 유성 썸,5,주변에서 제일 괜찮습니다,2024.08.26,"80,000",대전광역시 유성구 대정로 10 (대정동)
대전 유성 썸,5,깨끗하고 좋으네요.,2024.08.25,"80,000",대전광역시 유성구 대정로 10 (대정동)
대전 유성 썸,5,잘 쉬다갑니다!!!,2024.08.23,"80,000",대전광역시 유성구 대정로 10 (대정동)
대전 유성 썸,5,잘 머물고 갑니다.....,2024.08.18,"80,000",대전광역시 유성구 대정로 10 (대정동)
대전 유성 썸,4,깔끔하고 좋아요 그런데 에어컨 상태가..ㅠㅠ 에어컨청소좀 하셔야 할것같아요..,2024.08.13,"80,000",대전광역시 유성구 대정로 10 (대정동)
대전 유성 썸,5,시설이 좋아요~~~,2024.08.06,"80,000",대전광역시 유성구 대정로 10 (대정동)
대전 유성 썸,4,좋아요 잘이용했습니다,2024.08.04,"80,000",대전광역시 유성구 대정로 10 (대정동)
대전 유성 썸,5,아주 편한하게 쉬다가 갑니다,2024.08.04,"80,000",대전광역시 유성구 대정로 10 (대정동)
대전 유성 썸,5,"하루 지내고 맘에들어서 
또하루 지냈어요~~
방바꿔 주셔서 감사했습니다~~^^",2024.08.02,"80,000",대전광역시 유성구 대정로 10 (대정동)
대전 유성 썸,5,"좋은방 주셔서 감사합니다~^^
또 이용 할께요~",2024.08.02,"80,000",대전광역시 유성구 대정로 10 (대정동)
대전 유성 썸,5,만족합니다 ㅎㅎ 추천합니다,2024.07.30,"80,000",대전광역시 유성구 대정로 10 (대정동)
대전 유성 썸,5,푹 쉬다가요~ 불편한게 없었어요,2024.07.29,"80,000",대전광역시 유성구 대정로 10 (대정동)
대전 유성 썸,5,깔끔하고 좋아용 굿굿,2024.07.29,"80,000",대전광역시 유성구 대정로 10 (대정동)
대전 유성 썸,5,시설ㄸ깨끗하고 좋아고요,2024.07.21,"80,000",대전광역시 유성구 대정로 10 (대정동)
대전 유성 썸,5,편안하고 좋았던거 같습니다,2024.07.18,"80,000",대전광역시 유성구 대정로 10 (대정동)
대전 유성 썸,5,딱 자기 좋았습니다.,2024.07.10,"80,000",대전광역시 유성구 대정로 10 (대정동)
대전 유성 썸,5,잘쉬다가요.....,2024.07.08,"80,000",대전광역시 유성구 대정로 10 (대정동)
대전 유성 썸,5,잘쉬다가요.....,2024.07.08,"80,000",대전광역시 유성구 대정로 10 (대정동)
대전 유성 썸,5,덕분에 편안히 쉬었어요.,2024.07.04,"80,000",대전광역시 유성구 대정로 10 (대정동)
대전 유성 썸,4,락스냄새가 난거 빼고는 깨끗하고 좋았어요,2024.07.02,"80,000",대전광역시 유성구 대정로 10 (대정동)
대전 유성 썸,5,"다 괜찮았는데 만원 바우처는 왜 안주나요?
추가로 연락주셔서 받았습니당",2024.06.30,"80,000",대전광역시 유성구 대정로 10 (대정동)
대전 유성 썸,4,다시 방문하고 싶어요,2024.06.29,"80,000",대전광역시 유성구 대정로 10 (대정동)
대전 유성 썸,5,청결도 괜찮고 주변도 조용하고 밥 먹기도 괜찮고 강추네요,2024.06.28,"80,000",대전광역시 유성구 대정로 10 (대정동)
대전 유성 썸,5,잘 쉬다 갑니다...,2024.06.27,"80,000",대전광역시 유성구 대정로 10 (대정동)
대전 유성 썸,5,시설이 좋고 청결이 좋아요,2024.06.23,"80,000",대전광역시 유성구 대정로 10 (대정동)
대전 유성 썸,5,"침대가 좋아 편안했고 룸 청결했으며, 공간이 적당히 넓어
잘 쉬고 왔습니다.",2024.06.22,"80,000",대전광역시 유성구 대정로 10 (대정동)
대전 유성 썸,5,"친절하고 꿀잠 잤어요
출장오시면 추천",2024.06.22,"80,000",대전광역시 유성구 대정로 10 (대정동)
대전 유성 썸,5,잘이용했습니다...,2024.06.22,"80,000",대전광역시 유성구 대정로 10 (대정동)
대전 유성 썸,5,잘이용했습니다.. .,2024.06.22,"80,000",대전광역시 유성구 대정로 10 (대정동)
대전 유성 썸,4,잘이용했습니다. ..,2024.06.22,"80,000",대전광역시 유성구 대정로 10 (대정동)
대전 유성 썸,5,편히 잘 이용했습니다.,2024.06.15,"80,000",대전광역시 유성구 대정로 10 (대정동)
대전 유성 썸,5,잘쉬었다가 갑니닿ㅎ,2024.06.11,"80,000",대전광역시 유성구 대정로 10 (대정동)
대전 유성 썸,5,시설이 좋고 청결이 좋아요,2024.06.07,"80,000",대전광역시 유성구 대정로 10 (대정동)
대전 유성 썸,5,잘 쉬다 갑니다 수고하세요,2024.06.05,"80,000",대전광역시 유성구 대정로 10 (대정동)
대전 유성 썸,5,잘이용했습니다 감사합니다,2024.06.05,"80,000",대전광역시 유성구 대정로 10 (대정동)
대전 유성 썸,5,잘이용했습니다 감사합니다,2024.06.05,"80,000",대전광역시 유성구 대정로 10 (대정동)
대전 유성 썸,5,잘이용했습니다.감사합니다,2024.06.05,"80,000",대전광역시 유성구 대정로 10 (대정동)
대전 유성 썸,4,그저 준수한 정도의 모텔이었다.,2024.06.05,"80,000",대전광역시 유성구 대정로 10 (대정동)
대전 유성 썸,5,가격대비 좋습니다 잘 쉬다갑니당!,2024.06.01,"80,000",대전광역시 유성구 대정로 10 (대정동)
대전 유성 썸,5,시설이 좋고 청결이ㅜ좋아요,2024.05.27,"80,000",대전광역시 유성구 대정로 10 (대정동)
대전 유성 썸,5,잘 이용했습니다. 감사합니다,2024.05.25,"80,000",대전광역시 유성구 대정로 10 (대정동)
대전 유성 썸,5,잘 이용했습니다. 감사합니다,2024.05.25,"80,000",대전광역시 유성구 대정로 10 (대정동)
대전 유성 썸,5,잘 이용했습니다. 감사합니다,2024.05.25,"80,000",대전광역시 유성구 대정로 10 (대정동)
대전 유성 썸,5,일 때문에 자주 들리는 모텔인데 아주 맘에 드네요 직원분들도 친절하기고 좋네요~,2024.05.20,"80,000",대전광역시 유성구 대정로 10 (대정동)
대전 유성 썸,5,저렴하게 이용할수 있는 수준 준수한 호텔,2024.05.20,"80,000",대전광역시 유성구 대정로 10 (대정동)
대전 유성 썸,5,깨끗하고 직원분들이 항상 친절하셔서 좋아요,2024.05.20,"80,000",대전광역시 유성구 대정로 10 (대정동)
대전 유성 썸,5,깔끔하고 좋았습니다!!,2024.05.20,"80,000",대전광역시 유성구 대정로 10 (대정동)
대전 유성 썸,5,"항상 친절하고 깨끗해서 좋아요 
추천합니다ㅎㅎ",2024.05.20,"80,000",대전광역시 유성구 대정로 10 (대정동)
대전 유성 썸,5,출장 와서 편하게 쉬다가 갑니다,2024.05.20,"80,000",대전광역시 유성구 대정로 10 (대정동)
대전 유성 썸,5,너무 맘에 들었어요~~,2024.05.20,"80,000",대전광역시 유성구 대정로 10 (대정동)
대전 유성 썸,5,"너무조아요
담에또이용할께요",2024.05.20,"80,000",대전광역시 유성구 대정로 10 (대정동)
대전 유성 썸,5,무난하게 하루쉬기 좋았습니다,2024.05.20,"80,000",대전광역시 유성구 대정로 10 (대정동)
대전 유성 썸,5,깨끗하고 직원분이 친절하네요,2024.05.20,"80,000",대전광역시 유성구 대정로 10 (대정동)
대전 유성 썸,5,깨끗하고 나쁘지않습니다!,2024.05.20,"80,000",대전광역시 유성구 대정로 10 (대정동)
대전 유성 썸,5,"주차편하고 객실, 침구 깔끔해서 편하게 잘 쉬고 갑니다!",2024.05.20,"80,000",대전광역시 유성구 대정로 10 (대정동)
대전 유성 썸,5,잘 놀다갑니다 커피 맛집 숙소,2024.05.20,"80,000",대전광역시 유성구 대정로 10 (대정동)
대전 유성 썸,5,만족합니다 추천합니다,2024.05.20,"80,000",대전광역시 유성구 대정로 10 (대정동)
대전 유성 썸,5,가성비가 좋아용~~ 굿,2024.05.20,"80,000",대전광역시 유성구 대정로 10 (대정동)
대전 유성 썸,5,잘쉬었습니다!!! 깔끔한 숙소입니다,2024.05.20,"80,000",대전광역시 유성구 대정로 10 (대정동)
대전 유성 썸,5,잘쉬었습니다!!!!,2024.05.20,"80,000",대전광역시 유성구 대정로 10 (대정동)
대전 유성 썸,5,굳굳굳굳굳굳굳굳굳굳ㄷ,2024.05.19,"80,000",대전광역시 유성구 대정로 10 (대정동)
대전 유성 썸,5,"일때문에 예약했는데 좋았어요
담에 또 방문할게요",2024.05.19,"80,000",대전광역시 유성구 대정로 10 (대정동)
대전 유성 썸,5,시설이 좋고 청결이 좋아요,2024.05.13,"80,000",대전광역시 유성구 대정로 10 (대정동)
대전 유성 썸,4,방도 좋고 넷플보면서 쉴 수 있어서 좋앗어요,2024.05.06,"80,000",대전광역시 유성구 대정로 10 (대정동)
대전 유성 썸,5,술집이 유성온천역쩍에잇어서 조금아쉽지만 근방에서는 제일깔끔하거 좋았어요,2024.05.06,"80,000",대전광역시 유성구 대정로 10 (대정동)
대전 유성 썸,5,완전 펀해요!!강추,2024.05.01,"80,000",대전광역시 유성구 대정로 10 (대정동)
대전 유성 썸,5,편안하게 보냈습니다.,2024.04.29,"80,000",대전광역시 유성구 대정로 10 (대정동)
대전 유성 썸,5,"정말 깨끗하네요 잘 쉬다왔습니다 
흠이있다면 아침 먹을곳이 마땅치 않더군요",2024.04.27,"80,000",대전광역시 유성구 대정로 10 (대정동)
대전 유성 썸,5,"정말 깨끗하네요 잘 쉬다왔습니다 
흠이있다면 아침 먹을곳이 마땅치 않더군요",2024.04.27,"80,000",대전광역시 유성구 대정로 10 (대정동)
대전 유성 썸,5,"정말 깨끗하네요 잘 쉬다왔습니다 
흠이있다면 아침 먹을곳이 마땅치 않더군요",2024.04.27,"80,000",대전광역시 유성구 대정로 10 (대정동)
대전 유성 썸,5,좋은 방이었습니다. 편하게 쉬고 갑니다.,2024.04.24,"80,000",대전광역시 유성구 대정로 10 (대정동)
대전 유성 썸,5,편히쉬다갑니다!!!!!!!,2024.04.21,"80,000",대전광역시 유성구 대정로 10 (대정동)
대전 유성 썸,4,대전 서남쪽에서 접근성이 좋아요 시설이나 분위기도 괜찮아서 자주 이용할 것 같아요,2024.04.19,"80,000",대전광역시 유성구 대정로 10 (대정동)
대전 유성 썸,4,리모델링하기 전에 왔었는데 훨씬 좋아졌어요 다만 복도의 애매한 냄새는 그대로네요,2024.04.19,"80,000",대전광역시 유성구 대정로 10 (대정동)
대전 유성 썸,5,깨끗하고 편해요,2024.04.16,"80,000",대전광역시 유성구 대정로 10 (대정동)
대전 유성 썸,5,편하게 놀다 갈 수 있어요,2024.04.16,"80,000",대전광역시 유성구 대정로 10 (대정동)
대전 유성 썸,5,깔끔하고 다음에 또 다시 이용하고싶을정도입니다,2024.04.08,"80,000",대전광역시 유성구 대정로 10 (대정동)
대전 유성 썸,5,항상만족중입니다~,2024.03.23,"80,000",대전광역시 유성구 대정로 10 (대정동)
대전 유성 썸,4,편하게 자고 왔습니다.,2024.03.18,"80,000",대전광역시 유성구 대정로 10 (대정동)
대전 유성 썸,5,잘 쉬었다갑니다!,2024.03.13,"80,000",대전광역시 유성구 대정로 10 (대정동)
대전 유성 썸,4,쫌 추웠어요 그것 빼고는 좋았습니다,2024.03.11,"80,000",대전광역시 유성구 대정로 10 (대정동)
대전 유성 썸,5,깨끗합니다,2024.03.11,"80,000",대전광역시 유성구 대정로 10 (대정동)
대전 유성 썸,5,쉬었다 가기 좋습니다,2024.03.10,"80,000",대전광역시 유성구 대정로 10 (대정동)
대전 유성 썸,5,조용히 쉬기 좋습니다,2024.03.08,"80,000",대전광역시 유성구 대정로 10 (대정동)
대전 유성 썸,5,깔끔햇어요,2024.03.05,"80,000",대전광역시 유성구 대정로 10 (대정동)
대전 유성 썸,5,좋았습니다,2024.03.04,"80,000",대전광역시 유성구 대정로 10 (대정동)
대전 유성 썸,5,잘 쉬다왔네요,2024.03.04,"80,000",대전광역시 유성구 대정로 10 (대정동)
대전 유성 썸,5,잘쉬다 갑니다.,2024.02.29,"80,000",대전광역시 유성구 대정로 10 (대정동)
대전 유성 썸,4,나쁘지 않았어요,2024.02.28,"80,000",대전광역시 유성구 대정로 10 (대정동)
대전 유성 썸,5,"다좋은데 비품을 따로 구매해야되네요
그래도 좋은곳이네요~",2024.02.15,"80,000",대전광역시 유성구 대정로 10 (대정동)
대전 유성 썸,5,직원분이 친절하고 방이 깨끗하해요,2024.02.13,"80,000",대전광역시 유성구 대정로 10 (대정동)
대전 유성 썸,5,직원분이 친절하고 방이 깨끗하해요,2024.02.13,"80,000",대전광역시 유성구 대정로 10 (대정동)
대전 유성 썸,5,직원분이 친절하고 방이 깨끗하해요,2024.02.13,"80,000",대전광역시 유성구 대정로 10 (대정동)
대전 유성 썸,5,담배 냄새가 없어서 좋아요~잘 관리되어진 숙소에요..스타일러도 있어서 좋았어요~^^,2024.02.11,"80,000",대전광역시 유성구 대정로 10 (대정동)
대전 유성 썸,5,너무 좋아요,2024.02.09,"80,000",대전광역시 유성구 대정로 10 (대정동)
대전 유성 썸,4,비품을 주세요ㅋㅋㅋㅋ,2024.02.09,"80,000",대전광역시 유성구 대정로 10 (대정동)
대전 유성 썸,4,괜찮게 이용함,2024.02.07,"80,000",대전광역시 유성구 대정로 10 (대정동)
대전 유성 썸,5,깨끗하고 좋았어요,2024.02.02,"80,000",대전광역시 유성구 대정로 10 (대정동)
대전 유성 썸,5,방은 정말 깨끗한 편이에요~,2024.01.18,"80,000",대전광역시 유성구 대정로 10 (대정동)
대전 유성 썸,5,깔끔했어요ㅔ,2024.01.12,"80,000",대전광역시 유성구 대정로 10 (대정동)
대전 유성 썸,5,깔끔하고 좋았습니다,2024.01.09,"80,000",대전광역시 유성구 대정로 10 (대정동)
대전 유성 썸,5,좋아요~~~~,2023.12.27,"80,000",대전광역시 유성구 대정로 10 (대정동)
대전 유성 썸,5,좋았어요오,2023.12.21,"80,000",대전광역시 유성구 대정로 10 (대정동)
대전 유성 썸,4,"장점: 깨끗하고 넓은방

단점: 온수가 느림

전체적으로는 만족",2023.12.14,"80,000",대전광역시 유성구 대정로 10 (대정동)
대전 유성 썸,4,잘자고갑니다,2023.12.13,"80,000",대전광역시 유성구 대정로 10 (대정동)
대전 유성 썸,5,깔끔하고 청결합니다.,2023.12.10,"80,000",대전광역시 유성구 대정로 10 (대정동)
대전 유성 썸,5,다 좋은데 진짜 너무 더웠어요 찜질방인줄ㅜㅜ,2023.12.09,"80,000",대전광역시 유성구 대정로 10 (대정동)
대전 유성 썸,5,시설이 깨끗하고 좋았습니다,2023.12.04,"80,000",대전광역시 유성구 대정로 10 (대정동)
