hotel,star,review,date,price,address
대전 용전 아이,5,방이 생각했던 것과 달리 매우 컸고 욕조도 매우 커서 좋았어요 무엇보다 욕조가 매우 깨끗했어요 보통 욕조 벽에 물이 맺히기 마련인데 물 맺힘이 덜 했어요,2024.05.20,"25,000",대전광역시 동구 한밭대로1316번길 11 (용전동)
대전 용전 아이,5,사진으로 볼 때 방이 너무 넓어서 사진만 그렇게 찍은 줄 알았는데 정말 어마어마하게 넓어서 가족단위 방문하셔도 넘 거뜬해 보임 욕조도 엄청 큼,2024.08.14,"25,000",대전광역시 동구 한밭대로1316번길 11 (용전동)
대전 용전 아이,4,"넓고 좋습니다.
화장실 변기만 따로 있는곳은 처음보네요~
담배냄새가 조금 나기는 했지만
그부분만 빼면 매우 만족스러웠습니다.",2024.04.14,"25,000",대전광역시 동구 한밭대로1316번길 11 (용전동)
대전 용전 아이,4,"막 역하고 그런 냄새는 아닌데 특유의 냄새가 약간 있었어요
그것 말고는 나름 다 괜찮았습니다.",2024.09.30,"25,000",대전광역시 동구 한밭대로1316번길 11 (용전동)
대전 용전 아이,4,기본으로 주는 수건이 3장이어서 추가로 신청을 해야 주어서 그부분이 조금 아쉬웠고 나머지는 괜찮았습니다,2024.03.31,"25,000",대전광역시 동구 한밭대로1316번길 11 (용전동)
대전 용전 아이,5,"세면대,욕조가 막혀서 잘 안내려가요
싼 값에 하루 자기는 괜찮아요 
장판도 잇고 후끈해서 따뜻하게 잘 잤습니다",2024.03.31,"25,000",대전광역시 동구 한밭대로1316번길 11 (용전동)
대전 용전 아이,4,청소 아주머니께서 연박이냐며 수건도 물도 챙겨주시고..ㅋㅋㅋ 너무 친절하셨어요. 방은 살짝 촌스럽지만 정겹고 침대도 넓어서 잠도 잘 왔답니다..ㅎㅎ 다만 청결상태가 아쉬웠네요ㅠㅠ 그래도 잘 놀고 가요!!,2024.07.22,"25,000",대전광역시 동구 한밭대로1316번길 11 (용전동)
대전 용전 아이,4,"침대는 푹신한편은 아니었고, 수압은 조금 약했습니다.
인포 직원분은 친절하셨고, 예약시간 30분 전에 체크인 했네요. 그외엔 무난했습니다.",2024.05.20,"25,000",대전광역시 동구 한밭대로1316번길 11 (용전동)
대전 용전 아이,5,"ㅜㅜ사장님 저희 여기
달에 1-2번은 꼭가는데. ..어제는
물도없꾸 청소잘안하셨는지ㅜㅜ남이쓰던칫 솔도 그대루구 ㅜㅜ조금 실망햇어요",2024.04.08,"25,000",대전광역시 동구 한밭대로1316번길 11 (용전동)
대전 용전 아이,2,"처음 배정받은 방은 머리카락이 굴러다니는 등 청결도가 좋지않았습니다.
카운터에 요청하여 새로운 방으로 변경해주셨습니다.
더 좋은 방으로 변경해주셨는데 (테라스 있는 방)
그 방에 모기가 있어서 힘들었습니다.",2024.05.27,"25,000",대전광역시 동구 한밭대로1316번길 11 (용전동)
대전 용전 아이,5,넘 좋아서 거의 주말마다 이용해요 ㅎㅎ,2024.11.01,"25,000",대전광역시 동구 한밭대로1316번길 11 (용전동)
대전 용전 아이,3,저렴한가성비 숙소입니다. 하루 잘 보내고 왔습니다.,2024.10.28,"25,000",대전광역시 동구 한밭대로1316번길 11 (용전동)
대전 용전 아이,4,숙소도 넓고 편히 자고 왔습니다.,2024.10.06,"25,000",대전광역시 동구 한밭대로1316번길 11 (용전동)
대전 용전 아이,4,침구가 깨끗하고 베개가 편해서 잘 잤습니다.,2024.10.02,"25,000",대전광역시 동구 한밭대로1316번길 11 (용전동)
대전 용전 아이,5,굉장히 넓고 침대도편합니다 잘쉬고갑니다,2024.09.30,"25,000",대전광역시 동구 한밭대로1316번길 11 (용전동)
대전 용전 아이,4,잘 쉬었다가 갑니다.,2024.09.18,"25,000",대전광역시 동구 한밭대로1316번길 11 (용전동)
대전 용전 아이,4,잘 있다왔어요. 다만 한가지 의자교체 했으면 합니다. 의자 다리가 떨어져 있어요,2024.09.11,"25,000",대전광역시 동구 한밭대로1316번길 11 (용전동)
대전 용전 아이,5,"친절하셔서 편히 쉬다 갑니다 
연박해서 2일 편하게 있었어요",2024.08.18,"25,000",대전광역시 동구 한밭대로1316번길 11 (용전동)
대전 용전 아이,5,"방이 매우 넓어서 좋았어요 
욕실과 화장실 분리되어있어 괜찮아요",2024.07.24,"25,000",대전광역시 동구 한밭대로1316번길 11 (용전동)
대전 용전 아이,5,가성비 굿굿 조용하고 잘쉬다갑니다,2024.07.15,"25,000",대전광역시 동구 한밭대로1316번길 11 (용전동)
대전 용전 아이,5,넒고 좋아요 더운여름에는 조금 더울수있으니 참고하세요,2024.07.15,"25,000",대전광역시 동구 한밭대로1316번길 11 (용전동)
대전 용전 아이,5,다음에 또 이용할께요,2024.07.08,"25,000",대전광역시 동구 한밭대로1316번길 11 (용전동)
대전 용전 아이,5,하늘도 보이고 베란다도 있고 좋아요~~!!!!!!!!!!,2024.06.25,"25,000",대전광역시 동구 한밭대로1316번길 11 (용전동)
대전 용전 아이,5,언제가든 항상 편하고 집같이 잘지내다갑니다~~~,2024.06.25,"25,000",대전광역시 동구 한밭대로1316번길 11 (용전동)
대전 용전 아이,5,좋았다고 하네요~^^,2024.06.24,"25,000",대전광역시 동구 한밭대로1316번길 11 (용전동)
대전 용전 아이,5,간만에 잘놀다갑니다ㅎ,2024.06.21,"25,000",대전광역시 동구 한밭대로1316번길 11 (용전동)
대전 용전 아이,5,출장와서 잘쉬고 갑니다,2024.06.18,"25,000",대전광역시 동구 한밭대로1316번길 11 (용전동)
대전 용전 아이,4,괨찬아ㅛ어여ㅎㅎㅎㅎㅎㅎ,2024.06.17,"25,000",대전광역시 동구 한밭대로1316번길 11 (용전동)
대전 용전 아이,5,괜찮았다고 하네요~^^,2024.05.27,"25,000",대전광역시 동구 한밭대로1316번길 11 (용전동)
대전 용전 아이,5,예전보다 좋아지고 있어서 만족합니다.,2024.05.27,"25,000",대전광역시 동구 한밭대로1316번길 11 (용전동)
대전 용전 아이,4,고데기 고장낫더라구요…ㅜ,2024.05.19,"25,000",대전광역시 동구 한밭대로1316번길 11 (용전동)
대전 용전 아이,5,괜찮고 좋았습니다ㅎ,2024.05.15,"25,000",대전광역시 동구 한밭대로1316번길 11 (용전동)
대전 용전 아이,5,자주갑니다 좋아요.,2024.05.13,"25,000",대전광역시 동구 한밭대로1316번길 11 (용전동)
대전 용전 아이,4,깨끗해서 잘 쉬고 왔어요,2024.05.12,"25,000",대전광역시 동구 한밭대로1316번길 11 (용전동)
대전 용전 아이,5,테라스룸좋네여 담에또,2024.05.07,"25,000",대전광역시 동구 한밭대로1316번길 11 (용전동)
대전 용전 아이,4,수압이 약한거 빼면 전반적으로 만족합니다.,2024.05.01,"25,000",대전광역시 동구 한밭대로1316번길 11 (용전동)
대전 용전 아이,5,숙소 넓고 수압 좋고 침대가 커서 좋았어요!!,2024.04.29,"25,000",대전광역시 동구 한밭대로1316번길 11 (용전동)
대전 용전 아이,4,청결하여 잘 보내고 왔어요,2024.04.22,"25,000",대전광역시 동구 한밭대로1316번길 11 (용전동)
대전 용전 아이,5,이번주말은 예약이 안되나요?예약이 막혀있네요🙁,2024.04.09,"25,000",대전광역시 동구 한밭대로1316번길 11 (용전동)
대전 용전 아이,5,방도깨끗하고 잘쉬다왔습니다,2024.04.01,"25,000",대전광역시 동구 한밭대로1316번길 11 (용전동)
대전 용전 아이,5,시설 깔끔하고 좋았습니다,2024.03.27,"25,000",대전광역시 동구 한밭대로1316번길 11 (용전동)
대전 용전 아이,5,깨끗하고좋아요,2024.03.26,"25,000",대전광역시 동구 한밭대로1316번길 11 (용전동)
대전 용전 아이,4,청소 잘좀 부탁드려요..,2024.03.26,"25,000",대전광역시 동구 한밭대로1316번길 11 (용전동)
대전 용전 아이,5,굿굿 추천모텔,2024.03.25,"25,000",대전광역시 동구 한밭대로1316번길 11 (용전동)
