hotel,star,review,date,price,address
대전 월평 하니,5,항상올때마다 만족해서 자주오게되고 여기만오게되요.근처맛집이 많아서 더 좋아요.주차는 앞에건물에 해야되지만 주차자리넉넉해서 좋아요.,2023.08.06,"21,750",대전광역시 서구 월평북로 88-16
대전 월평 하니,5,"친절함100점, 난방100점, 인테리어 노후되어 보이지만 고데기, 드라이기 있고 드라이기도 큰 드라이기. 수건에서 냄새 안나는 모텔은 처음 .. 보송보송 하고 냄새 하나도 안남. 다 좋은데 솔직히 방음은 잘 안되긴 함.. ㅠㅠ 사장님 친절도 1000000점 드리고 싶네요",2023.03.13,"21,750",대전광역시 서구 월평북로 88-16
대전 월평 하니,5,항상 묵는 곳이에요 ㅎㅎ 사장님 친절하시고 방 아늑하고 따듯히고 정말 너무 좋아요!,2023.11.13,"21,750",대전광역시 서구 월평북로 88-16
대전 월평 하니,5,"방이 넓고 깨끗해요. 침구에 냄새도 안나고요
방이 따뜻해서 더울정도예요.
모텔 맞은편 상가건물에 주차해야하는데 오히려 더 좋은거 같기도 하네요. 호호. 주차장 넓어요.
카운터 앞에 커피내려서 계란이랑 식빵으로 열량보충도 했네요. 호호호. 
사장님 인상 좋으셔요. 친절하셔요. ^_^~",2024.01.06,"21,750",대전광역시 서구 월평북로 88-16
대전 월평 하니,5,"주차장이 넓어서 편해요 ~ 근처에 식당도 많고 위치가 좋아요 .
방이 큰편이고 이불도 깨끗했어요 . 화장실도 냄새 안나고 깨끗하고~
무료 간식이 있어서 좋네요 구운계란과 식빵.ㅎㅎ
사장님도 친절하시네요 . . ☆ 번창하세요 ☆",2024.01.05,"21,750",대전광역시 서구 월평북로 88-16
대전 월평 하니,5,친절히 응대해주시고 방도 연식이 좀 되었지만 설비도 좋고 쾌적해요! 난방은 잘 모르겠지만 냉방은 잘 되는 편입니다! 덕분에 잘 쉬다가 가요!,2024.09.24,"21,750",대전광역시 서구 월평북로 88-16
대전 월평 하니,4,"가성비좋아 가끔 이용하는데 룸환기가 안되고 주차장에서 숙소가 떨어져있는게 다소 불편하고, 새벽에 청소소리가 잠을 설치게 하네요!
그런대로 괜찮은곳!",2024.03.15,"21,750",대전광역시 서구 월평북로 88-16
대전 월평 하니,5,"사장님께서 넘 친절하셔서 맘편히 쉬다가 가욤^^
방 안 춥냐고 챙겨주시고 방도 깨끗했어용 ㅎㅎ
식빵이랑 계란도 있고 담에 또 이용할게용",2023.12.29,"21,750",대전광역시 서구 월평북로 88-16
대전 월평 하니,5,사정상 일찍 체크인 할 수 밖에 없었는데 일찍 받아주시고 시설도 너무 좋아요 2번째 이용했는데 다음에 또 올게요!,2024.01.28,"21,750",대전광역시 서구 월평북로 88-16
대전 월평 하니,5,주차장이 넓어서 편합니다. 근처에 식당도 많고 밥 해결하기 좋았어요. 번화가라서 위치가 좋습니다. 주변에 구경할게 많네요.,2023.12.28,"21,750",대전광역시 서구 월평북로 88-16
대전 월평 하니,5,"너무 시설이 깨끗하고 좋은거 같아요~~
무엇보다 사장님께서 친절하셔서 기분좋게 다녀갑니다.",2024.08.06,"21,750",대전광역시 서구 월평북로 88-16
대전 월평 하니,5,조아요조아요조아요조아요조아요조아요조아요조아요조아요조아요조아요조아요조아요조아요조아요조아요조아요조아요조아요조아요조아요조아요조아요조아요조아요조아요조아요조아요조아요조아요조아요조아요조아요조아요조아요조아요조아요조아요조아요조아요조아요조아요,2023.12.13,"21,750",대전광역시 서구 월평북로 88-16
대전 월평 하니,5,"우선 사장님이 정말 친절하십니다.
방도 깨끗하고 좋습니다. 음..솔직하게 단점이라면 창문이 없다는것? 다른방은 모르겠으나 제가 머물렀던 방은 창문이 없어서 약간 답답한 ㅎㅎ 주차도 건물건너편이라 사람에따라 불편할순 있겠으나. 공간이 넓은 편이어서 괜찮았습니다.
아~ 사장님 깜빡잊고 놓고간 점퍼 종이백에 챙겨주셔서 감사합니다~^^",2024.10.06,"21,750",대전광역시 서구 월평북로 88-16
대전 월평 하니,5,사장님 너무나 친절하고 방도 최신인테리어는 아니지만 깔끔해서 지낼만 합니다ㅎㅎ근데 컴퓨터 세팅은 좀 바꿔야 할 것 같아요..게이밍pc인데 런쳐가 없어서 모든 게임들 설치하고 시작해야합니다 치명적인건 재부팅하면 리셋되도록 되어있는데 어지간한 게임들 설치하면 재부팅이 필요해서 할 수가 없습니다..재부팅하면 설치했던게 사라져버리니 그게 좀 아쉽네요 성능은 게이밍인데 프로그램이 사무용이에요,2024.05.06,"21,750",대전광역시 서구 월평북로 88-16
대전 월평 하니,4,"가성비, 위치ㅡ인근의 식당 및 접근성 좋습니다. 다만 세련되거나 화려하지는 않은 가정집 같은 소박한 숙소입니다.",2024.03.28,"21,750",대전광역시 서구 월평북로 88-16
대전 월평 하니,5,사정이 생겨서 숙박을 못하고 중간에 나와서 아쉽긴합니다만 사장님 매우 친절하시고 룸 컨디션도 나쁘지 않았습니다! 또 방문할게요:),2024.07.19,"21,750",대전광역시 서구 월평북로 88-16
대전 월평 하니,5,잘 쉬고 갑니다. 스탠다드는 아래쪽에 쓰여 있듯이 창문이 없고 대신 공기청정기가 있습니다.,2024.07.19,"21,750",대전광역시 서구 월평북로 88-16
대전 월평 하니,2,"* 혐오스러울수도 있어서 첫번째 사진은 상관없는 사진으로 올렸습니다.

장점
- 숙소 가격은 저렴한편.
- 가격대비 객실상태도 나쁘지않음.
- 사장님 친절함.

단점
- 배드버그가 있는지 자고 일어나서 온몸에 진물이 생김.
- 처음 입실했을때 침대 배게 쪽에 머리카락 남아있었음.
- 숙소내 금연이지만 담배냄새가 미약하게 남.
- 숙소가 구석진곳으로 밤에 혼자가기 꺼려짐.",2024.05.26,"21,750",대전광역시 서구 월평북로 88-16
대전 월평 하니,4,"매번 이용하지만 주차장이 숙소와 떨어진것하고 룸에 창이 작아 답답함~ 냉장고가 전혀 안됨.
그밖에는 괜찮은곳이라 생각됨",2024.03.25,"21,750",대전광역시 서구 월평북로 88-16
대전 월평 하니,2,"따뜻한 물 나오는데 1분걸립니다.침대가 더럽고,바닥이 더러웠어요.방은 추웠어요.주말가격 80000원 내고 다시는 오고싶지 않아요.",2024.05.12,"21,750",대전광역시 서구 월평북로 88-16
대전 월평 하니,5,"압도적으로 저렴한 금액에 편하게 쉴 수 있는 곳입니다.
상가 4,5층에 위치해있으며, 벽지나 장판, 샷시 등에서 오래된 건물이구나 싶은 느낌은 들어요.
그렇지만 들어갔을때 고온세탁된 수건냄새가 은은하게 났고, 어메니티도 머리끈과 일회용 샤워타올과 비누 등 필요한건 다 들어있었어요!
음료수는 없었지만 객실에 아주 차게 잘 냉각된 물이 3병 있었고, 4층 로비에 있는 식빵과 계란이 출출하지 않게 해줘서 기분이 좋았네요ㅋㅋ

티비는 유튜브, 넷플, 웨이브 등 되는 스마트 티비였던것같은데 유튜브만 봐서 다른게 제대로 작동하는지는 모르겠네요ㅠ

암튼 무드와 감성을 정말 중요하게 생각하는 커플이면 모를까 일단 편안하게 잠만 잘 침대만 있으면 된다! 싶으면 전 언제든 선택할것같아요.

다음에 또 이용할 의사 있습니다~~",2023.10.02,"21,750",대전광역시 서구 월평북로 88-16
대전 월평 하니,5,"상권좋은곳에 위치했어요.근처에 밥이랑 술먹을곳이 
많아좋아요. 겉모습은 모텔같지않지만 안엔 다른모텔처럼 좋아요.가격도 비싸지않아서 더 좋아요.거기에 서비스도 좋아요.항상가면 4층에 밥솥에있는맥반석계란을챙겨먹어요.제대로 된 맥반석계란이예요. 가끔 입심심할땐 팝콘도 챙겨가서 먹지요.아직까진 토스트는 해먹진 않았지만 토스트에발라먹는딸기잼도있어요. 아주만족하면서 이용하고있습니다.",2023.07.04,"21,750",대전광역시 서구 월평북로 88-16
대전 월평 하니,4,주차장에 대한 설명을 사전에 확인할 수 있으면 더 좋을 것 같아요! 방은 무난했고 사장님 친절하셨습니다~,2023.10.17,"21,750",대전광역시 서구 월평북로 88-16
대전 월평 하니,5,"오래된 모텔이지만 정말 깔끔했어요!
후기를 봐도 의심이 됐는데 갔다와보니 정말 찐입니다ㅎㅎ
에어컨도 먼지없이 깨끗했고 침대도 푹신했고 수압도 좋았어요!!!!",2023.10.03,"21,750",대전광역시 서구 월평북로 88-16
대전 월평 하니,4,"천장이나 화장실이 좀 낡은 감이 있었지만 그 외에 침구류, 벽지와 바닥 청결상태, 어메니티 모두 좋았습니다. 냄새에 민감한 편인데, 금연실이라 그런지 에어컨에서도 냄새가 안나서 좋았어요. 창문은 없었지만 꿉꿉한 느낌은 없었습니다. 방음은 조금 덜 되지만 뭐.. 늦은 시간이라 금방 조용해졌습니다.화장실이 우리집 화장실보다 넓었어요. 넷플릭스 이용 가능이 이벤트 란에만 적혀있던데 상품 설명에도 적혀있으면 좋을 것 같아요. 모텔에 키보드가 LED 키보드인건 처음보는데 피곤해서 사용을 못해봐 아쉬웠습니다. 출장와서 급하게 자리잡았는데 근처에 다이소도 있고 위치가 외진 곳도 아니라 만족했습니다. 아침에 계란 한 알 잘 먹고 나왔습니다. 침대도 커서",2023.08.11,"21,750",대전광역시 서구 월평북로 88-16
대전 월평 하니,3,"사장님이 엄청 친절하시고, 가격이 저렴하나...

그것 외엔... 좀... 많이 그래요... 창문도 없고... 시트도 무엇인지 모를 파란 얼룩에... 방음도 별로고... 

그래도 저렴하닌깐요... 암튼 그럼...",2023.01.30,"21,750",대전광역시 서구 월평북로 88-16
대전 월평 하니,1,화장실에서 냄새가 썩은냄새가 나아서 머리가 아플정도고요. 주변에 사람들이 말하는거 다들리고요. 진짜 별로였습니다.,2023.10.12,"21,750",대전광역시 서구 월평북로 88-16
대전 월평 하니,3,욕실크고 다 좋은데 객실 담배냄새가 많이나요,2024. 11. 14,"21,750",대전광역시 서구 월평북로 88-16
대전 월평 하니,1,"침대 더러움, 베개 냄새남, 방음 안됨",2024. 11. 13,"21,750",대전광역시 서구 월평북로 88-16
대전 월평 하니,5,🩷🩷🩷🩷🩷🩷🩷🩷🩷🩷🩷🩷🩷🩷🩷,2024.11.01,"21,750",대전광역시 서구 월평북로 88-16
대전 월평 하니,5,덕분에 잘 쉬다가 가요!,2024.10.25,"21,750",대전광역시 서구 월평북로 88-16
대전 월평 하니,5,늘 친절하게 응대해주셔서 잘 쉬다가는 곳입니다!,2024.10.25,"21,750",대전광역시 서구 월평북로 88-16
대전 월평 하니,5,덕분에 늘 편히 쉬다 가요!,2024.10.22,"21,750",대전광역시 서구 월평북로 88-16
대전 월평 하니,5,1234567890,2024.10.20,"21,750",대전광역시 서구 월평북로 88-16
대전 월평 하니,5,주차장이 넓어서 좋아요,2024.10.18,"21,750",대전광역시 서구 월평북로 88-16
대전 월평 하니,5,맨날 출장가면 가면 가는곳입니다~편합니다~,2024.10.06,"21,750",대전광역시 서구 월평북로 88-16
대전 월평 하니,5,좋습니다 잘 이용했습니다,2024.10.01,"21,750",대전광역시 서구 월평북로 88-16
대전 월평 하니,5,덕분에 잘 쉬다가 가요!,2024.09.26,"21,750",대전광역시 서구 월평북로 88-16
대전 월평 하니,5,잘쉬었다갑니다.!!!,2024.09.10,"21,750",대전광역시 서구 월평북로 88-16
대전 월평 하니,5,좋아요 깔끔해요 또 방문의사있음,2024.09.05,"21,750",대전광역시 서구 월평북로 88-16
대전 월평 하니,5,먹거리가 있어서 좋아요,2024.09.01,"21,750",대전광역시 서구 월평북로 88-16
대전 월평 하니,5,친절&가성비 👍👍👍👍👍,2024.08.24,"21,750",대전광역시 서구 월평북로 88-16
대전 월평 하니,5,자주 이용하는데 늘 좋아요 ~ 가격만 저렴했으면 더욱 좋았을듯 ㅎㅎ,2024.08.12,"21,750",대전광역시 서구 월평북로 88-16
대전 월평 하니,5,가성비 좋고 아주 좋아요~,2024.08.12,"21,750",대전광역시 서구 월평북로 88-16
대전 월평 하니,5,스타일러가 있어서 좋아요,2024.08.09,"21,750",대전광역시 서구 월평북로 88-16
대전 월평 하니,5,자주 가는데 사장님도 친절하고 방도 깨끗해서 넘 조아용 다만 좀 비싸다는점 ㅠㅠ,2024.08.08,"21,750",대전광역시 서구 월평북로 88-16
대전 월평 하니,2,청결치 못함이 조금 아쉬웠음,2024.08.06,"21,750",대전광역시 서구 월평북로 88-16
대전 월평 하니,5,잘 잘고 푹 쉬었습니다.,2024.08.04,"21,750",대전광역시 서구 월평북로 88-16
대전 월평 하니,2,위치는 좋았으나 가격에 비해 시설이 좋지는 않다고 생각합니다,2024.07.22,"21,750",대전광역시 서구 월평북로 88-16
대전 월평 하니,5,"청소도 굉장히 깔끔하게 해 주시고, 비품구성도 좋고, 응대가 매우 친절하십니다.",2024.07.19,"21,750",대전광역시 서구 월평북로 88-16
대전 월평 하니,5,깨끗해요 위치도 좋아요,2024.07.18,"21,750",대전광역시 서구 월평북로 88-16
대전 월평 하니,5,3번째 방문입니다 :) 사장님 너무 친절하셔요,2024.07.10,"21,750",대전광역시 서구 월평북로 88-16
대전 월평 하니,5,"가격대비 너무 좋았습니다.
다음에 가게된다면 또 가고싶습니다!",2024.06.27,"21,750",대전광역시 서구 월평북로 88-16
대전 월평 하니,5,서비스도 좋고 친절하세요,2024.06.19,"21,750",대전광역시 서구 월평북로 88-16
대전 월평 하니,4,시설이 약간 노후된 감이 있지만 위치가 너무 좋아요,2024.06.18,"21,750",대전광역시 서구 월평북로 88-16
대전 월평 하니,5,가성비 좋고 깨끗해요. 사장님도 친절하세요.,2024.06.18,"21,750",대전광역시 서구 월평북로 88-16
대전 월평 하니,5,좋아요 깨끗하고 팝콘맛있아요,2024.06.16,"21,750",대전광역시 서구 월평북로 88-16
대전 월평 하니,4,청결하고 깔끔하고 출장숙소로는 그만입니다,2024.06.15,"21,750",대전광역시 서구 월평북로 88-16
대전 월평 하니,5,편하게 쉬고 푹 잤습니다.,2024.06.04,"21,750",대전광역시 서구 월평북로 88-16
대전 월평 하니,4,좋습니다 또이용예정입니당,2024.06.03,"21,750",대전광역시 서구 월평북로 88-16
대전 월평 하니,5,조용하니 괜찮아요 굿,2024.05.25,"21,750",대전광역시 서구 월평북로 88-16
대전 월평 하니,5,편히 잘쉬다갑니다~^^,2024.05.20,"21,750",대전광역시 서구 월평북로 88-16
대전 월평 하니,5,깨끗해서좋았어요~ 잘쉬다갑니다~,2024.05.16,"21,750",대전광역시 서구 월평북로 88-16
대전 월평 하니,5,친절하고 쉬기 좋았어요,2024.05.15,"21,750",대전광역시 서구 월평북로 88-16
대전 월평 하니,5,편히 잘쉬다갑니다~^^,2024.05.09,"21,750",대전광역시 서구 월평북로 88-16
대전 월평 하니,5,청결하고 서비도 좋아요 진짜 숙소같아용,2024.05.08,"21,750",대전광역시 서구 월평북로 88-16
대전 월평 하니,5,간식으로 계란과 팝콘이있어서 너무좋아요,2024.05.02,"21,750",대전광역시 서구 월평북로 88-16
대전 월평 하니,3,무난하게 좋습니다,2024.04.02,"21,750",대전광역시 서구 월평북로 88-16
대전 월평 하니,4,괜찮았어요,2024.03.24,"21,750",대전광역시 서구 월평북로 88-16
대전 월평 하니,5,"가성비 굳, 계란이랑 빵도 줌",2024.03.18,"21,750",대전광역시 서구 월평북로 88-16
대전 월평 하니,5,가성비 최고,2024.03.11,"21,750",대전광역시 서구 월평북로 88-16
대전 월평 하니,3,충전기 콘센트 엉망... 청소는 잘한거같은데 시설자체가 오래됨,2024.03.10,"21,750",대전광역시 서구 월평북로 88-16
대전 월평 하니,5,잘 쉬다 갑니다~,2024.02.27,"21,750",대전광역시 서구 월평북로 88-16
대전 월평 하니,5,잘수다갑니다,2024.02.27,"21,750",대전광역시 서구 월평북로 88-16
대전 월평 하니,5,잘쉬다가용,2024.02.25,"21,750",대전광역시 서구 월평북로 88-16
대전 월평 하니,5,정말 깔끔하고 컴턷ㅎ 정말 삘라요 아저 좋습니다,2024.02.24,"21,750",대전광역시 서구 월평북로 88-16
대전 월평 하니,4,괜찮았어요,2024.02.24,"21,750",대전광역시 서구 월평북로 88-16
대전 월평 하니,4,괜찮았어요,2024.02.24,"21,750",대전광역시 서구 월평북로 88-16
대전 월평 하니,5,소소한 향복 ㅎㅎㅎ,2024.02.19,"21,750",대전광역시 서구 월평북로 88-16
대전 월평 하니,5,좋은사람과 좋은시간 보냈습니다😊,2024.02.18,"21,750",대전광역시 서구 월평북로 88-16
대전 월평 하니,3,숙소하고 주차장이 떨어져있어 다소 불편하지만 그런데로 괜찮았어요!,2024.02.16,"21,750",대전광역시 서구 월평북로 88-16
대전 월평 하니,4,괜찮았어요,2024.02.11,"21,750",대전광역시 서구 월평북로 88-16
대전 월평 하니,5,잘 쉬다가 갑니다 감사합니다,2024.02.10,"21,750",대전광역시 서구 월평북로 88-16
대전 월평 하니,5,편안하고 좋아요,2024.02.05,"21,750",대전광역시 서구 월평북로 88-16
대전 월평 하니,5,좋았습미다,2024.02.02,"21,750",대전광역시 서구 월평북로 88-16
대전 월평 하니,5,바닥 뜨끈뜨끈해서 푹 잘 수 있었어요 잘 쉬다 갑니다^^,2024.02.02,"21,750",대전광역시 서구 월평북로 88-16
대전 월평 하니,5,청결하고 편하게 쉬다 갑니다 ㅎㅎ,2024.01.29,"21,750",대전광역시 서구 월평북로 88-16
대전 월평 하니,5,정말 깔끔하고 친절하십니다,2024.01.28,"21,750",대전광역시 서구 월평북로 88-16
대전 월평 하니,5,괜찮았어요,2024.01.16,"21,750",대전광역시 서구 월평북로 88-16
대전 월평 하니,5,너무편하고 좋아요,2024.01.15,"21,750",대전광역시 서구 월평북로 88-16
대전 월평 하니,5,괜찮았어요,2024.01.10,"21,750",대전광역시 서구 월평북로 88-16
대전 월평 하니,5,괜찮았어요,2024.01.10,"21,750",대전광역시 서구 월평북로 88-16
대전 월평 하니,3,쏘쏘 그냥저냥,2024.01.08,"21,750",대전광역시 서구 월평북로 88-16
대전 월평 하니,3,괜찮아요.,2024.01.02,"21,750",대전광역시 서구 월평북로 88-16
대전 월평 하니,2,천절하지만 재방문 의사는 없네요,2023.12.29,"21,750",대전광역시 서구 월평북로 88-16
대전 월평 하니,5,대전 출장갈때마다 들리는곳인데 항상 만족합니다,2023.12.26,"21,750",대전광역시 서구 월평북로 88-16
대전 월평 하니,5,크리스마스 이브에 당일 예약했는데 방있어서 잘 이용했습니다,2023.12.25,"21,750",대전광역시 서구 월평북로 88-16
대전 월평 하니,5,좋아요 항상,2023.12.21,"21,750",대전광역시 서구 월평북로 88-16
대전 월평 하니,1,가지마세요,2023.12.13,"21,750",대전광역시 서구 월평북로 88-16
대전 월평 하니,5,뜨끈하고 편하고 넘 좋아요! ㅎㅎ 사장님 진짜 너무 친절하세요 ㅎㅎ,2023.12.11,"21,750",대전광역시 서구 월평북로 88-16
대전 월평 하니,5,저렴하고 좋아요,2023.12.07,"21,750",대전광역시 서구 월평북로 88-16
대전 월평 하니,5,좋았습니다,2023.12.06,"21,750",대전광역시 서구 월평북로 88-16
대전 월평 하니,5,깔끔하고 좋아요,2023.12.03,"21,750",대전광역시 서구 월평북로 88-16
대전 월평 하니,4,프리미엄이랑 일반이랑 차이를 모르겠어용,2023.11.29,"21,750",대전광역시 서구 월평북로 88-16
대전 월평 하니,5,잘 쉬다 갑니다!,2023.11.27,"21,750",대전광역시 서구 월평북로 88-16
대전 월평 하니,5,침구 세탁이 조금 미흡했으나 편했습니다,2023.11.16,"21,750",대전광역시 서구 월평북로 88-16
대전 월평 하니,5,늦은 시간에 입실했는데도 친절하게 맞이해주셨어요. 따뜻한 물도 잘나오고 위치도 좋아요👍,2023.11.12,"21,750",대전광역시 서구 월평북로 88-16
대전 월평 하니,5,사장님 넘 친절하세용 근처에 편의시설 다 있어서 숙박하기에 편했습니다~~,2023.11.09,"21,750",대전광역시 서구 월평북로 88-16
대전 월평 하니,5,좋았습니다.,2023.10.30,"21,750",대전광역시 서구 월평북로 88-16
대전 월평 하니,5,항상 방문하는 곳이에요 ㅎㅎ 사장님 친절하시고 방도 아늑하고 좋아요,2023.10.30,"21,750",대전광역시 서구 월평북로 88-16
대전 월평 하니,4,음료좀 준비해주세요,2023.10.28,"21,750",대전광역시 서구 월평북로 88-16
대전 월평 하니,5,사장님 정말 친절하시고 방도 엄~청 따뜻하구 너무너무너무 좋아요 ㅎㅎ,2023.10.23,"21,750",대전광역시 서구 월평북로 88-16
대전 월평 하니,4,좋았습니다,2023.10.23,"21,750",대전광역시 서구 월평북로 88-16
대전 월평 하니,5,늘 잘 놀다갑니당,2023.10.22,"21,750",대전광역시 서구 월평북로 88-16
대전 월평 하니,5,근처에 음식점도 있고 지내면서 좋았습니다,2023.10.21,"21,750",대전광역시 서구 월평북로 88-16
대전 월평 하니,5,항상 좋아요,2023.10.17,"21,750",대전광역시 서구 월평북로 88-16
대전 월평 하니,5,출장으로 방문하였는데 깔끔하고 좋습니다.,2023.10.17,"21,750",대전광역시 서구 월평북로 88-16
대전 월평 하니,5,적극추천합니다,2023.10.16,"21,750",대전광역시 서구 월평북로 88-16
대전 월평 하니,5,좋았습니다,2023.10.07,"21,750",대전광역시 서구 월평북로 88-16
대전 월평 하니,5,친절하시고 좋아요,2023.10.05,"21,750",대전광역시 서구 월평북로 88-16
대전 월평 하니,5,쉬기좋아요,2023.10.03,"21,750",대전광역시 서구 월평북로 88-16
대전 월평 하니,5,좋았습니다,2023.10.03,"21,750",대전광역시 서구 월평북로 88-16
대전 월평 하니,5,좋아요 괜찮게 보냈습니다.,2023.10.01,"21,750",대전광역시 서구 월평북로 88-16
대전 월평 하니,5,깨끗하고 좋아요,2023.09.30,"21,750",대전광역시 서구 월평북로 88-16
대전 월평 하니,5,아늑해서 좋아요,2023.09.30,"21,750",대전광역시 서구 월평북로 88-16
대전 월평 하니,5,너무너무너무 좋아요 ㅎㅎ,2023.09.25,"21,750",대전광역시 서구 월평북로 88-16
대전 월평 하니,4,좋았습니더,2023.09.23,"21,750",대전광역시 서구 월평북로 88-16
대전 월평 하니,3,핸드폰 충전기 없는곳은 처음이에요. 창문도 없고 공기청정기는 있었지만..,2023.09.22,"21,750",대전광역시 서구 월평북로 88-16
대전 월평 하니,5,잘 쉬다 갑니다!,2023.09.20,"21,750",대전광역시 서구 월평북로 88-16
대전 월평 하니,5,편하게 쉬다 갑니다!,2023.09.20,"21,750",대전광역시 서구 월평북로 88-16
대전 월평 하니,4,친절하십니다,2023.09.14,"21,750",대전광역시 서구 월평북로 88-16
대전 월평 하니,5,좋았습니다,2023.09.13,"21,750",대전광역시 서구 월평북로 88-16
대전 월평 하니,4,좋아요^^,2023.09.11,"21,750",대전광역시 서구 월평북로 88-16
대전 월평 하니,5,사장님 넘 친절하시고 안락하구 좋아요 ㅎㅎ!!!!! 넷플 잘 보다가 니왔습니다,2023.09.11,"21,750",대전광역시 서구 월평북로 88-16
대전 월평 하니,5,좋았습니다,2023.09.09,"21,750",대전광역시 서구 월평북로 88-16
대전 월평 하니,3,괜찮았어요,2023.09.08,"21,750",대전광역시 서구 월평북로 88-16
대전 월평 하니,4,잘쉬었다갑니다,2023.08.24,"21,750",대전광역시 서구 월평북로 88-16
대전 월평 하니,5,사장님 너무 친절하시고 방도 깔끔하니 좋아요 ㅎㅎ,2023.08.13,"21,750",대전광역시 서구 월평북로 88-16
대전 월평 하니,5,가성비 좋습니다.,2023.08.10,"21,750",대전광역시 서구 월평북로 88-16
대전 월평 하니,5,괜찮습니다.,2023.08.08,"21,750",대전광역시 서구 월평북로 88-16
대전 월평 하니,5,사장님이 친절해요!,2023.08.07,"21,750",대전광역시 서구 월평북로 88-16
대전 월평 하니,5,매번올때마다 만족하고 갑니다.,2023.08.06,"21,750",대전광역시 서구 월평북로 88-16
대전 월평 하니,5,"잘썼어요
사장님이 친절해요",2023.07.07,"21,750",대전광역시 서구 월평북로 88-16
대전 월평 하니,5,무난하고 좋아요,2023.07.05,"21,750",대전광역시 서구 월평북로 88-16
대전 월평 하니,3,딱 그만큼,2023.06.09,"21,750",대전광역시 서구 월평북로 88-16
대전 월평 하니,3,출장으로 숙박한거라 잠만 잤네요,2023.05.31,"21,750",대전광역시 서구 월평북로 88-16
대전 월평 하니,5,항상 친절하시고 감사합니다,2023.05.30,"21,750",대전광역시 서구 월평북로 88-16
대전 월평 하니,5,항상친절하시고 구운계란팝콘.식빵등 맛있는 간식거리가있어요,2023.05.30,"21,750",대전광역시 서구 월평북로 88-16
대전 월평 하니,5,자주이용하는곳입니다.너무좋아요,2023.05.30,"21,750",대전광역시 서구 월평북로 88-16
대전 월평 하니,5,사장님 친철하시고 시설도 밖에서볼때보단 훨씬좋아요,2023.05.30,"21,750",대전광역시 서구 월평북로 88-16
대전 월평 하니,4,잘 쉬다 갑니다~!,2023.05.29,"21,750",대전광역시 서구 월평북로 88-16
대전 월평 하니,4,"일정이있어서 자주가는곳이예요!
괜찮습니다!",2023.05.23,"21,750",대전광역시 서구 월평북로 88-16
대전 월평 하니,5,외관이 많이 낡았으나 갖출건 다 갖췄습니다! 잘 쉬다갑니다!,2023.05.18,"21,750",대전광역시 서구 월평북로 88-16
대전 월평 하니,5,출장시 자주이용하는 숙소,2023.05.18,"21,750",대전광역시 서구 월평북로 88-16
대전 월평 하니,5,사장님 너무친절하시고 방도 깨끗해서 편하게 쉬다가 가요!!,2023.05.01,"21,750",대전광역시 서구 월평북로 88-16
대전 월평 하니,5,잘있다갑니다 수고하세요,2023.04.02,"21,750",대전광역시 서구 월평북로 88-16
대전 월평 하니,4,그냥 그래요 좋지도 않고 나쁘지도 않음,2023.04.02,"21,750",대전광역시 서구 월평북로 88-16
대전 월평 하니,5,하니에서는 맘편하게 쉬기가 좋아요,2023.04.01,"21,750",대전광역시 서구 월평북로 88-16
대전 월평 하니,5,좋이요!!!!!!너무여,2023.03.03,"21,750",대전광역시 서구 월평북로 88-16
대전 월평 하니,5,여기저기 다닐 필요 없이 하나가 제일 편해요,2023.03.02,"21,750",대전광역시 서구 월평북로 88-16
대전 월평 하니,4,가성비로 좋네요,2023.02.28,"21,750",대전광역시 서구 월평북로 88-16
대전 월평 하니,5,매번 편안히 잘 쉬다 가여 ㅎ,2023.02.27,"21,750",대전광역시 서구 월평북로 88-16
대전 월평 하니,5,방은 깨끗하고 아늑했습니다.,2023.02.26,"21,750",대전광역시 서구 월평북로 88-16
대전 월평 하니,5,잘쉬다갑니다,2023.02.17,"21,750",대전광역시 서구 월평북로 88-16
대전 월평 하니,5,방도 따뜻하고 좋았어요,2023.02.17,"21,750",대전광역시 서구 월평북로 88-16
대전 월평 하니,5,마음의 고향이라고 봐야죠 이제,2023.02.17,"21,750",대전광역시 서구 월평북로 88-16
대전 월평 하니,5,괜찮았어요,2023.02.13,"21,750",대전광역시 서구 월평북로 88-16
대전 월평 하니,5,자주 다닐 가능성 99.9,2023.02.03,"21,750",대전광역시 서구 월평북로 88-16
대전 월평 하니,5,"일하러 갈때마다 요기서 자요~~
좋습니당!!",2023.01.09,"21,750",대전광역시 서구 월평북로 88-16
대전 월평 하니,5,사장님도 너무 친절하고 인수받은지 한달되셔서 물품교체중이라네요,2023.01.01,"21,750",대전광역시 서구 월평북로 88-16
대전 월평 하니,5,고맙습니다 감사합니다,2022.12.27,"21,750",대전광역시 서구 월평북로 88-16
대전 월평 하니,2,왠만하면 안가도 되지 않을까요? 싼가격에 갈거면 괜찮음,2022.12.26,"21,750",대전광역시 서구 월평북로 88-16
대전 월평 하니,3,이불이 따뜻하긴 했지만 전기장판이 있으면 좋을것같아요,2022.12.06,"21,750",대전광역시 서구 월평북로 88-16
