hotel,star,review,date,price,address
더휴식 소륜호텔 대전 by 아늑,5,잘쉬다 갑니다 !!!,2024.08.05,"90,000",대전광역시 대덕구 대전로 1394 (읍내동백마장)
더휴식 소륜호텔 대전 by 아늑,5,시설이 깔끔하고 좋았습니다,2024.06.10,"90,000",대전광역시 대덕구 대전로 1394 (읍내동백마장)
더휴식 소륜호텔 대전 by 아늑,5,침구 깨끗하고 침대가 폭신해서 넘 편하게 쉬고 왔습니다~ 특히 화장실 물 잘나오고 깨끗해서 좋아어요 ^^ 왕추천합니다 !,2024.03.31,"90,000",대전광역시 대덕구 대전로 1394 (읍내동백마장)
더휴식 소륜호텔 대전 by 아늑,5,진짜깨끗하고좋네요,2024.02.19,"90,000",대전광역시 대덕구 대전로 1394 (읍내동백마장)
더휴식 소륜호텔 대전 by 아늑,5,"단체로 가기 좋은 곳
침대가 대박 푹신함 화장실 짱 넓음
어매니티 8일까지 제공이라든데 그전에 가서 다행..",2024.01.08,"90,000",대전광역시 대덕구 대전로 1394 (읍내동백마장)
더휴식 소륜호텔 대전 by 아늑,4,대체적으로 괜찮았지만 선반이나 옷 걸어놓는 곳 등등이 더 필요해 보입니다,2023.11.13,"90,000",대전광역시 대덕구 대전로 1394 (읍내동백마장)
더휴식 소륜호텔 대전 by 아늑,5,"대실이 없는게 좀 안타깝지만
너무너무 좋은곳....",2023.10.20,"90,000",대전광역시 대덕구 대전로 1394 (읍내동백마장)
더휴식 소륜호텔 대전 by 아늑,5,깨끗하고 아늑해요,2023.09.15,"90,000",대전광역시 대덕구 대전로 1394 (읍내동백마장)
더휴식 소륜호텔 대전 by 아늑,5,"지금 한 5번째 이용중인 곳입니다. 방 크고 깔끔하고 화장실도 크고 좋아욥. !!!
근처에 와서 숙박할 일 있으면 추천추천하는 방입니다.
여기 숙소 맞은 편에 조금만 걸어가면 솥뚜껑 삼겹살 파는 작은 가게가 있는데 거기 맛집이에여.ㅎㅎ
무튼 좋아요~ 여기서 파는 돈까스도 맛있어용",2023.08.08,"90,000",대전광역시 대덕구 대전로 1394 (읍내동백마장)
더휴식 소륜호텔 대전 by 아늑,5,아주 좋아요,2023.06.19,"90,000",대전광역시 대덕구 대전로 1394 (읍내동백마장)
더휴식 소륜호텔 대전 by 아늑,5,아주 좋아요,2023.06.19,"90,000",대전광역시 대덕구 대전로 1394 (읍내동백마장)
