hotel,star,review,date,price,address
프롬에이치 썸호텔 유성점,2,"깨끗하고 넓음 주변에 대패 심겹살집 맛있음
스타일러가 있지만 고장나서 사용안되는데 문의해도 방으로 오지않고 코드 뽑고 다시 꼽으라는 말만 반복함.
차가 없다면 방문하기 어려운곳.
금액대비 가성비 안좋음
출장 아니라면 개인적인 재방문의사 없음",2024. 11. 13,"120,000",대전광역시 유성구 대정로 10 (꿈의궁전)
프롬에이치 썸호텔 유성점,4,방도 넓고 좋았는데 한가지 이불이 무겁고 침대가 추워 자다깨기를 반복했네요,2024.04.29,"120,000",대전광역시 유성구 대정로 10 (꿈의궁전)
프롬에이치 썸호텔 유성점,5,좋아요좋아요좋아요좋아요,2024.04.29,"120,000",대전광역시 유성구 대정로 10 (꿈의궁전)
프롬에이치 썸호텔 유성점,5,깔끔하고 조용하고 좋아여,2024.03.20,"120,000",대전광역시 유성구 대정로 10 (꿈의궁전)
