hotel,star,review,date,price,address
대전 디엠프레스 호텔,5,"중앙로쪽이랑은 거리가 좀 있는데, 싼 가격에 시설도 괜찮았어서 (특히 욕실!) 만족입니당
생수도 무제한 무료로 주시고 조식도 있고 근처에 편의시설도 꽤 있어서 완전 좋아요",2024.01.15,"87,000",대전광역시 서구 한밭대로570번길 29-20
대전 디엠프레스 호텔,4,"가성비 대박!!! 이 가격에 이 정도 룸 컨디션, 심지어 조식까지 주다니 진짜 만족합니다. 조식 같은 경우 기대 전혀 안했는데 생각보다 더 맛있었고 종류도 그리 적지 않았어요!",2024.04.21,"87,000",대전광역시 서구 한밭대로570번길 29-20
대전 디엠프레스 호텔,5,"아이들과 급하게 하루 묵고 왔는데 좋은추억 만들고 갑니다. 이마트 트레이더스 바로 앞이라 쇼핑도 도보로 이용가능하고 조식도 기대이상 좋았네요.
다음번에 다시 이용할께요!",2024.01.25,"87,000",대전광역시 서구 한밭대로570번길 29-20
대전 디엠프레스 호텔,4,욕실도 넚고 방도 깨끗이 잘 정돈되어 있어서 만족스러운 숙박을 하였습니다. 월평역에서 애우 가까워 교통이 편리하였고. 주변에 24시간 운영하는 음직점도 있네요,2024.10.27,"87,000",대전광역시 서구 한밭대로570번길 29-20
대전 디엠프레스 호텔,4,위치 좋고 가격도 착하고 직원분들 친절하고 시설 깔끔해요~(참고로 어메니티는 2천원 주시고 별도 구매하셔야 합니다!),2024.06.24,"87,000",대전광역시 서구 한밭대로570번길 29-20
대전 디엠프레스 호텔,5,"깔끔하고
조식도 나름? 괜찮았어요
직원분들도 굉장히 착하시고
다음에 대전가도 꼭 다시 이용할듯",2024.01.16,"87,000",대전광역시 서구 한밭대로570번길 29-20
대전 디엠프레스 호텔,5,"넓고 깨끗하고, 친절해서 참 좋습니다 조식도 먹을만해요 담에 또 가고싶은호텔입니다 참, 일회용은 주지 않습니다 ㅎㅎ",2024.06.21,"87,000",대전광역시 서구 한밭대로570번길 29-20
대전 디엠프레스 호텔,5,"난방도 잘되고 깔끔하고 아주 만족했습니다.
집사람도 이정도 숙소면 다음에 또 와도 되겠다고하네요^^",2023.12.09,"87,000",대전광역시 서구 한밭대로570번길 29-20
대전 디엠프레스 호텔,5,"지하철이 가까워서 편하고 숙소가 깔끔해서 편하게 쉬었네요. 직원분들이 친절하고, 조식도 맛있고 잘쉬다 갑니다.",2024.06.21,"87,000",대전광역시 서구 한밭대로570번길 29-20
대전 디엠프레스 호텔,4,"지하철역 인근에 있어서 찾아가기에 어렵지않습니다.
해당 객실요금에 조식이 포함되어 아침딋는 분들은 특히 메리트가 있을 듯합니다.
객실은 무난합니다",2024.02.29,"87,000",대전광역시 서구 한밭대로570번길 29-20
대전 디엠프레스 호텔,5,프런트 직원 한 명이 대단히 불친절하였으나 전반적인 호텔 시설은 좋았습니다. 비지니스 센터는 있는데 인쇄는 안 됩니다.,2024.06.25,"87,000",대전광역시 서구 한밭대로570번길 29-20
대전 디엠프레스 호텔,3,조부모님과 손주들만 이용했는데 객실은 좋았대요 조식도 좋았지만 메뉴가 조금 아쉬웠다고 하더라구요,2024.01.14,"87,000",대전광역시 서구 한밭대로570번길 29-20
대전 디엠프레스 호텔,2,다 좋았는데 잠깐 여자친구가 키를 뽑고 나갔을 때 혼자 있었는데 누가 우리 방문을 열었다 닫는 소리가 들리더라구요.. 신발이 있는 걸 보고 닫은건지.. 앞에는 청소카트도 놓여있었고.. 옆이나 위아래 문이었으면 그렇게 크게 들릴일도 없을텐데... 완전 무서웠습니다.. 여자친구가 혼자 있었던 상황이었더라면 일이 더 커질 수 있었던 것 같은데 주의 바랍니다;,2023.12.26,"87,000",대전광역시 서구 한밭대로570번길 29-20
대전 디엠프레스 호텔,3,청결에 대한 후기가 안좋아서 걱정 했는데 생각보다 깨끗해서 하루 가볍게 자기에는 좋았다!! 근데 호텔 보다는 모텔 느낌이 강하긴함.,2024.06.23,"87,000",대전광역시 서구 한밭대로570번길 29-20
대전 디엠프레스 호텔,1,"일단 첫느낌은 주차공간협소 였습니다.
지하주차장이 있지만 1층 주차장은 간격이 좁아서 큰차들이 주차하면 문콕 필수 입니다.
일단 호텔이 아닌 모텔 느낌이 강합니다.
안내 데스크 알바도 친절하지 않은건 물론이고 틱틱거리는 말투에 조식 이용에 대한 설명도 없어서 따로 문의 해야했습니다.
티비 리모콘이 작동하지 않았지만 티비를 안봐도 되서 딱히 처리 받지는 않았습니다.
방은 창을 여니까 옆 건물의 벽이 한 2미터도 안되는 거리에 있습니다.
방은 딱히 가격에 맞는 느낌은 아니었습니다.
조식은 그냥 아침식사 느낌이 컸습니다,
호텔 조식같진 않았지만 딱히 맛이 없진 않아서 불만이 생기진 않았습니다.
방음 관련해 리뷰가 많았지만 저는 방음은 잘 되었다고 생각합니다.",2024.03.09,"87,000",대전광역시 서구 한밭대로570번길 29-20
대전 디엠프레스 호텔,3,"치약칫솔 없음
화장실/샤워실 환풍기 소음 너무 심함
결정적으로 카운타 단발머리 여직원 너무 별로임",2024.06.19,"87,000",대전광역시 서구 한밭대로570번길 29-20
대전 디엠프레스 호텔,1,후기가 좋아서 예약했는데 하수구가 막히고 물이 넘쳐서 방을 교체했는데 방 교체 후에는 보일러가 안들어와서 3시부터 7시까지 너무 춥게 잤네요 아침에 전화해서 겨우 보일러 틀어주시고 사과도 한마디 없으시고.. 한겨울에 너무 춥게 자서 다음날 일정에 차질을 빚었습니다 조식은 맛있었어요 다른 서비스들은 많이 부족하게 느껴지네요,2024.01.27,"87,000",대전광역시 서구 한밭대로570번길 29-20
대전 디엠프레스 호텔,4,"서비스 굿 (차량이동까지)
오래된 사용감의 룸 상태 및 모텔느낌 남
청결은 신경써야 할 것 같습니다 수건이나 욕실배수 문제
(배수구 막혀서 수영장 수준으로 샤워함 이물질도 같이 올라옴)

조식 서비스는 아주 굿굿

주변 먹자골목 상권과 이마트 도보 3분? 정도
위치도 굿",2022.11.13,"87,000",대전광역시 서구 한밭대로570번길 29-20
대전 디엠프레스 호텔,5,"아주 편안한 숙소였어요
스타일러가 있어 옷 정돈도 무리가 없었고, 거실 각방마다 티비가 있어 만족했네요
다만 잠결에 예민하신분은 빨리 잠들어야겠어요 방에 진동소리가 규칙적으로 들려서 자다가 뒤척였던거 같네요
시설이 매우매우 만족스러웠습니다
잘 쉬다가 갑니다",2022.08.02,"87,000",대전광역시 서구 한밭대로570번길 29-20
대전 디엠프레스 호텔,4,"위치는 월평역 도보1분 거리에요 너무 합격!
바로 앞에 이마트 트레이더스 있어용
근데… 주변에 정말 할게 앖어서 지하철타구 몇정가장 왔다갔다 하는게 좀 그랬는데
숙소 자체는 너무 좋아요 또 가고싶어용",2022.12.26,"87,000",대전광역시 서구 한밭대로570번길 29-20
대전 디엠프레스 호텔,4,"위치.주차,숙소시설, 직원친절 및 조식 저렴하게 간단히 먹기에 괜찮아요.다음에 또 이용할듯..젊은커플들이 많이 이용하는것 같아요.",2023.03.05,"87,000",대전광역시 서구 한밭대로570번길 29-20
대전 디엠프레스 호텔,5,"가성비 호텔이에요
언뜻 모텔같아 보이지만 엄연히 조식도 있고요 ㅋ
체크인 시간이 좀 늦은 편이지만
체크아웃도 열두시라 좋아요",2022.09.04,"87,000",대전광역시 서구 한밭대로570번길 29-20
대전 디엠프레스 호텔,4,"저희 2번째가는데 다 맘에 들어요 
한가지 아쉬운건..주말에는 늦게일어나는 사람 많으니 조식시간 조금만 더 늘려주심 감사하다는거~~",2022.12.05,"87,000",대전광역시 서구 한밭대로570번길 29-20
대전 디엠프레스 호텔,5,"조용한 주변환경과 쾌적한 실내, 맛있는 조식 서비스 등 추천할 만한 숙소였어요. 잘 쉬었습니다~",2022.12.29,"87,000",대전광역시 서구 한밭대로570번길 29-20
대전 디엠프레스 호텔,5,"월평역에서 진심 가깝고 거기다가 주변에 마트도 있고 하니 편하네요! 

내부도 완전 청결함!",2022.07.22,"87,000",대전광역시 서구 한밭대로570번길 29-20
대전 디엠프레스 호텔,4,가족들과 하루숙박이 필요해 급하게 잡은 숙소였는데 평균은 합니다. 조금더 청소를 신경써서 하면 더좋을듯 하네요,2023.06.05,"87,000",대전광역시 서구 한밭대로570번길 29-20
대전 디엠프레스 호텔,4,"방이 생각보다 넓어서 좋았아여
그리고 조식도 맛있어서 여러번 리필해서 먹았어욤
아쉬운건 침대에 눕지도 않았는게 머리카락이 있더라구여ㅠㅠㅠ",2023.05.19,"87,000",대전광역시 서구 한밭대로570번길 29-20
대전 디엠프레스 호텔,5,숙소 위치가 지하철 근처라 편하고 룸 컨디션이 너무 좋네요 조식도 좋아서 다음에 또 방문하고 싶습니다,2023.03.28,"87,000",대전광역시 서구 한밭대로570번길 29-20
대전 디엠프레스 호텔,5,"숙소는 깔끔한 편이에요. 조식 1인 요금이 7,000원이라서 다양한 반찬이 있진 않았네요. 그래도 적당히 먹어서 괜찮았던 것 같아요",2023.06.05,"87,000",대전광역시 서구 한밭대로570번길 29-20
대전 디엠프레스 호텔,5,"괜찮았어요
처음 방문했는데 옆에 이마트 트레이더스도 있고 근처 역도 가깝고 방도 두명이서 묵기 적당했어요",2023.05.29,"87,000",대전광역시 서구 한밭대로570번길 29-20
대전 디엠프레스 호텔,5,"기대 안하고 갔는데 애들이 너무 좋아했고 침구랑 욕실 등 아주 깨끗했어요.
아주 만족합니다^^",2023.02.26,"87,000",대전광역시 서구 한밭대로570번길 29-20
대전 디엠프레스 호텔,5,"2성급 호텔이라 대만족하며 이용했습니다.
방도 크고 침대도 크고요.
특히 이불에서 너무 좋은 향기가 나더라구요",2022.01.16,"87,000",대전광역시 서구 한밭대로570번길 29-20
대전 디엠프레스 호텔,5,"방도 깨끗하고 따뜻하고 좋았어요!!
변기와 세면대가 분리되어있어서 더 깔끔하구 좋았어용 굿굿~!",2023.04.17,"87,000",대전광역시 서구 한밭대로570번길 29-20
대전 디엠프레스 호텔,2,"테라스만 보고 간건데…너무 별로,,빗물 다 새서 테이블 젖어있고 불을 켜도 어두침침ㅠㅠ 방에 모기만 들어가고 그냥 이용 안 했네요
다른 곳에서 사진 보니까 괜찮게 해 놓은 것도 있어서 혹시나하고 기대했건만
청소를 하긴 하는 건지ㅠㅠ 구석에 거미줄 머리카락, 휴지통엔 우리가 버리지도 않은 쓰레기가 들어있고 베개에서는 퀘퀘한 머리 냄새, 방 테이블 바닥엔 담뱃재가 떨어져있고 다른 사람이 그나마 깨끗하게 사용하고 간 걸 재활용한 듯한 방 상태의 찝찝함에 알수없는 에어컨 소음?까지 밤에 잠을 얼마나 설쳤는지 모르겠네요 이미 뭣도 모르고 방을 사용해버려서 바꿔달라고도 못하고 에휴ㅠㅜ
조식은 먹을만 했어요 직원분들도 친절했고 주변에 먹을 곳도 많지만 가격에 비해 방상태는 영 아니었네요ㅠㅠ 아쉽",2021.08.22,"87,000",대전광역시 서구 한밭대로570번길 29-20
대전 디엠프레스 호텔,5,"정말 만족스러웠습니다
이름만 호텔인 모텔이라고 생각했었는데, 제가 잘못 생각했더라구요. 방 구조도 맘에 들었고 스타일러와 침대도 만족스러웠습니다.
특히 조식 정말 맛있게 먹었어요. 윤기넘치는 쌀밥과 닭볶음탕, 육개장 등 맛있는 반찬을 먹을 수 있었고, 스크럼블드에그와 토스트, 잼, 주스, 커피, 시리얼, 우유 등 아침을 먹기에 충분한 종류가 구비되어 있었습니다.
위치도 좋아서 바로 눈에 띕니다. 대전에 가게되면 또 머무를 예정입니다",2020.02.17,"87,000",대전광역시 서구 한밭대로570번길 29-20
대전 디엠프레스 호텔,2,"[단점]
□ 연박 예약이었는데 벽 뷰(view), 욕조 없는 호실로 제공→ 옆 건물에 찰싹 붙어있어서 환기도 잘 안되고 햇빛도 안들어와 너무 답답
□ 바로 위층에서 파티를 하는지 쿵쿵 뛰는 소리, 환호성, 웃는 소리가 저녁 11시까지 들림
□ 화장실에서 냄새가 살짝 남
□ 호실마다 노트북이 비치되어 있다는 후기를 보고 갔는데 노트북 미비치

갠적으로 시설 면에선 완전 비추...

[장점]
□ 프론트 직원 친절
□ 화장실, 욕실 공간분리
□ 연박시 청소서비스 제공
□ 지하철역과 굉장히 가까움",2021.03.05,"87,000",대전광역시 서구 한밭대로570번길 29-20
대전 디엠프레스 호텔,5,"모텔보단 좋고 깨끗하네요.
조식은 적당한 반찬수에 깔끔했어요.
가격대비 아깝지 않았어요.",2022.12.25,"87,000",대전광역시 서구 한밭대로570번길 29-20
대전 디엠프레스 호텔,1,"숙박업소에서 뜨거운물 안나오는적은 처음이네요.
응대도 어이없어서 리뷰 씁니다.
뜨거운물이 안나와 데스크로 전화연결하니
뜨거운물이 안나올 수 없다며 다시 물 껐다가 켜서 해보라함.
그래도 안나와서 2번째로 전화하니 다른객실에서 다 뜨거운물을 갑자기 써서 보일러가 1개밖에 없어서 어쩔 수 없으니 좀 있다가 해보라함
30분 동안 기다리고 다시 켰는데 아까보다 더 차가운물이 나와 화나서 다시 데스크 3번째 연결
올라오시더니 세면대에 나오는 차가운물 확인하시더니 이대로 샤워하시기에는 힘드냐고 물어보시는데 정말 어이없었습니다. 보일러 온도를 올려주신다고 하셨는데10분 기다려도 온도는 똑같아서 일정도있어 그냥 차가운물로 머리만 감고 나갔습니다. 진짜 최악이였어요
심지어 죄송하다는말도 없고 그냥 앞으로 여기 안오면 되지 라고 생각한 숙소중 no.1 이였습니다.
다른 객실들이 뜨거운물써서 차가운물 나오게 할꺼면 보일러를 더 추가하시던가. 3번 통화해서 기다렸다가 다시 물 켜보라는말만 하셔서 1시간버리고 씻지도 못하고 나왔네요.",2021.12.06,"87,000",대전광역시 서구 한밭대로570번길 29-20
대전 디엠프레스 호텔,5,"정말 깨끗해서 기분 좋게 쉬었습니다.
다만 개인적인 의견으로는 이불이 조금 무거워요 ㅠㅠ",2022.10.17,"87,000",대전광역시 서구 한밭대로570번길 29-20
대전 디엠프레스 호텔,5,"물, 난방 등 모든 것이 좋았지만 청결에 조금만 더 신경써주셨으면 좋겠습니다ㅠ 그리고 조식도 인당 7천원인데 좀 괜찮은걸로 준비해주세요",2021.12.13,"87,000",대전광역시 서구 한밭대로570번길 29-20
대전 디엠프레스 호텔,1,"대실하는지,,,화장실에 여자 머리끈 버젓이,, ㅋㅋ,,침대 시트도 ,,,바닥 얼룩,,,,얼룩없게 청소해야지요,,,,",2022.09.28,"87,000",대전광역시 서구 한밭대로570번길 29-20
대전 디엠프레스 호텔,3,"방이 엄청 따뜻하고 좋은데 엄청나게 건조해요
바짝바짝 말라서 밤사이 다섯번도 더 깼어요
욕실 물 배수가 잘 안돼서 바닥에 찰랑찰랑 물이 차요
그래도 화장실이 분리되어있어서 좀 나았지
화장실이랑 욕실이랑 한곳에 있는데 물이 찰랑거렸으면
진짜 너무 불쾌했을거에요
주차장이 협소하고 주차관리가 안돼요
숙박객들 차량관리를 하고 숙박객이 아니면 차량진입을 못하게 해야할텐데 불량하게 주차한 차량 관리가 안돼서 자리가 있어도 외부 공영주차장에 주차했습니다. 지하주차관리가 어려워서 외부공영주차장에 주차를 하도록하고 아침에 다시 호텔 주차장으로 옮겨주시나봐요. 공영주차장은 매우 가깝습니다.
객실 자체는 깨끗하고 인테리어도 만족스러웠습니다.",2019.12.31,"87,000",대전광역시 서구 한밭대로570번길 29-20
대전 디엠프레스 호텔,5,"예전에 방문하고 재방문이었어요
체크인 시간이 몇 분 남았었는데 바로 안내 해주셨습니당!
설명도 상세하게 해주시고 항상 친절하시고, 방도 깔끔해서 좋았어요!
근데 창을 타고 들어온건지 벌레가 한 마리 나왔어요 ㅠ ㅠ ㅠ 그건 어쩔 수 없는 것 같아요",2022.08.16,"87,000",대전광역시 서구 한밭대로570번길 29-20
대전 디엠프레스 호텔,5,"역에서 가까워서 걸어가기에도 접근성이 좋았습니다.
별도의 편의시설이 있는 것은 아니지만 방 실내가 매우 넓고 씻는 곳도 깨끗하고 넓었습니다. 개별냉방이라 시원했고, 물도 잘나오고 배수도 잘됐습니다. 딱히 방음문제가 있다고는 생각되지 않았습니다. 다시 근처에 오게 될 경우 재방문의사 많습니다.",2020.04.22,"87,000",대전광역시 서구 한밭대로570번길 29-20
대전 디엠프레스 호텔,4,역에서 진짜 가까워서 좋고 바로 앞에 트레이더스가 있어서 좋았어요 ! 번화가랑은 멀지만 지하철이랑은 매우 인접한 위치에 있어서 놀러다니기에 적합했습니다. 택시를 타도 월평 트레이더스요 하고 다니니까 편하더군요 ! 근데 욕실에 약간의 머리카락 이런게 있었어요 ! 저는 뱔로 상관없지만 예민하신분들은 기대 안하시는게 !좋아요,2020.06.01,"87,000",대전광역시 서구 한밭대로570번길 29-20
대전 디엠프레스 호텔,1,일단 침대매트리스 너무 안좋습니다 잠잔시간보다 뒤척거린 시간이 더 많은듯요ㅠ 그리고 먼지 장난아닙니다 ㅋ스타일러 있는방으로 예약했는데 물버림도 제가 해야하나요? 그건 다음객실사용자를 위해 청소하시는분이 체크 하셨어야죠; 일단 화장실이 객실보다 깨끗했습니다 ㅋㅋㅋ 수건도 작은거2장 큰거 한장 주시면 다음날 뭘쓰라는건지..,2021.03.01,"87,000",대전광역시 서구 한밭대로570번길 29-20
대전 디엠프레스 호텔,2,"호텔로 알고 예약했는데 호텔 아님. 
더 요청해서 받긴 했지만 수건도 부족하고 옷걸이도 부족하고 제일 문제는 옷들을 걸어놓을 옷장은 물론이고 어떤 장치나 공간도 없었음. 난방도 객실안 별도로조절할수없는 중앙난방 시스템임. 
조식 맛있다는 평이 있어서 먹어봤는데 정말 형편없었음. 김밥천국이 훨씬 낫겠음.",2020.02.17,"87,000",대전광역시 서구 한밭대로570번길 29-20
대전 디엠프레스 호텔,2,"대전에서 숙박할 일이 생겨 호텔급으로 두어군데 고민하다가 가장 깔끔해보이고 마음에 들어 예약했어요. 처음 방 들어갔을땐 사진보다 방도 넓고 인테리어도 깔끔해 굉장히 만족스러웠는데 에어컨에선 발냄새가 나고 샤워가운에서도 꼭 남이 입다 벗은것같은 꿉꿉한 냄새가 나고, 베지도 않은 베개에선 머리냄새가 나고.. 평소 숙박업소에선 공용어메니티를 잘 사용하지 않는 편이라 일회용 어메니티를 사용하려고 봤더니 사용하다 남은 것들이 떡하니 있고 심지어 손톱만한 높이로 남아있던 샴푸에는 물까지 타져있더라구요? 새로 요청하려다가 시간이 많이 늦기도 했고 공용어매니티가 도브이기도 했고 저렴하지만 나름 비지니스호텔이니 그래도 모텔보단 관리가 잘 되어있겠거니 싶어 그냥 사용하는데 통만 도브이고 안에는 알 수 없는 내용물이 들어있었습니다. 씻다말고 나올 순 없어 꾸역꾸역 씻고 나오긴 했는데 샤워하는 내내 기분이 나빴어요.
게다가 자기 전에 조명을 끄려고 보니 그 어디에도 조명 컨트롤러가 없어 데스크에 결국 연락을 했는데 침대 헤드 양옆에 있을거라고 하시더라구요? 다 찾아봤는데도 없었는데 말이에요. 설마설마 하고 베개를 치워보니 베개 뒤에 컨트롤러가 있었습니다 살다살다 이런건 또 처음 보네요. 방 안에 안내라도 쓰여있었으면 그러려니 했을텐데 그런것도 전혀 없었구요ㅋㅋ 정말 여러번 황당했습니다
아 침대는 편했어요. 데스크도 친절하셨구요
데스크, 인테리어, 침대 이것 말고는 장점이 하나도 없었습니다. 9만원도 안되는 저렴한 호텔이었지만 그 가격값마저 못했던 것 같습니다. 빛좋은 개살구라는 표현이 딱이네요. 재방문 의사는 없습니다",2018.05.13,"87,000",대전광역시 서구 한밭대로570번길 29-20
대전 디엠프레스 호텔,4,좋았습니다 ! 다만 저희가 생각했던 방이랑 달라서 아쉬웠지만 아침 조식도 맛있었고 깨끗했습니당 !,2021.01.24,"87,000",대전광역시 서구 한밭대로570번길 29-20
대전 디엠프레스 호텔,5,"아주만족해요
친절하고 조식도 맛있고
위치도 좋고 좋은 추억도 쌓고,,,
아주아주 좋습니다,,, 
또 갈께요 애용할래요",2020.12.07,"87,000",대전광역시 서구 한밭대로570번길 29-20
대전 디엠프레스 호텔,4,저어어어어엉말 크고 넓고 좋습니다. 오길 잘했다는 생각이듭니다 ㅠㅠ 무엇보다 화장실이 엄청 커요 !추천합니다,2020.12.13,"87,000",대전광역시 서구 한밭대로570번길 29-20
대전 디엠프레스 호텔,4,대전 갈때마다 여기로 숙소 잡는데요 주차공간은 크진 않지만 공용주차장에 주차후 키를 프론트에 주면 자리날때 이동해주셔서 좋아요 조식도 맛있구요,2020.02.15,"87,000",대전광역시 서구 한밭대로570번길 29-20
대전 디엠프레스 호텔,4,프론트 남자분은 되게 친절하셨는데 여자분은 조금 그랬어요.. 침대에 이물질을 발견해서 당황스러웠지만 그거 빼고의 나머지 룸 컨디션은 좋았어서 별점 4개 드렸습니다,2020.05.10,"87,000",대전광역시 서구 한밭대로570번길 29-20
대전 디엠프레스 호텔,5,친절하신 직원들과 깨끗한 객실 .침구류 너무좋구요 특히 조식은 가성비 최곱니다. 다음에 또 이용할게요 참 이마트트레이더스가 코앞이네요 ㅋㅋ,2019.12.27,"87,000",대전광역시 서구 한밭대로570번길 29-20
대전 디엠프레스 호텔,4,"객실이 넓고 깨끗해서 좋았어요
스타일러 되게 유용하게 썼고 
욕조있어서 반신욕도 했어요 :)
깨끗하지만 호텔보다는 좀 아쉬운 청결도 였어요

조식이 생각보다 꽤 괜찮았어요
다만 제 입엔 간이 좀 쎘다는;
그래도 밥 국 김치2 반찬4
토스트 잼 버터 우유 쥬스 시리얼2 스크램블 샐러드 과일2
커피 까지 갖춰진 조식이어서 만족해요 ^^",2018.04.22,"87,000",대전광역시 서구 한밭대로570번길 29-20
대전 디엠프레스 호텔,4,"1. 지하 주차장이 있으나 생각보다 작다
2. 객실은 괜찮으나, 내부에 신경이 필요함
 - 비치되어있던 빗이 터져있었음 ㅠ
 - 침대헤드에 먼지가 소복히 ㅠㅠ
3. 조식이 가성비 최강!!!
 조식포함으로 구매했는데, 아침식사가 기성비 좋음",2019.06.01,"87,000",대전광역시 서구 한밭대로570번길 29-20
대전 디엠프레스 호텔,4,"다 좋았는데... 바닥 청소때문인지
입실했을때 락스 냄새가 너무 심했어요~~
방충망도 찢어진 곳이 있어서,
모기 들어올까봐 환기도 못시키고ㅠㅜ
그거 빼곤 조식도 숙소도 다 괜찮았어요^^",2019.08.03,"87,000",대전광역시 서구 한밭대로570번길 29-20
대전 디엠프레스 호텔,2,잠자리가 편안하지않아서 잠을설쳣어요 직원이 친절하고 서비스가좋지만 객실청결도는 별로 특히 머그컵이 너무 더러워서 사용할수 없엇어요 화장실문은 유리문이고 방음이안되요,2019.12.29,"87,000",대전광역시 서구 한밭대로570번길 29-20
대전 디엠프레스 호텔,4,"대전 갈때마다 이곳 이용하는데요 조식이 맛있어요
한식위주랑 토스트 샐러드.. 다른곳 일반 조식과는 달라요.",2019.12.15,"87,000",대전광역시 서구 한밭대로570번길 29-20
대전 디엠프레스 호텔,5,다른분의 체모가 조금 남아있었지만 대체로 깨끗하고 시설도 좋구요 역에서 가까우며 이마트트레이더스 바로앞이라좋았어요,2020.04.27,"87,000",대전광역시 서구 한밭대로570번길 29-20
대전 디엠프레스 호텔,4,"역에서 가까운 점, 숙소시설이 나쁘지 않은 점이 좋았지만...
청소는...ㅠㅠ 객실에서 누군가 먹고 흘린 꽃게랑이 나오고 침대시트에 담배로 그을린 자국이 있었네요
리뷰 보니 청소 얘기 꾸준히 나오는 것 같은데 신경 더 써주셨으면 좋겠어요~",2019.06.18,"87,000",대전광역시 서구 한밭대로570번길 29-20
대전 디엠프레스 호텔,4,"아침 맛있었어요 시설도 깔끔하고 친절한데 방에서 화장실이 변기만 나눠져잇는건 아쉽더라고요ㅜ고급모텔느낌, 부담없는가격에 잘쉬고갔습니다",2019.12.21,"87,000",대전광역시 서구 한밭대로570번길 29-20
대전 디엠프레스 호텔,5,역 바로 옆이라 좋구요 조식은 그냥 무난해요 방은 넓네요 화장실도 좋아요 침대도 푹신하고 굿,2019.09.20,"87,000",대전광역시 서구 한밭대로570번길 29-20
대전 디엠프레스 호텔,5,"일단 위치가 역세권이라 좋습니다.
호텔은 처음에는 모텔급 생각했는데 시설이 깔끔하고 깨끗하여 비지니스 호텔로 좋았습니다.",2020.02.14,"87,000",대전광역시 서구 한밭대로570번길 29-20
대전 디엠프레스 호텔,5,더럽게 하고 나간거 같아 너무 죄송하네요 성생님..... 시설은 엄청 깨끗해용 의자 너무 고급같애요 너무 좋았어용,2020.06.08,"87,000",대전광역시 서구 한밭대로570번길 29-20
대전 디엠프레스 호텔,4,2박 연박이였는데 보일러가되서 따뜻했고 위치도 너무 좋아서 편리했습니다 침대도 푹신하고 다음번에도 또 이용하고싶습니다!!!,2020.01.27,"87,000",대전광역시 서구 한밭대로570번길 29-20
대전 디엠프레스 호텔,3,"아일랜드 식탁형 세면대가 있었는데
그 밑 칸막이가 열리더라구요
조금 무서웠는데 안에보니 쓰레기가 가득….
그치만 다른 시설은 깨끗하고 조식도 좋았어요",2022.11.17,"87,000",대전광역시 서구 한밭대로570번길 29-20
대전 디엠프레스 호텔,3,"온돌에 중앙난방이라 더워서 문열고 잠 ㅋㅋ 깨끗한데요 욕실 문고리가 떨어질려고 합니다
잘 묵고 갑니다",2019.12.11,"87,000",대전광역시 서구 한밭대로570번길 29-20
대전 디엠프레스 호텔,2,숙소 깨끗하고 친절하시고 다 좋은데요 사진이랑 숙소랑 너무 달라요;… 비즈니스 호텔 급으로 알고 온건데 걍 모텔이네요..,2023.05.29,"87,000",대전광역시 서구 한밭대로570번길 29-20
대전 디엠프레스 호텔,5,항상 만족합니다. 조식 맛있습니다! 오늘은 닭도리탕까지 나오는 퀄리티 ㅎㅎ 스타일러에 룸컨디션까지 조아요!,2020.01.01,"87,000",대전광역시 서구 한밭대로570번길 29-20
대전 디엠프레스 호텔,5,"침대가 적당한 쿠션감이 있어 좋았고
방이 나름 넓고 깨끗했고
욕실이 욕조따로 샤워부스 따로
무엇보다 맘에 들었던건 화장실이 따로 있어 편했어요
그리고 욕실 수압이 세서 샤워할 때 편했네요
참...조식도 맛있었어요
담에도 또 오고싶네요",2018.08.22,"87,000",대전광역시 서구 한밭대로570번길 29-20
대전 디엠프레스 호텔,4,"시내랑 조금,먼게흠이고요 
나머지 전반적으로 너무 좋았어요 
4인가족이 지내기엔 너무 커서 ㅎㅎㅎㅎ
아무튼 만족하고 갑니다",2019.05.05,"87,000",대전광역시 서구 한밭대로570번길 29-20
대전 디엠프레스 호텔,4,"출장시 묵었습니다,
깔끔하고 조용하나 부띠끄모텔수준이고
조식은 가성비 잘 먹었습니다
입실시 락스냄새가 강하게 나서 조금 불편했으나 전반적으로 깨끗한 청소상태였습니다",2018.07.27,"87,000",대전광역시 서구 한밭대로570번길 29-20
대전 디엠프레스 호텔,3,호텔이라기보단 그급스런 모텔 느낌에 더 가까웠어요.. 화장실과 샤워실이 따로 되어있는데 화장실은 하수도 냄새가 나고 답답했고 샤워실은 휑하니 썰렁했지만 수압은 세고 좋았어요.. 커피포트는 오랬동안 안썼는지 먼지가 쌓였었고 커피랑 컵에도 먼지가... 커피포트는 바꿔달라고해서 바로 바꿔주셨네요,2018.05.10,"87,000",대전광역시 서구 한밭대로570번길 29-20
대전 디엠프레스 호텔,5,"월평역이랑 가깝구, 가격도 저렴한데 진짜 깔끔하구 넘 좋아요!! 동네도 조용해서 제스타일이였어요~",2019.07.07,"87,000",대전광역시 서구 한밭대로570번길 29-20
대전 디엠프레스 호텔,4,"디럭스룸에서 잘 쉬고갑니다~ 대전역 주변에서 놀기엔 조금 먼 거리지만 대전시민천문대가 차로 15분거리에 있고 이마트 트레이더스도 바로 옆에있어서 좋네요 :)
무엇보다 분위기가 좋고 스타일러에 노트북에 조식까지 잘 이용했습니다. TV도 무척크고 화질 좋아요!",2018.01.16,"87,000",대전광역시 서구 한밭대로570번길 29-20
대전 디엠프레스 호텔,5,우선 역과 도보 5분거리라 좋았고 전반적으로 시설도 청결했습니다 휴일이였지만 조용하여 좋았네요,2019.06.09,"87,000",대전광역시 서구 한밭대로570번길 29-20
대전 디엠프레스 호텔,5,"바닥에 온돌이 들어와서 너무 기분 좋았어요 
침구도 푹신하고 깔끔했고 
새벽에 자다가 목이 말라서 프론트에
콜했는데 바로 시원한 물 가져다 주셔서 좋았습니다 
체크인 순간 부터 체크아웃 까지 너무 기분 좋게 다녀왔네요. 대전 가면 여기만 갈거 같아요",2018.01.06,"87,000",대전광역시 서구 한밭대로570번길 29-20
대전 디엠프레스 호텔,4,"프론트 직원분의 태도가 첫인상을 결정하는데, 무성의 하셨어요.

조식쿠폰 주고 이용하라는것 빼곤 딱히 이야기도 없고 그 남직원분은 피곤하셨던듰.",2018.08.08,"87,000",대전광역시 서구 한밭대로570번길 29-20
대전 디엠프레스 호텔,5,"아이와 함께 둘이 숙박했어요
유흥가 아니라서 좋고
바로 옆에 이마트 트레이더스 있어서 편리하고요
인근에 24시간 식당들도 더러 있어서 좋았어요

숙소 내부 깔끔해요
아침 조식도 주고 
가격대비 괜찮았습니다",2018.01.10,"87,000",대전광역시 서구 한밭대로570번길 29-20
대전 디엠프레스 호텔,4,객실도 넓고 깔끔해서 좋았어요~ 스타일러가 있어서 편했습니다~ 다만 옷걸이가 따로 없어서 조금 불편하더라구요 그거빼고 전반적으로 다 만족해요~,2019.01.21,"87,000",대전광역시 서구 한밭대로570번길 29-20
대전 디엠프레스 호텔,5,로얄스위트룸에서 연말파티 했는데 룸도 넓고 취사도 가능해서 좋았어요ㅎ 인원추가 비용도 안받고 그냥 해주시고 덕분에 재밌게 놀다왔습니다. 감사합니다^^,2018.12.24,"87,000",대전광역시 서구 한밭대로570번길 29-20
대전 디엠프레스 호텔,4,모텔과 호텔 사이입니다. 그래서 애매합니다... 건물은 깨끗한 편인데 커피포트에 습기가 차있어서 먹기 좀 그랬습니다.,2018.09.07,"87,000",대전광역시 서구 한밭대로570번길 29-20
대전 디엠프레스 호텔,5,"호텔급은 아닌듯 하나 깨끗하고 넓직했어요 테라스방인데 건너편 이마트트레이더스 주차장이 매우 잘보이지만 괜츈했고, 조식도 딱 먹을만치 적당했어요!",2018.08.16,"87,000",대전광역시 서구 한밭대로570번길 29-20
대전 디엠프레스 호텔,3,직원분들 친절하시고 방이 너무너무 따뜻해서 좋았어요! 근데 이불 위쪽에 피가 묻어있었어요ㅠㅠ.. 너무 늦게 확인해서 말씀을 못드렸는데 확인 좀 잘 부탁드립니다ㅠㅠ,2022.12.05,"87,000",대전광역시 서구 한밭대로570번길 29-20
대전 디엠프레스 호텔,2,"다른것보다 위생상태가 좋지않았어요.
에어컨 리모컨에도 먼지가 많고 특히 화장실변기커버에 이물질 묻어있고 세면대에서 머리카락이 있어서 찝찝했어요.
위층 환풍기소리인지 소음도 계속있고
예민한 사람은 푹잘수있는 환경이 못되더라구요.
직원분은 친절하셨고, 접근성은 좋아요.",2023.06.07,"87,000",대전광역시 서구 한밭대로570번길 29-20
대전 디엠프레스 호텔,4,"생각보다 규모가 작았지만 깔끔하고 청결해서 만족했습니다.
주변 먹거리나 편의시설은 어느ㅓㅇ도는갖춰저",2018.10.06,"87,000",대전광역시 서구 한밭대로570번길 29-20
대전 디엠프레스 호텔,5,비즈니스 호텔 첨 이용해보는데 모텔이랑 가격 차이 크게 없으면서 넘 편함..ㅜㅜ 모텔 안 갈 듯 친절하고 편리한데다 이동하기 좋은 위치,2018.04.09,"87,000",대전광역시 서구 한밭대로570번길 29-20
대전 디엠프레스 호텔,5,"개인적으로 조용해서 너무 좋았어요! 
침대 윗부분 먼지가 쌓여서 조굼 불편한거 빼고는 다 좋앗어요! 다음에도 이용할게요",2018.10.28,"87,000",대전광역시 서구 한밭대로570번길 29-20
대전 디엠프레스 호텔,4,"2주만에 2번째 이용이였는데 
괜찮았어요^ ^

침대앞에 있는 스툴은 있는 호실이
따로 있는지 요번에는 없었네요~",2018.08.16,"87,000",대전광역시 서구 한밭대로570번길 29-20
대전 디엠프레스 호텔,5,깨끗하고 좋아용. 추운날 왔는데 따뜻하고 좋았어요. 근데 한가지 아쉬운점은 조식이 조금 부실했지만 라면 먹고싶었는데 컵라면있어서 잘먹었어요. 담에 또 올께요,2018.01.15,"87,000",대전광역시 서구 한밭대로570번길 29-20
대전 디엠프레스 호텔,4,"바닥에 보일러가 되어있어서 넘 따뜻하게 잤어요:-) 

주변에 먹을만 한 식당도 있고요~ 

조식도 한식, 양식 으로 나와서 좋고요~ 

가운이 필요시에는 1층 로비에 말씀하시면 줘요~",2017.12.16,"87,000",대전광역시 서구 한밭대로570번길 29-20
대전 디엠프레스 호텔,4,"끝방을 잡아주셔서 조용하니 잘자고 왔습니다. 이마트, 지하철 가까워서 좋았어요. 조식은 간단히 먹을수있어 좋았어요.",2018.09.04,"87,000",대전광역시 서구 한밭대로570번길 29-20
대전 디엠프레스 호텔,5,"이것은 신세계 ...ㅋㅋㅋㅋ
스타일러도 있고 ㅋㅋ 침대두 좋구 ㅋㅋ
깔끔하구 ~~ 
연말에 이용했는데두 가격두 저렴하구 ㅋㅋㅋ 좋아염",2018.01.08,"87,000",대전광역시 서구 한밭대로570번길 29-20
대전 디엠프레스 호텔,1,와 다신 오고싶지않아요 출장중 가장비싼 모텔이었는데 화장실은 머리카락이 남아있고 샴푸대신 린스두개가있어서 바디워시로 머리감았네요 샤워중인데 혼자와서 말도못하고 참 돈아까웠어요 그냥 야놀자모텔5만원짜리갈껄ㅜㅠ,2022.10.19,"87,000",대전광역시 서구 한밭대로570번길 29-20
대전 디엠프레스 호텔,3,"방향제 너무 많이 뿌려서 냄새 지독함 8층
화장실 변기 누수
스타일러,공기청정기 없고 조식빼고는 시설물 안좋음",2022.10.08,"87,000",대전광역시 서구 한밭대로570번길 29-20
대전 디엠프레스 호텔,2,"숙소에서 냄새도나고.. 방온도도 직접 조작할수없고.
주차공간이 없어서 다른곳에 주차하고.. 조식도 별로 먹을게 없었습니다. 재방문의사 없음",2022.04.11,"87,000",대전광역시 서구 한밭대로570번길 29-20
대전 디엠프레스 호텔,4,"일단 저렴한 가격에 교통도 편리하고 바로 앞에 트레이더스가 있어서 좋았습니다.
그리고 스타일러가 있어서 너무 편리했습니다.",2017.11.15,"87,000",대전광역시 서구 한밭대로570번길 29-20
대전 디엠프레스 호텔,1,하루 전날 노쇼로 환불이 전혀 안되는건 규정이라 해도 소비자 편의에 아무 도움이 안되는것 같습니다,2017.10.29,"87,000",대전광역시 서구 한밭대로570번길 29-20
대전 디엠프레스 호텔,5,"큰기대없이 갔었는데, 정말 만족스러웠어요~

깨끗하고 조식도 좋았습니다.

추천해요",2018.05.28,"87,000",대전광역시 서구 한밭대로570번길 29-20
대전 디엠프레스 호텔,1,"호텔이 아니라 모텔 수준이네요..
일단 전 재방문 의사 없구요 
청결에 신경 좀 쓰셨으면 좋겠어요
화장실, 세면대에 나방파리가… 정말..
창틀에도 죽은 날파리들 많이 있었어요
방충망도 뜯어진 부분 있어서 들어오자마자 창문 닫았어요;",2023.06.14,"87,000",대전광역시 서구 한밭대로570번길 29-20
대전 디엠프레스 호텔,5,침구도 청결하고 조용하고 객실내부도 깨끗해서 좋았어요 조식도 맛있어요,2024.11.03,"87,000",대전광역시 서구 한밭대로570번길 29-20
대전 디엠프레스 호텔,5,깨끗하게 잘 관리되어있어요,2024.10.22,"87,000",대전광역시 서구 한밭대로570번길 29-20
대전 디엠프레스 호텔,5,..........,2024.10.04,"87,000",대전광역시 서구 한밭대로570번길 29-20
대전 디엠프레스 호텔,5,넓고 트레이더스가 근처에 있습니다,2024.09.23,"87,000",대전광역시 서구 한밭대로570번길 29-20
대전 디엠프레스 호텔,4,직원분들 너무 친절하시고 방 컨디션 좋아요!!,2024.09.19,"87,000",대전광역시 서구 한밭대로570번길 29-20
대전 디엠프레스 호텔,5,깨끗하고 넓고 최고입니다. 근처에 이마트도 있구요,2024.09.16,"87,000",대전광역시 서구 한밭대로570번길 29-20
대전 디엠프레스 호텔,5,"조식나오고
주변 상권좋아요
실내청결은 조금 신경써야겠어요",2024.09.13,"87,000",대전광역시 서구 한밭대로570번길 29-20
대전 디엠프레스 호텔,5,좋았슺니다 잘 만든 숙소,2024.08.26,"87,000",대전광역시 서구 한밭대로570번길 29-20
대전 디엠프레스 호텔,5,너무 늦게 들어가서 아쉬웠지만 조식도 준비되어있고 애기들도 좋아하고 나름 괜찮았어요~!!,2024.08.01,"87,000",대전광역시 서구 한밭대로570번길 29-20
대전 디엠프레스 호텔,5,"매우 친절하지만
수건에서 냄새가 나고 주차가 불편하다",2024.07.12,"87,000",대전광역시 서구 한밭대로570번길 29-20
대전 디엠프레스 호텔,5,조용하고 너무 좋았습니다! 수건은 조금 더 많았음 하네요.,2024.06.17,"87,000",대전광역시 서구 한밭대로570번길 29-20
대전 디엠프레스 호텔,5,너무 편하게 쉬고 왔어요,2024.06.09,"87,000",대전광역시 서구 한밭대로570번길 29-20
대전 디엠프레스 호텔,5,정말 친절하고 깨끗한숙소였습니다,2024.06.09,"87,000",대전광역시 서구 한밭대로570번길 29-20
대전 디엠프레스 호텔,4,"조식은 쏘쏘
그러나 사진대비, 숙소는 모텔느낌이 강함..",2024.06.03,"87,000",대전광역시 서구 한밭대로570번길 29-20
대전 디엠프레스 호텔,5,깔끔하고 아주 잘 지내다가 갑니다.,2024.05.21,"87,000",대전광역시 서구 한밭대로570번길 29-20
대전 디엠프레스 호텔,5,스위트라서 넓어서 좋았어요 ㅎㅎ,2024.04.22,"87,000",대전광역시 서구 한밭대로570번길 29-20
대전 디엠프레스 호텔,5,침구가 청결하고 주차장도 넓어요,2024.03.31,"87,000",대전광역시 서구 한밭대로570번길 29-20
대전 디엠프레스 호텔,5,좋았어요아침조식도좋고,2024.03.23,"87,000",대전광역시 서구 한밭대로570번길 29-20
대전 디엠프레스 호텔,5,깔끔하고 좋았습니다 감사합니다,2024.03.22,"87,000",대전광역시 서구 한밭대로570번길 29-20
대전 디엠프레스 호텔,5,깔끔하고 좋았습니다 감사합니다,2024.03.22,"87,000",대전광역시 서구 한밭대로570번길 29-20
대전 디엠프레스 호텔,5,깔끔하고 좋았습니다 감사합니다,2024.03.22,"87,000",대전광역시 서구 한밭대로570번길 29-20
대전 디엠프레스 호텔,5,깔끔하고 좋았습니다 감사합니다,2024.03.22,"87,000",대전광역시 서구 한밭대로570번길 29-20
대전 디엠프레스 호텔,5,괜찮았어요,2024.03.17,"87,000",대전광역시 서구 한밭대로570번길 29-20
대전 디엠프레스 호텔,5,자주 이용합니다!,2024.03.09,"87,000",대전광역시 서구 한밭대로570번길 29-20
대전 디엠프레스 호텔,4,조식이 좋습니다.,2024.02.02,"87,000",대전광역시 서구 한밭대로570번길 29-20
대전 디엠프레스 호텔,5,깔끔하고 좋습니다,2024.01.11,"87,000",대전광역시 서구 한밭대로570번길 29-20
대전 디엠프레스 호텔,5,깨끗하고 친절해요,2024.01.02,"87,000",대전광역시 서구 한밭대로570번길 29-20
대전 디엠프레스 호텔,5,"언제든지 예약가능하고, 주차장 편함",2023.12.28,"87,000",대전광역시 서구 한밭대로570번길 29-20
대전 디엠프레스 호텔,4,가성비 좋아요,2023.12.22,"87,000",대전광역시 서구 한밭대로570번길 29-20
대전 디엠프레스 호텔,5,잘쉬고갑니다,2023.12.12,"87,000",대전광역시 서구 한밭대로570번길 29-20
대전 디엠프레스 호텔,5,아이도 너무 좋아하고 대만족이였습니다.,2023.10.11,"87,000",대전광역시 서구 한밭대로570번길 29-20
대전 디엠프레스 호텔,5,객실상태 깔끔하고요 조식은 심플하지만 먹을만 합니다,2023.10.02,"87,000",대전광역시 서구 한밭대로570번길 29-20
대전 디엠프레스 호텔,5,위치도 좋고 내부도 깨끗합니다,2023.09.19,"87,000",대전광역시 서구 한밭대로570번길 29-20
대전 디엠프레스 호텔,2,사진과 느낌이너무달라요,2023.09.16,"87,000",대전광역시 서구 한밭대로570번길 29-20
대전 디엠프레스 호텔,5,잘쉬다갑니다,2023.09.08,"87,000",대전광역시 서구 한밭대로570번길 29-20
대전 디엠프레스 호텔,5,대전 숙소 중에 준수한 곳입니다!,2023.08.20,"87,000",대전광역시 서구 한밭대로570번길 29-20
대전 디엠프레스 호텔,5,"깨끗하고 좋습니다
조식도 맛 잇네요",2023.08.14,"87,000",대전광역시 서구 한밭대로570번길 29-20
대전 디엠프레스 호텔,5,쾌적한 공간,2023.08.14,"87,000",대전광역시 서구 한밭대로570번길 29-20
대전 디엠프레스 호텔,5,너무친절하시고 방도 너무좋앗어요~~~,2023.08.09,"87,000",대전광역시 서구 한밭대로570번길 29-20
대전 디엠프레스 호텔,4,괜찮습니다,2023.07.05,"87,000",대전광역시 서구 한밭대로570번길 29-20
대전 디엠프레스 호텔,5,깔끔해서 좋았습니다,2023.06.19,"87,000",대전광역시 서구 한밭대로570번길 29-20
대전 디엠프레스 호텔,3,객실내 담배냄새 제거를위한 방향제등 설치필요,2023.06.15,"87,000",대전광역시 서구 한밭대로570번길 29-20
대전 디엠프레스 호텔,5,맘에들어요. 손님이편하게잘쓰셔다고하네요.,2023.05.31,"87,000",대전광역시 서구 한밭대로570번길 29-20
대전 디엠프레스 호텔,5,청결해서 만족스럽습니다,2023.05.28,"87,000",대전광역시 서구 한밭대로570번길 29-20
대전 디엠프레스 호텔,4,깨끗한 곳에서 잘 쉬었다가 갑니다^^,2023.05.25,"87,000",대전광역시 서구 한밭대로570번길 29-20
대전 디엠프레스 호텔,5,좋아서 거의 연박했어요,2023.05.09,"87,000",대전광역시 서구 한밭대로570번길 29-20
대전 디엠프레스 호텔,3,비가 많이 와서 그런지 방 두곳 다 누수가 있음,2023.05.06,"87,000",대전광역시 서구 한밭대로570번길 29-20
대전 디엠프레스 호텔,5,방깨끗프런트친절조식개맛,2023.04.22,"87,000",대전광역시 서구 한밭대로570번길 29-20
대전 디엠프레스 호텔,4,편안해서좋아요,2023.04.05,"87,000",대전광역시 서구 한밭대로570번길 29-20
대전 디엠프레스 호텔,5,감사합니다랄,2023.03.30,"87,000",대전광역시 서구 한밭대로570번길 29-20
대전 디엠프레스 호텔,5,좋았습니다,2023.02.26,"87,000",대전광역시 서구 한밭대로570번길 29-20
대전 디엠프레스 호텔,5,잘쉬다가요,2023.02.15,"87,000",대전광역시 서구 한밭대로570번길 29-20
대전 디엠프레스 호텔,5,잘 쉬다 갑니다!,2023.02.12,"87,000",대전광역시 서구 한밭대로570번길 29-20
대전 디엠프레스 호텔,5,방이넓고좋았어요 대신 먼지가 너무많아서..,2023.02.11,"87,000",대전광역시 서구 한밭대로570번길 29-20
대전 디엠프레스 호텔,5,완전 잘쉬다왔어요~^^,2023.01.25,"87,000",대전광역시 서구 한밭대로570번길 29-20
대전 디엠프레스 호텔,5,설에 따듯하게 잘쉬다갑니다~ 스위트룸 완전 넓어용,2023.01.24,"87,000",대전광역시 서구 한밭대로570번길 29-20
대전 디엠프레스 호텔,4,생각보다 방이 넓어 놀람,2023.01.23,"87,000",대전광역시 서구 한밭대로570번길 29-20
대전 디엠프레스 호텔,2,수건이 인원수 부족하고 올라오는 담배 냄새가 있었음,2023.01.16,"87,000",대전광역시 서구 한밭대로570번길 29-20
대전 디엠프레스 호텔,5,"2번째인데 여긴 최고입니다 
대전에서",2023.01.15,"87,000",대전광역시 서구 한밭대로570번길 29-20
대전 디엠프레스 호텔,5,야무지게 휴식 때리고 갑니다,2023.01.11,"87,000",대전광역시 서구 한밭대로570번길 29-20
대전 디엠프레스 호텔,5,주차 공간부족 빼고는 다~ 좋습니다.^^,2023.01.09,"87,000",대전광역시 서구 한밭대로570번길 29-20
대전 디엠프레스 호텔,5,넘 좋았어용!!!! 재방문생각 잇어용~~,2023.01.09,"87,000",대전광역시 서구 한밭대로570번길 29-20
대전 디엠프레스 호텔,3,객실에 먼지가 너무많아요 ㅠ,2023.01.03,"87,000",대전광역시 서구 한밭대로570번길 29-20
대전 디엠프레스 호텔,5,깔끔하고 좋았어요. 보일러 빵빵해서 창문 열고 자니까 딱 좋았어요,2022.12.31,"87,000",대전광역시 서구 한밭대로570번길 29-20
대전 디엠프레스 호텔,4,깔끔합니다,2022.12.30,"87,000",대전광역시 서구 한밭대로570번길 29-20
대전 디엠프레스 호텔,5,트레이더스 바로 뒤편 이고 주변 먹거리도 많습니다 침대 컨디션이 아주 좋습니다,2022.12.26,"87,000",대전광역시 서구 한밭대로570번길 29-20
대전 디엠프레스 호텔,5,전반적으로 저렴하게 호텔시설 잘 이용했습니다,2022.12.19,"87,000",대전광역시 서구 한밭대로570번길 29-20
대전 디엠프레스 호텔,5,너무깨끗하고 좋았습니다,2022.12.03,"87,000",대전광역시 서구 한밭대로570번길 29-20
대전 디엠프레스 호텔,4,깨끗하고 좋았습니다.,2022.12.01,"87,000",대전광역시 서구 한밭대로570번길 29-20
대전 디엠프레스 호텔,5,잘 쉬다 갑니다,2022.12.01,"87,000",대전광역시 서구 한밭대로570번길 29-20
대전 디엠프레스 호텔,4,"조식이 좋았으며 난방이 잘됨, 잘 쉬었음",2022.11.28,"87,000",대전광역시 서구 한밭대로570번길 29-20
대전 디엠프레스 호텔,5,"친절, 깔끔, 조용, 담배냄새 X, 조식훌륭, 식당 및 청소여사님 고생 많으십니다",2022.11.20,"87,000",대전광역시 서구 한밭대로570번길 29-20
대전 디엠프레스 호텔,5,친절하셨던 기억이나네용,2022.11.18,"87,000",대전광역시 서구 한밭대로570번길 29-20
대전 디엠프레스 호텔,5,"조식 맛있었고, 편안했습니다",2022.11.15,"87,000",대전광역시 서구 한밭대로570번길 29-20
대전 디엠프레스 호텔,5,친절하고 방이 깨끗했어요,2022.11.10,"87,000",대전광역시 서구 한밭대로570번길 29-20
대전 디엠프레스 호텔,4,룸이 깔끔하고 조식도 맛있었어요..,2022.11.10,"87,000",대전광역시 서구 한밭대로570번길 29-20
대전 디엠프레스 호텔,5,청결도 제외하고는 다 좋았습니다.,2022.11.10,"87,000",대전광역시 서구 한밭대로570번길 29-20
대전 디엠프레스 호텔,5,깨끗합니다.,2022.11.07,"87,000",대전광역시 서구 한밭대로570번길 29-20
대전 디엠프레스 호텔,5,방이 넓고 쾌적했습니다 샤워실과 화장실이 분리되어있고 샤워실이 넓어 좋았습니다!,2022.11.07,"87,000",대전광역시 서구 한밭대로570번길 29-20
대전 디엠프레스 호텔,4,시설 괜찮고 불만 없습니다.,2022.11.06,"87,000",대전광역시 서구 한밭대로570번길 29-20
대전 디엠프레스 호텔,4,편안하게 묵고갑니다,2022.10.31,"87,000",대전광역시 서구 한밭대로570번길 29-20
대전 디엠프레스 호텔,4,조식이 포함되어 좋음,2022.10.31,"87,000",대전광역시 서구 한밭대로570번길 29-20
대전 디엠프레스 호텔,5,만족만족만족만족만족만족,2022.10.31,"87,000",대전광역시 서구 한밭대로570번길 29-20
대전 디엠프레스 호텔,5,깔끔하고 넓어요. 시설도 고급진 편입니다. 아침도 한식뷔페 가격대비 훌륭합니다.,2022.10.29,"87,000",대전광역시 서구 한밭대로570번길 29-20
대전 디엠프레스 호텔,5,좋았습니다,2022.10.24,"87,000",대전광역시 서구 한밭대로570번길 29-20
대전 디엠프레스 호텔,5,주변에 트레이더스가 있어서 뭐 사서 먹기 괜찮아요,2022.10.23,"87,000",대전광역시 서구 한밭대로570번길 29-20
대전 디엠프레스 호텔,5,친구들이랑 파티 잘 했어요!,2022.10.22,"87,000",대전광역시 서구 한밭대로570번길 29-20
대전 디엠프레스 호텔,4,객실 깨끗하고 조식도 좋았어요. 시내에 있어서 주변 식당도 많아요,2022.10.09,"87,000",대전광역시 서구 한밭대로570번길 29-20
대전 디엠프레스 호텔,4,괜찮았어요. 이마트트레이더스도 가깝고요 ㅎㅎ,2022.10.09,"87,000",대전광역시 서구 한밭대로570번길 29-20
대전 디엠프레스 호텔,5,조식이 좋았어요,2022.09.26,"87,000",대전광역시 서구 한밭대로570번길 29-20
대전 디엠프레스 호텔,4,중간 정도 좋아요,2022.09.24,"87,000",대전광역시 서구 한밭대로570번길 29-20
대전 디엠프레스 호텔,5,"매주가는 곳
추석연휴라 어플 이용했네요",2022.09.10,"87,000",대전광역시 서구 한밭대로570번길 29-20
대전 디엠프레스 호텔,4,좋았습니다. 잘 쉬었어요,2022.09.07,"87,000",대전광역시 서구 한밭대로570번길 29-20
대전 디엠프레스 호텔,4,깨끗해서 좋아요,2022.09.07,"87,000",대전광역시 서구 한밭대로570번길 29-20
대전 디엠프레스 호텔,5,깔끔하고 좋았습니다~,2022.09.03,"87,000",대전광역시 서구 한밭대로570번길 29-20
대전 디엠프레스 호텔,5,숙소 넓고 좋았어요^^,2022.08.30,"87,000",대전광역시 서구 한밭대로570번길 29-20
대전 디엠프레스 호텔,4,깨끄해서 좋아요,2022.08.19,"87,000",대전광역시 서구 한밭대로570번길 29-20
대전 디엠프레스 호텔,5,조아요오오,2022.08.02,"87,000",대전광역시 서구 한밭대로570번길 29-20
대전 디엠프레스 호텔,4,지하주차장매연냄세빼곤 좋아요,2022.08.02,"87,000",대전광역시 서구 한밭대로570번길 29-20
대전 디엠프레스 호텔,4,좋았습니다,2022.07.25,"87,000",대전광역시 서구 한밭대로570번길 29-20
대전 디엠프레스 호텔,5,너무 깔끔하고 편히쉬다갑니다,2022.07.24,"87,000",대전광역시 서구 한밭대로570번길 29-20
대전 디엠프레스 호텔,5,지하철역 바로 앞이라 교통편도 좋고 내부가 넓어서 정말 좋았어요!,2022.07.22,"87,000",대전광역시 서구 한밭대로570번길 29-20
대전 디엠프레스 호텔,5,"대리석바닥에 침실도 두개고
친구들이랑 편하게 잘쓰고 갑니다~!",2022.07.18,"87,000",대전광역시 서구 한밭대로570번길 29-20
대전 디엠프레스 호텔,5,늦게갔는데 체크인 잘해주시고 방상태 좋았구요!! 재방문 의사 잇습니당ㅎㅎ,2022.07.18,"87,000",대전광역시 서구 한밭대로570번길 29-20
대전 디엠프레스 호텔,5,"깔끔하고 위치도 좋아요.
적극 추천",2022.07.16,"87,000",대전광역시 서구 한밭대로570번길 29-20
대전 디엠프레스 호텔,4,잘 쉬다 왔습니다. 조식도 좋았어요,2022.07.13,"87,000",대전광역시 서구 한밭대로570번길 29-20
대전 디엠프레스 호텔,5,"객실도 깨끗하고, 화장실도 넓어서 좋았어요!",2022.07.06,"87,000",대전광역시 서구 한밭대로570번길 29-20
대전 디엠프레스 호텔,4,시설 괜찮아요,2022.06.28,"87,000",대전광역시 서구 한밭대로570번길 29-20
대전 디엠프레스 호텔,5,잘 쉬었습니다,2022.06.27,"87,000",대전광역시 서구 한밭대로570번길 29-20
대전 디엠프레스 호텔,5,잘 쉬었습니다,2022.06.27,"87,000",대전광역시 서구 한밭대로570번길 29-20
대전 디엠프레스 호텔,5,잘 쉬었습니다,2022.06.27,"87,000",대전광역시 서구 한밭대로570번길 29-20
대전 디엠프레스 호텔,5,다 좋았는데 바닥이 더러워서 실내화 안신으면 발바닥이 까매져요ㅜ,2022.06.19,"87,000",대전광역시 서구 한밭대로570번길 29-20
대전 디엠프레스 호텔,4,월평역 바로 앞이여서 위치도 좋고 만족합니다~^^,2022.06.19,"87,000",대전광역시 서구 한밭대로570번길 29-20
대전 디엠프레스 호텔,5,"이주 잘 썻너요 감사합니다 바로 앞에
이마트 있어서 저렴하게 즐거운 호캉스 즐김여",2022.06.16,"87,000",대전광역시 서구 한밭대로570번길 29-20
대전 디엠프레스 호텔,5,깔끔하고 좋았어요,2022.06.13,"87,000",대전광역시 서구 한밭대로570번길 29-20
대전 디엠프레스 호텔,4,약간 오래 된 듯합니다 아침식사은 좋아요,2022.06.09,"87,000",대전광역시 서구 한밭대로570번길 29-20
대전 디엠프레스 호텔,4,"위치, 조식 좋아요~!",2022.06.07,"87,000",대전광역시 서구 한밭대로570번길 29-20
대전 디엠프레스 호텔,5,항상 이용합니다,2022.05.20,"87,000",대전광역시 서구 한밭대로570번길 29-20
대전 디엠프레스 호텔,3,저렴한 가격에 너무좋았네요 스타일러 있어서 퍈해요,2022.05.08,"87,000",대전광역시 서구 한밭대로570번길 29-20
대전 디엠프레스 호텔,5,좋습니다^^,2022.05.06,"87,000",대전광역시 서구 한밭대로570번길 29-20
대전 디엠프레스 호텔,5,대체적으로 좋았음,2022.05.01,"87,000",대전광역시 서구 한밭대로570번길 29-20
대전 디엠프레스 호텔,3,그냥 무난하게 잠 잘 수 있는곳인듯,2022.04.28,"87,000",대전광역시 서구 한밭대로570번길 29-20
대전 디엠프레스 호텔,5,깨끗하고 좋습니다,2022.04.25,"87,000",대전광역시 서구 한밭대로570번길 29-20
대전 디엠프레스 호텔,4,만죡합니다,2022.04.25,"87,000",대전광역시 서구 한밭대로570번길 29-20
대전 디엠프레스 호텔,4,"조식 맛이 훌륭했지만
카운터 여직원분이 조금만 친절하셨으면 좋겠습니다.",2022.04.21,"87,000",대전광역시 서구 한밭대로570번길 29-20
대전 디엠프레스 호텔,3,룸컨디션은 괜찮았지만 조식이 실망스럽습니다.,2022.04.18,"87,000",대전광역시 서구 한밭대로570번길 29-20
대전 디엠프레스 호텔,5,깨끗하고 좋았어요 특실은 가족끼리 묵기도 좋네요,2022.03.07,"87,000",대전광역시 서구 한밭대로570번길 29-20
대전 디엠프레스 호텔,5,노무조하용,2022.02.07,"87,000",대전광역시 서구 한밭대로570번길 29-20
대전 디엠프레스 호텔,5,"방도 따숩고 다좋았는데
술먹고 떠드는 객실이 있어 새벽까지 좀 힘들었네요",2022.01.25,"87,000",대전광역시 서구 한밭대로570번길 29-20
대전 디엠프레스 호텔,4,좋아요.청소.시설 좋습니다,2022.01.19,"87,000",대전광역시 서구 한밭대로570번길 29-20
대전 디엠프레스 호텔,5,깔끔하고 넓어서 좋아요,2021.12.17,"87,000",대전광역시 서구 한밭대로570번길 29-20
대전 디엠프레스 호텔,5,위치 좋고 깨끗해요,2021.11.26,"87,000",대전광역시 서구 한밭대로570번길 29-20
대전 디엠프레스 호텔,4,시설이 조금 오래되긴했지만 방은 아늑하고 좋았어요 노트북이 없는게 아쉽네요 ㅠ,2021.11.09,"87,000",대전광역시 서구 한밭대로570번길 29-20
대전 디엠프레스 호텔,5,깔끔하고 따뜻하고 넓었어요~조용해서 잘 쉬었어요!,2021.10.27,"87,000",대전광역시 서구 한밭대로570번길 29-20
대전 디엠프레스 호텔,4,한식 조식이 좋았습니다. 난방도 잘되고 수압도 좋았어요~! 추천해요,2021.10.26,"87,000",대전광역시 서구 한밭대로570번길 29-20
대전 디엠프레스 호텔,5,방도 깔끔하고 가성비가 좋았어요!,2021.10.16,"87,000",대전광역시 서구 한밭대로570번길 29-20
대전 디엠프레스 호텔,3,잘 쉬었다갑니다.,2021.08.22,"87,000",대전광역시 서구 한밭대로570번길 29-20
대전 디엠프레스 호텔,5,"잼나게 잘놀고 편하게 지냈습니다
조식도 괜찮았습니다",2021.08.18,"87,000",대전광역시 서구 한밭대로570번길 29-20
대전 디엠프레스 호텔,2,"ㅔ입실안하면 전화한통이라도 주시지,,
예약잘못한줄도몰랐ㅇ네오",2021.08.08,"87,000",대전광역시 서구 한밭대로570번길 29-20
대전 디엠프레스 호텔,5,그냥 평범했어요,2021.08.08,"87,000",대전광역시 서구 한밭대로570번길 29-20
대전 디엠프레스 호텔,2,가격대비 별로였어요,2021.07.14,"87,000",대전광역시 서구 한밭대로570번길 29-20
대전 디엠프레스 호텔,4,깨끗한 숙소 입니다,2021.06.11,"87,000",대전광역시 서구 한밭대로570번길 29-20
대전 디엠프레스 호텔,4,괜찮습니다 깨끗해요,2021.06.11,"87,000",대전광역시 서구 한밭대로570번길 29-20
대전 디엠프레스 호텔,5,너무 깔끔하고 좋았습니다! 모든 면이 깨끗했고 완벽했어요,2021.05.21,"87,000",대전광역시 서구 한밭대로570번길 29-20
대전 디엠프레스 호텔,5,아주 좋네요,2021.05.13,"87,000",대전광역시 서구 한밭대로570번길 29-20
대전 디엠프레스 호텔,4,아침도 괜찮고 좋습니다,2021.04.12,"87,000",대전광역시 서구 한밭대로570번길 29-20
대전 디엠프레스 호텔,5,편하게 잘쉬다가 갔어요.,2021.04.04,"87,000",대전광역시 서구 한밭대로570번길 29-20
대전 디엠프레스 호텔,3,조식 맛있어요!,2021.03.01,"87,000",대전광역시 서구 한밭대로570번길 29-20
대전 디엠프레스 호텔,5,밥도 맛있고 좋아요,2021.02.15,"87,000",대전광역시 서구 한밭대로570번길 29-20
대전 디엠프레스 호텔,3,화장실이 넓어서 좋았어요,2021.02.02,"87,000",대전광역시 서구 한밭대로570번길 29-20
대전 디엠프레스 호텔,5,침대 퀄리티가 좋아서 편안하게 쉬다 갑니다~,2021.01.25,"87,000",대전광역시 서구 한밭대로570번길 29-20
대전 디엠프레스 호텔,4,처음 가봤는데 편하게 잘 묵고 왔어요!,2021.01.05,"87,000",대전광역시 서구 한밭대로570번길 29-20
대전 디엠프레스 호텔,5,잘 쉬고 갑니다! 청결하고 분위기도 너무 좋았네요!!,2021.01.04,"87,000",대전광역시 서구 한밭대로570번길 29-20
대전 디엠프레스 호텔,5,바로옆에 이마트있어서 편하고 방이 생각보다넓고 엄청깨끗해서 좋았어요~!,2021.01.03,"87,000",대전광역시 서구 한밭대로570번길 29-20
대전 디엠프레스 호텔,5,깔끔하고 좋았어요,2020.12.31,"87,000",대전광역시 서구 한밭대로570번길 29-20
대전 디엠프레스 호텔,5,시설도 너무 좋고 깔끔해서 너무 잘놀다갑니다^^,2020.12.26,"87,000",대전광역시 서구 한밭대로570번길 29-20
대전 디엠프레스 호텔,4,깔끔하고좋아요,2020.12.05,"87,000",대전광역시 서구 한밭대로570번길 29-20
대전 디엠프레스 호텔,5,좋았어요 깔끔,2020.10.02,"87,000",대전광역시 서구 한밭대로570번길 29-20
대전 디엠프레스 호텔,5,"테라스룸 겨울에는 어떻게 하는지 모르겠지만 지금날씨에 
지내기에는 좋아요",2020.09.29,"87,000",대전광역시 서구 한밭대로570번길 29-20
대전 디엠프레스 호텔,5,깔끔하고 좋습니다.,2020.08.08,"87,000",대전광역시 서구 한밭대로570번길 29-20
대전 디엠프레스 호텔,4,조식은 전날나온거랑 똑같이나옴,2020.07.15,"87,000",대전광역시 서구 한밭대로570번길 29-20
대전 디엠프레스 호텔,5,침대도 푹신하고 방 컨디션도 좋고 주차도 좋아요,2020.06.15,"87,000",대전광역시 서구 한밭대로570번길 29-20
대전 디엠프레스 호텔,4,"교통은 좋은데 주변 환경은 그닥임
전체적으로 나쁘지 않았음",2020.06.15,"87,000",대전광역시 서구 한밭대로570번길 29-20
대전 디엠프레스 호텔,5,숙소가 넓고 깔끔해서 좋았습니다. 다음에 또 가고 싶은 곳입니다.,2020.06.14,"87,000",대전광역시 서구 한밭대로570번길 29-20
대전 디엠프레스 호텔,5,친절하고 깔끔해요,2020.06.11,"87,000",대전광역시 서구 한밭대로570번길 29-20
대전 디엠프레스 호텔,5,객실은 좋은데 조식은 진짜 먹을게 하나도 없어요~~,2020.06.09,"87,000",대전광역시 서구 한밭대로570번길 29-20
대전 디엠프레스 호텔,4,방 넓직하고 좋아요 먼지가 좀 있는 것 빼곤 깔끔해요,2020.06.04,"87,000",대전광역시 서구 한밭대로570번길 29-20
대전 디엠프레스 호텔,3,"깨끗하고 1인 조식도 주고 괜찮아요!ㅎㅎ
직원들도 친절한듯요",2020.05.31,"87,000",대전광역시 서구 한밭대로570번길 29-20
대전 디엠프레스 호텔,5,"가성비 갑이예요
잘쉬었다가요",2020.05.31,"87,000",대전광역시 서구 한밭대로570번길 29-20
대전 디엠프레스 호텔,5,커피포트가 좀 더러웠네요,2020.05.25,"87,000",대전광역시 서구 한밭대로570번길 29-20
대전 디엠프레스 호텔,5,깔끔합니다,2020.05.23,"87,000",대전광역시 서구 한밭대로570번길 29-20
대전 디엠프레스 호텔,4,괜찮았습니다,2020.05.22,"87,000",대전광역시 서구 한밭대로570번길 29-20
대전 디엠프레스 호텔,4,잘쉬다 갑니다,2020.05.19,"87,000",대전광역시 서구 한밭대로570번길 29-20
대전 디엠프레스 호텔,5,방도 넓고 좋았어요 도로변이라 조금 시끄러운거 말고는 굿,2020.05.18,"87,000",대전광역시 서구 한밭대로570번길 29-20
대전 디엠프레스 호텔,5,그냥괜찮음,2020.05.15,"87,000",대전광역시 서구 한밭대로570번길 29-20
대전 디엠프레스 호텔,5,늘 최고의 서비스! 조식도 최고!,2020.05.11,"87,000",대전광역시 서구 한밭대로570번길 29-20
대전 디엠프레스 호텔,4,깨끗하고 좋은데 수건이 너무 부족해요ㅜ,2020.05.10,"87,000",대전광역시 서구 한밭대로570번길 29-20
대전 디엠프레스 호텔,5,최고입니다!,2020.05.02,"87,000",대전광역시 서구 한밭대로570번길 29-20
대전 디엠프레스 호텔,5,~~~~~,2020.05.02,"87,000",대전광역시 서구 한밭대로570번길 29-20
대전 디엠프레스 호텔,5,조식도 맛있고 잘 쉬었어요~,2020.04.28,"87,000",대전광역시 서구 한밭대로570번길 29-20
대전 디엠프레스 호텔,4,"옆에서 공사중이라 소음이 심해서 아쉬웠습니다 시설은
깔끔한편이었슴다",2020.04.26,"87,000",대전광역시 서구 한밭대로570번길 29-20
대전 디엠프레스 호텔,5,자주가는데 항상 좋아용,2020.04.23,"87,000",대전광역시 서구 한밭대로570번길 29-20
대전 디엠프레스 호텔,5,굿굿굿긋ㆍ긋ㆍ,2020.03.29,"87,000",대전광역시 서구 한밭대로570번길 29-20
대전 디엠프레스 호텔,5,늘 최고입니다^^,2020.03.12,"87,000",대전광역시 서구 한밭대로570번길 29-20
대전 디엠프레스 호텔,4,역도 가깝고 이마트 트레이더스도 바로 앞에 있고 숙소도 깨끗하고 괜찮았습니다 ~,2020.02.25,"87,000",대전광역시 서구 한밭대로570번길 29-20
대전 디엠프레스 호텔,5,"방음이 잘안되네요
그리고 왜 카등영수증을안끊어주는지모르겠네요
취소한번해주면되는걸",2020.02.20,"87,000",대전광역시 서구 한밭대로570번길 29-20
대전 디엠프레스 호텔,5,출장시 이용하기 딱 좋아요,2020.01.27,"87,000",대전광역시 서구 한밭대로570번길 29-20
대전 디엠프레스 호텔,5,"최고입니다.
다음에 또 이용할게요.",2020.01.26,"87,000",대전광역시 서구 한밭대로570번길 29-20
대전 디엠프레스 호텔,5,직원분들이 너무 친절하세요,2020.01.24,"87,000",대전광역시 서구 한밭대로570번길 29-20
대전 디엠프레스 호텔,4,"가성비 준호텔
조식 먹을만함
청결은 아쉬움",2020.01.20,"87,000",대전광역시 서구 한밭대로570번길 29-20
대전 디엠프레스 호텔,5,너무너무좋아요,2020.01.19,"87,000",대전광역시 서구 한밭대로570번길 29-20
대전 디엠프레스 호텔,5,잘쉬다갑니다,2020.01.12,"87,000",대전광역시 서구 한밭대로570번길 29-20
대전 디엠프레스 호텔,5,"늘힐링하러가는곳입니다
좋아요",2020.01.11,"87,000",대전광역시 서구 한밭대로570번길 29-20
대전 디엠프레스 호텔,5,다 만족했어용,2019.12.31,"87,000",대전광역시 서구 한밭대로570번길 29-20
대전 디엠프레스 호텔,3,"주차장도 좁고 그냥그냥 모텔
난방은 엄청 세서 너무 더웠어요",2019.12.28,"87,000",대전광역시 서구 한밭대로570번길 29-20
대전 디엠프레스 호텔,5,좋았습니다,2019.12.26,"87,000",대전광역시 서구 한밭대로570번길 29-20
대전 디엠프레스 호텔,5,호텔과 모텔 사이의 중간 어드매쯤,2019.12.25,"87,000",대전광역시 서구 한밭대로570번길 29-20
대전 디엠프레스 호텔,5,늘찾아가고 있어요!,2019.12.16,"87,000",대전광역시 서구 한밭대로570번길 29-20
대전 디엠프레스 호텔,3,관리가 조금..,2019.12.13,"87,000",대전광역시 서구 한밭대로570번길 29-20
대전 디엠프레스 호텔,5,조식이 진짜 맛좋네요,2019.12.06,"87,000",대전광역시 서구 한밭대로570번길 29-20
대전 디엠프레스 호텔,5,좋았습니다,2019.12.03,"87,000",대전광역시 서구 한밭대로570번길 29-20
대전 디엠프레스 호텔,4,좋아요~~,2019.12.01,"87,000",대전광역시 서구 한밭대로570번길 29-20
대전 디엠프레스 호텔,5,잘 쉬다가 갑니다,2019.11.24,"87,000",대전광역시 서구 한밭대로570번길 29-20
대전 디엠프레스 호텔,5,위치 주차 괜찮고 조식도 괜찮아요,2019.11.19,"87,000",대전광역시 서구 한밭대로570번길 29-20
대전 디엠프레스 호텔,5,친절하구 나쁘지않았습니다^^,2019.11.10,"87,000",대전광역시 서구 한밭대로570번길 29-20
대전 디엠프레스 호텔,5,"깔끔해요.
다만 호텔보다는 고급모텔 느낌
조금 아쉬운점은 있어요",2019.11.06,"87,000",대전광역시 서구 한밭대로570번길 29-20
대전 디엠프레스 호텔,4,잘 지내다 갑니다. 방도 넓고 냉난방도 잘되서 좋네요!,2019.11.02,"87,000",대전광역시 서구 한밭대로570번길 29-20
대전 디엠프레스 호텔,5,항상 좋습니다.,2019.10.30,"87,000",대전광역시 서구 한밭대로570번길 29-20
대전 디엠프레스 호텔,5,언제나최고!,2019.10.28,"87,000",대전광역시 서구 한밭대로570번길 29-20
대전 디엠프레스 호텔,4,"깔끔한게 깨끗하고 좋네요
하루 잘 묵을수 있을것 같습니다",2019.10.25,"87,000",대전광역시 서구 한밭대로570번길 29-20
대전 디엠프레스 호텔,4,"깔끔하고 좋아요
조식이 맛있어요",2019.10.21,"87,000",대전광역시 서구 한밭대로570번길 29-20
대전 디엠프레스 호텔,4,늘 괜찮아요,2019.10.16,"87,000",대전광역시 서구 한밭대로570번길 29-20
대전 디엠프레스 호텔,5,방도 크고넓고 깨끗해서 아주 잘쉬었다 갑니다,2019.10.10,"87,000",대전광역시 서구 한밭대로570번길 29-20
대전 디엠프레스 호텔,5,여자친구도 저도 만족했습니다,2019.10.04,"87,000",대전광역시 서구 한밭대로570번길 29-20
대전 디엠프레스 호텔,5,좋아요 깔끔,2019.10.02,"87,000",대전광역시 서구 한밭대로570번길 29-20
대전 디엠프레스 호텔,5,괜찮았어요!,2019.10.01,"87,000",대전광역시 서구 한밭대로570번길 29-20
대전 디엠프레스 호텔,5,적당한 가격에 괜찮은 시설 ㅎㅎ,2019.09.30,"87,000",대전광역시 서구 한밭대로570번길 29-20
대전 디엠프레스 호텔,3,친절합십니다,2019.09.29,"87,000",대전광역시 서구 한밭대로570번길 29-20
대전 디엠프레스 호텔,5,너무좋앗어요 아깝지가 않네여 ㅎㅎㅎ,2019.09.22,"87,000",대전광역시 서구 한밭대로570번길 29-20
대전 디엠프레스 호텔,5,만족 좋아요,2019.09.21,"87,000",대전광역시 서구 한밭대로570번길 29-20
대전 디엠프레스 호텔,5,완전좋아용,2019.08.26,"87,000",대전광역시 서구 한밭대로570번길 29-20
대전 디엠프레스 호텔,4,"저렴한 가격에 잘 지냈습니다
근처에 편의점이 있어서 편했습니다",2019.08.18,"87,000",대전광역시 서구 한밭대로570번길 29-20
대전 디엠프레스 호텔,5,너무좋았습니다,2019.08.12,"87,000",대전광역시 서구 한밭대로570번길 29-20
대전 디엠프레스 호텔,5,좋았습니다! 늦게일어나서 조식못먹은건 빼구오 ㅠㅠ,2019.08.12,"87,000",대전광역시 서구 한밭대로570번길 29-20
대전 디엠프레스 호텔,5,아주 깔끔하네요,2019.08.10,"87,000",대전광역시 서구 한밭대로570번길 29-20
대전 디엠프레스 호텔,5,조아조아조아요,2019.08.10,"87,000",대전광역시 서구 한밭대로570번길 29-20
대전 디엠프레스 호텔,5,깔끔하고 좋아요,2019.08.07,"87,000",대전광역시 서구 한밭대로570번길 29-20
대전 디엠프레스 호텔,5,월평동에서 젤좋은곳 자주가는 아지트입니다,2019.08.02,"87,000",대전광역시 서구 한밭대로570번길 29-20
대전 디엠프레스 호텔,5,좋습니다 추천,2019.08.01,"87,000",대전광역시 서구 한밭대로570번길 29-20
대전 디엠프레스 호텔,5,친절했습니다,2019.08.01,"87,000",대전광역시 서구 한밭대로570번길 29-20
대전 디엠프레스 호텔,5,깔끔하고 좋았습니다.,2019.07.27,"87,000",대전광역시 서구 한밭대로570번길 29-20
대전 디엠프레스 호텔,5,깔끔하고 좋았어요,2019.07.27,"87,000",대전광역시 서구 한밭대로570번길 29-20
대전 디엠프레스 호텔,5,시설이 좋내요,2019.07.23,"87,000",대전광역시 서구 한밭대로570번길 29-20
대전 디엠프레스 호텔,5,진짜깔끔했어요ㅎㅎ,2019.07.14,"87,000",대전광역시 서구 한밭대로570번길 29-20
대전 디엠프레스 호텔,5,가성비최고!,2019.07.14,"87,000",대전광역시 서구 한밭대로570번길 29-20
대전 디엠프레스 호텔,5,조식이랑 룸컨디션 모두 만족했습니다 다음에 또이용할게이~!,2019.07.14,"87,000",대전광역시 서구 한밭대로570번길 29-20
대전 디엠프레스 호텔,4,가성비는괜차나요,2019.06.30,"87,000",대전광역시 서구 한밭대로570번길 29-20
대전 디엠프레스 호텔,4,깔끔했어요ㅎㅎ그리고 되게 의외임,2019.06.29,"87,000",대전광역시 서구 한밭대로570번길 29-20
대전 디엠프레스 호텔,4,좋아요! 깨끗하고 지하철이랑도 가까워요!!,2019.06.26,"87,000",대전광역시 서구 한밭대로570번길 29-20
대전 디엠프레스 호텔,4,"오랜만에 잘 쉬었다갑니다
다만 가구들 위의 먼지가 좀 거슬려서 따로 닦고 이용했습니다",2019.06.17,"87,000",대전광역시 서구 한밭대로570번길 29-20
대전 디엠프레스 호텔,5,친절 청결 굿,2019.06.10,"87,000",대전광역시 서구 한밭대로570번길 29-20
대전 디엠프레스 호텔,4,좋은호텔입니다.,2019.06.09,"87,000",대전광역시 서구 한밭대로570번길 29-20
대전 디엠프레스 호텔,5,만족합니다,2019.05.31,"87,000",대전광역시 서구 한밭대로570번길 29-20
대전 디엠프레스 호텔,4,괜찮았습니다~,2019.05.18,"87,000",대전광역시 서구 한밭대로570번길 29-20
대전 디엠프레스 호텔,5,굳~~~~,2019.05.14,"87,000",대전광역시 서구 한밭대로570번길 29-20
대전 디엠프레스 호텔,5,좋았었을듯요,2019.05.08,"87,000",대전광역시 서구 한밭대로570번길 29-20
대전 디엠프레스 호텔,5,재떨이는 호텔에 맞지않아요,2019.05.08,"87,000",대전광역시 서구 한밭대로570번길 29-20
대전 디엠프레스 호텔,5,조식이 있어서 좋았어요~,2019.04.27,"87,000",대전광역시 서구 한밭대로570번길 29-20
대전 디엠프레스 호텔,5,여자친구랑 잘 묵고왔어요 ㅎㅎ,2019.04.26,"87,000",대전광역시 서구 한밭대로570번길 29-20
대전 디엠프레스 호텔,4,매우만족해요,2019.04.24,"87,000",대전광역시 서구 한밭대로570번길 29-20
대전 디엠프레스 호텔,5,엄청 깔끔하게 좋았어요,2019.04.21,"87,000",대전광역시 서구 한밭대로570번길 29-20
대전 디엠프레스 호텔,3,화장실에 담패 꽁초가 그대로...,2019.04.14,"87,000",대전광역시 서구 한밭대로570번길 29-20
대전 디엠프레스 호텔,5,가성비 최고,2019.04.14,"87,000",대전광역시 서구 한밭대로570번길 29-20
대전 디엠프레스 호텔,5,개인적으로 대전 호텔 탑 스탕달이라고 생각했는데 여기가 더 좋으네요!,2019.04.14,"87,000",대전광역시 서구 한밭대로570번길 29-20
대전 디엠프레스 호텔,4,짱이에요 짱,2019.04.08,"87,000",대전광역시 서구 한밭대로570번길 29-20
대전 디엠프레스 호텔,5,살짝 쾌쾌한 담배냄새가 나긴하지만 금연으로 만들어주셨으면합니다,2019.04.03,"87,000",대전광역시 서구 한밭대로570번길 29-20
대전 디엠프레스 호텔,5,정말정말좋아요,2019.03.30,"87,000",대전광역시 서구 한밭대로570번길 29-20
대전 디엠프레스 호텔,5,좋아요 자주방문하는데 역시좋네요,2019.03.29,"87,000",대전광역시 서구 한밭대로570번길 29-20
대전 디엠프레스 호텔,4,편하고 너무너무좋아뇨,2019.03.26,"87,000",대전광역시 서구 한밭대로570번길 29-20
대전 디엠프레스 호텔,5,넘조아요옹,2019.03.24,"87,000",대전광역시 서구 한밭대로570번길 29-20
대전 디엠프레스 호텔,5,깨끗하니 좋아요,2019.03.18,"87,000",대전광역시 서구 한밭대로570번길 29-20
대전 디엠프레스 호텔,4,괜찮았어요~,2019.02.27,"87,000",대전광역시 서구 한밭대로570번길 29-20
대전 디엠프레스 호텔,3,만족스러웠던 곳이라 대전가면 자주 이용하는 곳입니다. 하지만 이번 룸은 너무 추웠어요ㅠㅠ,2019.02.26,"87,000",대전광역시 서구 한밭대로570번길 29-20
대전 디엠프레스 호텔,5,깨끗해서 좋았습니다.,2019.02.25,"87,000",대전광역시 서구 한밭대로570번길 29-20
대전 디엠프레스 호텔,5,조아여ㅕ어,2019.02.20,"87,000",대전광역시 서구 한밭대로570번길 29-20
대전 디엠프레스 호텔,5,좋아요~~,2019.02.20,"87,000",대전광역시 서구 한밭대로570번길 29-20
대전 디엠프레스 호텔,4,좋아요~~,2019.02.16,"87,000",대전광역시 서구 한밭대로570번길 29-20
대전 디엠프레스 호텔,5,주차빼곤 괜찮았어요~,2019.02.10,"87,000",대전광역시 서구 한밭대로570번길 29-20
대전 디엠프레스 호텔,5,조아요ㄸ .,2019.01.31,"87,000",대전광역시 서구 한밭대로570번길 29-20
대전 디엠프레스 호텔,5,조식도좋고 다좋아요,2019.01.30,"87,000",대전광역시 서구 한밭대로570번길 29-20
대전 디엠프레스 호텔,5,"전체적가격대비좋습니다
조식도좋구요",2019.01.30,"87,000",대전광역시 서구 한밭대로570번길 29-20
대전 디엠프레스 호텔,5,따듯합니다. 살짝 더울정도로!!!,2019.01.30,"87,000",대전광역시 서구 한밭대로570번길 29-20
대전 디엠프레스 호텔,5,좋았습니다,2019.01.29,"87,000",대전광역시 서구 한밭대로570번길 29-20
대전 디엠프레스 호텔,3,짱짱짱짱당,2019.01.29,"87,000",대전광역시 서구 한밭대로570번길 29-20
대전 디엠프레스 호텔,5,잘 쉬다 갑니다,2019.01.28,"87,000",대전광역시 서구 한밭대로570번길 29-20
대전 디엠프레스 호텔,4,추천합니다,2019.01.25,"87,000",대전광역시 서구 한밭대로570번길 29-20
대전 디엠프레스 호텔,5,깔끔하고 좋았습니다,2019.01.23,"87,000",대전광역시 서구 한밭대로570번길 29-20
대전 디엠프레스 호텔,5,"전철역, 식당, 마트가 주변에 있어 이용하기.좋아요",2019.01.14,"87,000",대전광역시 서구 한밭대로570번길 29-20
대전 디엠프레스 호텔,5,깨끗하고 조용한 객실.,2019.01.11,"87,000",대전광역시 서구 한밭대로570번길 29-20
대전 디엠프레스 호텔,4,다시 방문하고싶네요~,2018.12.31,"87,000",대전광역시 서구 한밭대로570번길 29-20
대전 디엠프레스 호텔,3,쓸만했어용,2018.12.26,"87,000",대전광역시 서구 한밭대로570번길 29-20
대전 디엠프레스 호텔,5,숙소가 깨끗해서 좋았지만 저희 객실은 배수가 잘 안됐어요,2018.12.26,"87,000",대전광역시 서구 한밭대로570번길 29-20
대전 디엠프레스 호텔,5,깨끗하고 좋습니다.,2018.12.25,"87,000",대전광역시 서구 한밭대로570번길 29-20
대전 디엠프레스 호텔,5,따뜻하게 잘 머물다가요.,2018.12.25,"87,000",대전광역시 서구 한밭대로570번길 29-20
대전 디엠프레스 호텔,3,좋습니다 좋아요,2018.12.18,"87,000",대전광역시 서구 한밭대로570번길 29-20
대전 디엠프레스 호텔,5,시설이 전체적으로 다 좋았어요,2018.12.16,"87,000",대전광역시 서구 한밭대로570번길 29-20
대전 디엠프레스 호텔,5,깨끗하고 친절하며 조식 맛있었어요,2018.12.14,"87,000",대전광역시 서구 한밭대로570번길 29-20
대전 디엠프레스 호텔,5,잘쉬다갑니다,2018.12.10,"87,000",대전광역시 서구 한밭대로570번길 29-20
대전 디엠프레스 호텔,5,너무 좋았어요,2018.12.01,"87,000",대전광역시 서구 한밭대로570번길 29-20
대전 디엠프레스 호텔,3,낫뱃 - 담배 냄새가 올라오는건 마이너스,2018.11.30,"87,000",대전광역시 서구 한밭대로570번길 29-20
대전 디엠프레스 호텔,5,"깨끗하고 아주 잘 쉬고 갔습니다.
트레이더스도 가까워서 좋았어요!",2018.11.26,"87,000",대전광역시 서구 한밭대로570번길 29-20
대전 디엠프레스 호텔,5,"이곳은 늘 쵝오입니다!
후회없어요~",2018.11.16,"87,000",대전광역시 서구 한밭대로570번길 29-20
대전 디엠프레스 호텔,4,"괜찮아요, 조식도 맛있어요.",2018.11.13,"87,000",대전광역시 서구 한밭대로570번길 29-20
대전 디엠프레스 호텔,4,깨끗하고 좋아요,2018.11.12,"87,000",대전광역시 서구 한밭대로570번길 29-20
대전 디엠프레스 호텔,5,깨끗하고 좋아요,2018.11.12,"87,000",대전광역시 서구 한밭대로570번길 29-20
대전 디엠프레스 호텔,3,깔끔하고좋은데 좀 건조합니다,2018.11.05,"87,000",대전광역시 서구 한밭대로570번길 29-20
대전 디엠프레스 호텔,5,아주 좋아요,2018.11.04,"87,000",대전광역시 서구 한밭대로570번길 29-20
대전 디엠프레스 호텔,5,침대도 좋고 다 좋았써요 ㅎㅎ,2018.11.02,"87,000",대전광역시 서구 한밭대로570번길 29-20
대전 디엠프레스 호텔,5,재밌게 잘 놀다갑니다♡♡,2018.10.27,"87,000",대전광역시 서구 한밭대로570번길 29-20
대전 디엠프레스 호텔,5,좋습니다요,2018.10.21,"87,000",대전광역시 서구 한밭대로570번길 29-20
대전 디엠프레스 호텔,4,괜찮았음 조식으로 한식도나오고..,2018.10.13,"87,000",대전광역시 서구 한밭대로570번길 29-20
대전 디엠프레스 호텔,5,깔끔하고. 침대가. 짱좋네요,2018.10.13,"87,000",대전광역시 서구 한밭대로570번길 29-20
대전 디엠프레스 호텔,5,깨끗하고 조용합니다,2018.10.13,"87,000",대전광역시 서구 한밭대로570번길 29-20
대전 디엠프레스 호텔,5,정말 편하고 좋았어요,2018.10.06,"87,000",대전광역시 서구 한밭대로570번길 29-20
대전 디엠프레스 호텔,5,좋았습니다,2018.10.05,"87,000",대전광역시 서구 한밭대로570번길 29-20
대전 디엠프레스 호텔,5,너무 좋네요 :),2018.09.30,"87,000",대전광역시 서구 한밭대로570번길 29-20
대전 디엠프레스 호텔,5,가족들과 급으로 오게되었는데 생각보다 너무괜찮네요.,2018.09.25,"87,000",대전광역시 서구 한밭대로570번길 29-20
대전 디엠프레스 호텔,4,조아요 다음에 또 올게요,2018.09.18,"87,000",대전광역시 서구 한밭대로570번길 29-20
대전 디엠프레스 호텔,5,좋았습니다,2018.09.15,"87,000",대전광역시 서구 한밭대로570번길 29-20
대전 디엠프레스 호텔,5,"조식은 먹어보지못했지만
두번째오는데 너무좋아요 침대가마약인듯ㅠㅠㅠ깨끗하고 잘쉬다가요",2018.09.15,"87,000",대전광역시 서구 한밭대로570번길 29-20
대전 디엠프레스 호텔,5,조용하고 아침도 생각보다 괜찮았습니다.,2018.09.10,"87,000",대전광역시 서구 한밭대로570번길 29-20
대전 디엠프레스 호텔,3,등록된 사진이랑 느낌이 달라요. 깔끔한 비즈니스 호텔인줄 알고 갔는데 모텔느낌이에요,2018.08.26,"87,000",대전광역시 서구 한밭대로570번길 29-20
대전 디엠프레스 호텔,5,깔끔하고좋앗습니다ㅎㅎ,2018.08.18,"87,000",대전광역시 서구 한밭대로570번길 29-20
대전 디엠프레스 호텔,4,생각보다 괜찮았어요,2018.08.16,"87,000",대전광역시 서구 한밭대로570번길 29-20
대전 디엠프레스 호텔,4,생각보다 괜찮았어요,2018.08.16,"87,000",대전광역시 서구 한밭대로570번길 29-20
대전 디엠프레스 호텔,5,"조식도 맛있고, 시설도 깨끗하고, 직원분들도 친절해서 너무 좋았어요~",2018.08.16,"87,000",대전광역시 서구 한밭대로570번길 29-20
대전 디엠프레스 호텔,5,교통도 가깝고 완전좋아요,2018.08.10,"87,000",대전광역시 서구 한밭대로570번길 29-20
대전 디엠프레스 호텔,5,좋아요 다음에 또 갈게요,2018.08.08,"87,000",대전광역시 서구 한밭대로570번길 29-20
대전 디엠프레스 호텔,4,좋았어요^^,2018.08.05,"87,000",대전광역시 서구 한밭대로570번길 29-20
대전 디엠프레스 호텔,5,너무너무 깨끗하고 분위기 좋고 조식도 맛있었어요☺,2018.08.05,"87,000",대전광역시 서구 한밭대로570번길 29-20
대전 디엠프레스 호텔,4,편안하고 좋아요,2018.08.02,"87,000",대전광역시 서구 한밭대로570번길 29-20
대전 디엠프레스 호텔,5,"진짜 마음에 들었는데
스팀 살균건조기 대박이네요",2018.07.31,"87,000",대전광역시 서구 한밭대로570번길 29-20
대전 디엠프레스 호텔,5,늘 좋은 룸 컨디션이네요^^,2018.07.25,"87,000",대전광역시 서구 한밭대로570번길 29-20
대전 디엠프레스 호텔,5,!!!!!!!!!!,2018.07.21,"87,000",대전광역시 서구 한밭대로570번길 29-20
대전 디엠프레스 호텔,3,"깔끔하게 지낼만 했습니다
호텔과모텔의 중간이라고 생각하면 만족하실 듯합니다",2018.07.10,"87,000",대전광역시 서구 한밭대로570번길 29-20
대전 디엠프레스 호텔,5,깨끗하고 좋습니다,2018.07.08,"87,000",대전광역시 서구 한밭대로570번길 29-20
대전 디엠프레스 호텔,5,벽이좀 더러운거 같아요.. 깔끔해는보이는데..,2018.07.07,"87,000",대전광역시 서구 한밭대로570번길 29-20
대전 디엠프레스 호텔,5,이마트트레이더스가 바로앞에잇고 지하철역과 ㅈㄴ가까움,2018.07.01,"87,000",대전광역시 서구 한밭대로570번길 29-20
대전 디엠프레스 호텔,5,기대이상으로 깔끔하고 쾌적했습니다. 조식도 나름 만족스러웠습니다,2018.06.25,"87,000",대전광역시 서구 한밭대로570번길 29-20
대전 디엠프레스 호텔,5,만족스러워요,2018.06.24,"87,000",대전광역시 서구 한밭대로570번길 29-20
대전 디엠프레스 호텔,5,깨끗하고 친절함,2018.06.23,"87,000",대전광역시 서구 한밭대로570번길 29-20
대전 디엠프레스 호텔,4,잘 머물고 가요,2018.06.23,"87,000",대전광역시 서구 한밭대로570번길 29-20
대전 디엠프레스 호텔,5,잘쉬다 갑니다,2018.06.20,"87,000",대전광역시 서구 한밭대로570번길 29-20
대전 디엠프레스 호텔,3,그냥그래요. 호텔치고는 마니부족함,2018.06.10,"87,000",대전광역시 서구 한밭대로570번길 29-20
대전 디엠프레스 호텔,5,조아요오오오오오오오오오ㅗ어,2018.06.09,"87,000",대전광역시 서구 한밭대로570번길 29-20
대전 디엠프레스 호텔,3,"근접은 좋은데, 청결 정도가 미흡하네요.
대전오면 자주가는곳인데요.ㅠ",2018.06.07,"87,000",대전광역시 서구 한밭대로570번길 29-20
대전 디엠프레스 호텔,4,깨끗하고 친절합니다,2018.06.04,"87,000",대전광역시 서구 한밭대로570번길 29-20
대전 디엠프레스 호텔,5,조식이 맛있어요,2018.06.03,"87,000",대전광역시 서구 한밭대로570번길 29-20
대전 디엠프레스 호텔,5,조식도 깔끔하고 방도 고급스러웠습니다,2018.06.01,"87,000",대전광역시 서구 한밭대로570번길 29-20
대전 디엠프레스 호텔,5,깨끗하고 조용하고 좋습니다,2018.05.29,"87,000",대전광역시 서구 한밭대로570번길 29-20
대전 디엠프레스 호텔,5,정말 좋아요!,2018.05.27,"87,000",대전광역시 서구 한밭대로570번길 29-20
대전 디엠프레스 호텔,4,좋아요 깔끔하고,2018.05.13,"87,000",대전광역시 서구 한밭대로570번길 29-20
대전 디엠프레스 호텔,5,좋습니다 부담없이 머무르기좋아요,2018.05.11,"87,000",대전광역시 서구 한밭대로570번길 29-20
대전 디엠프레스 호텔,5,너무 깨끗하고 좋은 시간보냇습니다,2018.05.07,"87,000",대전광역시 서구 한밭대로570번길 29-20
대전 디엠프레스 호텔,5,매우 좋아요,2018.05.06,"87,000",대전광역시 서구 한밭대로570번길 29-20
대전 디엠프레스 호텔,4,깔끔하고 좋어요,2018.05.05,"87,000",대전광역시 서구 한밭대로570번길 29-20
대전 디엠프레스 호텔,5,깨끗하고 좋았어요,2018.05.04,"87,000",대전광역시 서구 한밭대로570번길 29-20
대전 디엠프레스 호텔,5,좋았어요 자주올게요,2018.04.27,"87,000",대전광역시 서구 한밭대로570번길 29-20
대전 디엠프레스 호텔,5,깨끗하고 좋습니다!!,2018.04.24,"87,000",대전광역시 서구 한밭대로570번길 29-20
대전 디엠프레스 호텔,5,스타일러도 있고 좋네요,2018.04.15,"87,000",대전광역시 서구 한밭대로570번길 29-20
대전 디엠프레스 호텔,5,역에서도 가깝고 시설도 좋고 깨끗해요!!,2018.04.12,"87,000",대전광역시 서구 한밭대로570번길 29-20
대전 디엠프레스 호텔,4,구조가 편리하고 깔끔,2018.04.10,"87,000",대전광역시 서구 한밭대로570번길 29-20
대전 디엠프레스 호텔,5,처음으로 이용해보는 곳이었는데 가격대비 훌륭해서 좋았습니다!,2018.03.29,"87,000",대전광역시 서구 한밭대로570번길 29-20
대전 디엠프레스 호텔,5,항상방문하고 싶은 곳,2018.03.23,"87,000",대전광역시 서구 한밭대로570번길 29-20
대전 디엠프레스 호텔,5,짱짱좋음!,2018.03.17,"87,000",대전광역시 서구 한밭대로570번길 29-20
대전 디엠프레스 호텔,5,깨끗하고 침대도너무푹신하고 온수도잘나와여 담번에도 계속 이용할듯해요ㅎㅎ,2018.03.10,"87,000",대전광역시 서구 한밭대로570번길 29-20
대전 디엠프레스 호텔,4,깨끗하고 조용해서 잘쉬다갑니다,2018.03.07,"87,000",대전광역시 서구 한밭대로570번길 29-20
대전 디엠프레스 호텔,5,젛아요!!!!,2018.03.06,"87,000",대전광역시 서구 한밭대로570번길 29-20
대전 디엠프레스 호텔,4,우어어어엉어어,2018.03.03,"87,000",대전광역시 서구 한밭대로570번길 29-20
대전 디엠프레스 호텔,5,깨끗하고편하게잤어요,2018.02.28,"87,000",대전광역시 서구 한밭대로570번길 29-20
대전 디엠프레스 호텔,4,좋습니다.,2018.02.20,"87,000",대전광역시 서구 한밭대로570번길 29-20
대전 디엠프레스 호텔,5,테라스 외관이 별로인것 빼고는 다 좋았어요!! 다음에 또올께용,2018.02.12,"87,000",대전광역시 서구 한밭대로570번길 29-20
대전 디엠프레스 호텔,4,항상올때마다깨끗하고좋아요,2018.02.11,"87,000",대전광역시 서구 한밭대로570번길 29-20
대전 디엠프레스 호텔,5,방도따뜻하고 조용하게 잘지내다왔어요!,2018.02.09,"87,000",대전광역시 서구 한밭대로570번길 29-20
대전 디엠프레스 호텔,5,근처에 먹을것도많고 좋아요!,2018.02.09,"87,000",대전광역시 서구 한밭대로570번길 29-20
대전 디엠프레스 호텔,5,아주좋습니다,2018.02.07,"87,000",대전광역시 서구 한밭대로570번길 29-20
대전 디엠프레스 호텔,5,정말 깔끔하고 시설좋고 최상의 쾌적한,2018.02.07,"87,000",대전광역시 서구 한밭대로570번길 29-20
대전 디엠프레스 호텔,4,되게 넓고 좋아욤,2018.02.06,"87,000",대전광역시 서구 한밭대로570번길 29-20
대전 디엠프레스 호텔,5,추천함ㄴ다,2018.02.04,"87,000",대전광역시 서구 한밭대로570번길 29-20
대전 디엠프레스 호텔,5,깔끔하네요~,2018.01.28,"87,000",대전광역시 서구 한밭대로570번길 29-20
대전 디엠프레스 호텔,4,깨끗하고따뜻하고좋아요,2018.01.28,"87,000",대전광역시 서구 한밭대로570번길 29-20
대전 디엠프레스 호텔,4,룸컨디션도 좋고 지하철역과 가까워 접근성이 좋음,2018.01.14,"87,000",대전광역시 서구 한밭대로570번길 29-20
대전 디엠프레스 호텔,5,주말가격이아쉬운것빼고는 너무좋아요 따뜻하고 주차장도 지하까지있구! 화장하기도편해요,2018.01.11,"87,000",대전광역시 서구 한밭대로570번길 29-20
대전 디엠프레스 호텔,5,조명이밝고깔끔하고따뜻해서좋아요,2018.01.11,"87,000",대전광역시 서구 한밭대로570번길 29-20
대전 디엠프레스 호텔,5,깨끗하고 조용해서 푹쉬다갑니다,2018.01.11,"87,000",대전광역시 서구 한밭대로570번길 29-20
대전 디엠프레스 호텔,3,저렴하고이마트트레이더스가옆에있어서좋아요,2018.01.01,"87,000",대전광역시 서구 한밭대로570번길 29-20
대전 디엠프레스 호텔,5,다음에 재방문 할꺼예요 넘 따뜻하구 좋았어요!!!,2018.01.01,"87,000",대전광역시 서구 한밭대로570번길 29-20
대전 디엠프레스 호텔,5,깨끗합니다,2017.12.28,"87,000",대전광역시 서구 한밭대로570번길 29-20
대전 디엠프레스 호텔,2,너무추웠네요 보일러가 안되는지..,2017.12.28,"87,000",대전광역시 서구 한밭대로570번길 29-20
대전 디엠프레스 호텔,4,방이 깔끔하고 이뻐서 좋았어요!,2017.12.26,"87,000",대전광역시 서구 한밭대로570번길 29-20
대전 디엠프레스 호텔,4,깔끔하고 괜찮았어요~,2017.12.25,"87,000",대전광역시 서구 한밭대로570번길 29-20
대전 디엠프레스 호텔,5,크리스마스이브에 이용 했는데 좋아요. 체큰인 할 때 데스쿠 직원분 너무 친절 하시네요~~,2017.12.25,"87,000",대전광역시 서구 한밭대로570번길 29-20
대전 디엠프레스 호텔,5,직원분들도 서비스 너무 좋고 방도 깨끗하고 너무 좋아요,2017.12.15,"87,000",대전광역시 서구 한밭대로570번길 29-20
대전 디엠프레스 호텔,5,자주 이용하는데 항상 만족스럽습니다.,2017.12.14,"87,000",대전광역시 서구 한밭대로570번길 29-20
대전 디엠프레스 호텔,5,"자주들르는곳이고요.
가족들이자주옵니다.
청소가 잘 안되어있을때가있어요.",2017.12.06,"87,000",대전광역시 서구 한밭대로570번길 29-20
대전 디엠프레스 호텔,4,지금 방에 들어왔는데 침구도 좋고 깔끔하고 가격대비 좋은것 같아요,2017.12.04,"87,000",대전광역시 서구 한밭대로570번길 29-20
대전 디엠프레스 호텔,5,좋아요,2017.11.29,"87,000",대전광역시 서구 한밭대로570번길 29-20
대전 디엠프레스 호텔,5,깨끗해서 좋았어요,2017.11.07,"87,000",대전광역시 서구 한밭대로570번길 29-20
대전 디엠프레스 호텔,5,깨끗하고 편하고 특히 이불과 베게가 좋았어요,2017.11.05,"87,000",대전광역시 서구 한밭대로570번길 29-20
대전 디엠프레스 호텔,5,가격대비 좋네요,2017.11.04,"87,000",대전광역시 서구 한밭대로570번길 29-20
대전 디엠프레스 호텔,5,좋았습니다,2017.10.21,"87,000",대전광역시 서구 한밭대로570번길 29-20
