hotel,star,review,date,price,address
대전 유성 초원모텔,1,"침대가 푹 꺼짐 매트리스 스프링이 맛이 갔음
바닥이 먼지 투성이임 
냉장고 안 물에서 냄새가남 ㅠㅠ
추천못하겠음",2024.06.20,"20,000",대전광역시 유성구 계룡로123번길 27 (봉명동)
대전 유성 초원모텔,5,편히 잘쉬다갑니다~^^,2024.05.14,"20,000",대전광역시 유성구 계룡로123번길 27 (봉명동)
대전 유성 초원모텔,3,그냥 딱 잠만 자기 나쁘지 않은 곳,2024.04.14,"20,000",대전광역시 유성구 계룡로123번길 27 (봉명동)
대전 유성 초원모텔,1,어우 솔직히 여인숙급..ㅠ,2024.03.29,"20,000",대전광역시 유성구 계룡로123번길 27 (봉명동)
대전 유성 초원모텔,5,가걱싸고 좋네요,2024.03.28,"20,000",대전광역시 유성구 계룡로123번길 27 (봉명동)
대전 유성 초원모텔,4,밤늦게 급하게 단체로 잡았는데 가성비 좋네여,2024.03.07,"20,000",대전광역시 유성구 계룡로123번길 27 (봉명동)
대전 유성 초원모텔,4,물온도가 좀 낮아서 않좋네요,2024.03.06,"20,000",대전광역시 유성구 계룡로123번길 27 (봉명동)
대전 유성 초원모텔,1,최악입니다 바닥은 더럽고 이불도 얇고 방도 지저분하고 바퀴벌레 나올거 같아요,2024.02.05,"20,000",대전광역시 유성구 계룡로123번길 27 (봉명동)
대전 유성 초원모텔,3,"따뜻한 방을 시설관계없이 조금 저령하게
이용하실 분들은 좋아요.",2024.01.20,"20,000",대전광역시 유성구 계룡로123번길 27 (봉명동)
대전 유성 초원모텔,5,좋아요 ㅎㅎ,2023.12.29,"20,000",대전광역시 유성구 계룡로123번길 27 (봉명동)
대전 유성 초원모텔,1,"담배쩐내로 방 바꿔달라함
지저분함
혼자고 싸고 귀찮으니까 걍 잤지 남이랑 갔으면 무조건 나옴",2023.09.18,"20,000",대전광역시 유성구 계룡로123번길 27 (봉명동)
대전 유성 초원모텔,1,별로입니다...,2023.09.18,"20,000",대전광역시 유성구 계룡로123번길 27 (봉명동)
대전 유성 초원모텔,3,"가겨대비 만족도 최상
큰방에서 남자 넷이서 자고 왔음
큰침대2개
에어컨 성능은 약해요",2023.08.16,"20,000",대전광역시 유성구 계룡로123번길 27 (봉명동)
대전 유성 초원모텔,1,컴퓨터 사용료 1000원 받아요.,2023.07.24,"20,000",대전광역시 유성구 계룡로123번길 27 (봉명동)
대전 유성 초원모텔,5,좀 오래됬지만 좋았어요,2023.07.16,"20,000",대전광역시 유성구 계룡로123번길 27 (봉명동)
대전 유성 초원모텔,5,숙박 후 시간 더 추가해서 대실했는데 싸게 주시고 감사합니다~,2023.06.27,"20,000",대전광역시 유성구 계룡로123번길 27 (봉명동)
대전 유성 초원모텔,3,잠잘자고 나왔습니다,2023.06.26,"20,000",대전광역시 유성구 계룡로123번길 27 (봉명동)
대전 유성 초원모텔,5,"정말 저렴하게 잘 갔다왔습니다.
남자들끼리 가기에 이만큼 가성비 있는 숙소가 없습니다.",2023.06.12,"20,000",대전광역시 유성구 계룡로123번길 27 (봉명동)
대전 유성 초원모텔,5,확실히 가격이 낮다보니 너무 큰 바램없이 와서 실망감은 없습니다. 뭔가 들어왔을 때 할머니댁 온 느낌과 같은 친근한 방을 볼 수 있어서 좋았네요,2023.06.05,"20,000",대전광역시 유성구 계룡로123번길 27 (봉명동)
대전 유성 초원모텔,4,덜도더도아니고 딱 !,2023.05.22,"20,000",대전광역시 유성구 계룡로123번길 27 (봉명동)
대전 유성 초원모텔,5,잘 쉬다 갑니다,2023.04.26,"20,000",대전광역시 유성구 계룡로123번길 27 (봉명동)
대전 유성 초원모텔,5,잘자고왔습니다,2023.04.15,"20,000",대전광역시 유성구 계룡로123번길 27 (봉명동)
대전 유성 초원모텔,4,가격이 가격인지라 기대 안하고 갔는데 생각보다 방 넓고 있을거 다 있습니다,2023.03.27,"20,000",대전광역시 유성구 계룡로123번길 27 (봉명동)
대전 유성 초원모텔,3,진짜 잠만 자고 왔네요,2023.03.26,"20,000",대전광역시 유성구 계룡로123번길 27 (봉명동)
대전 유성 초원모텔,5,가성비 엄청 좋습니다.,2023.03.09,"20,000",대전광역시 유성구 계룡로123번길 27 (봉명동)
대전 유성 초원모텔,5,사장님 친절하십니다.,2023.03.07,"20,000",대전광역시 유성구 계룡로123번길 27 (봉명동)
대전 유성 초원모텔,5,사장님이 친절하십니다,2023.03.02,"20,000",대전광역시 유성구 계룡로123번길 27 (봉명동)
대전 유성 초원모텔,5,A+ Room was worth the price.,2023.03.01,"20,000",대전광역시 유성구 계룡로123번길 27 (봉명동)
대전 유성 초원모텔,5,가격도 저렴하고 친절하시고 방도 넓고 좋아요,2023.02.25,"20,000",대전광역시 유성구 계룡로123번길 27 (봉명동)
대전 유성 초원모텔,2,그냥 그래요,2023.02.25,"20,000",대전광역시 유성구 계룡로123번길 27 (봉명동)
대전 유성 초원모텔,3,저렴한맛에 하루 쉬다가기 좋아요 더 바라지는 마세요,2023.02.22,"20,000",대전광역시 유성구 계룡로123번길 27 (봉명동)
대전 유성 초원모텔,5,잘 쉬다갑니다.,2023.02.21,"20,000",대전광역시 유성구 계룡로123번길 27 (봉명동)
대전 유성 초원모텔,5,저렴하고 할머니댁같은 느낌이다. 방이 따뜻하고 좋다,2023.02.10,"20,000",대전광역시 유성구 계룡로123번길 27 (봉명동)
대전 유성 초원모텔,5,ㄱㄴㄷㄱㄴㄷ,2023.01.22,"20,000",대전광역시 유성구 계룡로123번길 27 (봉명동)
대전 유성 초원모텔,4,좋았습니다!!,2023.01.21,"20,000",대전광역시 유성구 계룡로123번길 27 (봉명동)
대전 유성 초원모텔,5,이가격에 1박 떼울거면 적당하고 좋습니다 게스트하우스 쓰는느낌,2023.01.16,"20,000",대전광역시 유성구 계룡로123번길 27 (봉명동)
대전 유성 초원모텔,5,좋아요ㅎㅎ,2022.11.24,"20,000",대전광역시 유성구 계룡로123번길 27 (봉명동)
대전 유성 초원모텔,4,"가격 대비 시설은 좋습니다.
친절합니다.",2022.11.08,"20,000",대전광역시 유성구 계룡로123번길 27 (봉명동)
대전 유성 초원모텔,5,잘쉬다가요,2022.10.29,"20,000",대전광역시 유성구 계룡로123번길 27 (봉명동)
대전 유성 초원모텔,1,"진짜 춥고 후즐근을 넘어 노후화된 곳
난방시스템 찾기도 어렵고 숙소 컨디션 깐깐하게 안따지는데 여기는 진짜…",2022.10.28,"20,000",대전광역시 유성구 계룡로123번길 27 (봉명동)
대전 유성 초원모텔,5,좋아유..,2022.10.26,"20,000",대전광역시 유성구 계룡로123번길 27 (봉명동)
대전 유성 초원모텔,5,"주인분들이 굉장히 친절하시며
시험준비를 위해 갔었는데 책상이 넓어서 굉장히 만족스러웠음
아쉬운 점은 드라이기가 없어서 겨울엔 좀불편할것같음
침대 난방이 굉장히 따끈해서 꿀잠가능😴 
가성비최고!!
앞쪽에 편의점도 많음",2022.10.23,"20,000",대전광역시 유성구 계룡로123번길 27 (봉명동)
대전 유성 초원모텔,1,"너무 춥고, 온수도 제대로 안나왔고, 침대에 다 머리카락 있고 담배냄새 심했음. 밤에 외투입고 잤어요.",2022.10.23,"20,000",대전광역시 유성구 계룡로123번길 27 (봉명동)
대전 유성 초원모텔,5,"조용하고 따뜻해서 잘자고 갔습니다.
다음에 또 이용할께요^^",2022.10.21,"20,000",대전광역시 유성구 계룡로123번길 27 (봉명동)
대전 유성 초원모텔,4,잘 쉬다 갑니다.,2022.10.19,"20,000",대전광역시 유성구 계룡로123번길 27 (봉명동)
대전 유성 초원모텔,5,잘 쉬었다 갑니다,2022.10.17,"20,000",대전광역시 유성구 계룡로123번길 27 (봉명동)
대전 유성 초원모텔,5,좋아요..,2022.10.16,"20,000",대전광역시 유성구 계룡로123번길 27 (봉명동)
대전 유성 초원모텔,5,ㅎㅎ좋아요 굿굿,2022.10.10,"20,000",대전광역시 유성구 계룡로123번길 27 (봉명동)
대전 유성 초원모텔,5,"사장님 안바뀌심
사업자변경됐는지 여쭤보니
그대로래요",2022.09.27,"20,000",대전광역시 유성구 계룡로123번길 27 (봉명동)
대전 유성 초원모텔,5,좋아요..,2022.09.24,"20,000",대전광역시 유성구 계룡로123번길 27 (봉명동)
