hotel,star,review,date,price,address
대전 유성 파로스,5,"위치와 시설이 좋고 티비도 커서 너무 좋습니다.
금연 관리도 잘 되어 있어서 냄새 안나고 좋았습니다.",2024.08.21,"140,000",대전 유성구 한밭대로492번길 26-28 (봉명동)
대전 유성 파로스,5,만족합니다 최고입니다,2024.10.05,"140,000",대전 유성구 한밭대로492번길 26-28 (봉명동)
대전 유성 파로스,5,아주 친절한 곳으로 필요한 것들 모두 다 해결되었습미다,2024.09.19,"140,000",대전 유성구 한밭대로492번길 26-28 (봉명동)
대전 유성 파로스,5,"위치나 주차 등 편의성이 너무 좋고 금연 객실 관리가 잘 되어 있어서 좋았습니다.
트렌드에 맞춰서 티비만 좀 더 큰 걸로 설치하시면 정말 가성비 좋고 인기많은 숙소가 될 것으로.확신합니다.",2024.05.09,"140,000",대전 유성구 한밭대로492번길 26-28 (봉명동)
대전 유성 파로스,5,"저렴한 가격에 완전 깨끗하고 쾌적했어요.
객실도 춥지않고 따뜻했고 여자혼자라서 걱정했지만 안전하고 괜찮았어요. 
비품비치에대해 여쭈었는데 사장님 두분이 친절히 안내도 해주시고 좋았어요",2024.03.05,"140,000",대전 유성구 한밭대로492번길 26-28 (봉명동)
대전 유성 파로스,5,"대전 출장가서 매우 만족한 숙소입니다.
다음 출장때 또 방문 예정입니다.
집사람도 최고래요~~",2024.01.24,"140,000",대전 유성구 한밭대로492번길 26-28 (봉명동)
대전 유성 파로스,5,"친구들이랑 커플끼리 대전놀러왔다가 급하게 잡았는데 다들 너무 만족하고 갑니다!!
방도 따뜻하고 담배냄새도 전혀안나고 디퓨저때문인지 향이 좋아요 !!",2023.12.24,"140,000",대전 유성구 한밭대로492번길 26-28 (봉명동)
대전 유성 파로스,5,"친구들이랑 커플끼리 대전놀러왔다가 급하게 잡았는데 다들 너무 만족하고 갑니다!!
방도 따뜻하고 담배냄새도 전혀안나고 디퓨저때문인지 향이 좋아요 !!",2023.12.24,"140,000",대전 유성구 한밭대로492번길 26-28 (봉명동)
대전 유성 파로스,5,"친구들이랑 커플끼리 대전놀러왔다가 급하게 잡았는데 다들 너무 만족하고 갑니다!!
방도 따뜻하고 담배냄새도 전혀안나고 디퓨저때문인지 향이 좋아요 !!",2023.12.24,"140,000",대전 유성구 한밭대로492번길 26-28 (봉명동)
대전 유성 파로스,5,"친구 4명이 함께 투숙했는데, 모두들 만족! 안마기, 편안한 소파베드, 그리고 화장실 2개에 좋은 반응이었어요",2023.11.18,"140,000",대전 유성구 한밭대로492번길 26-28 (봉명동)
대전 유성 파로스,4,괜찮았습니다!! 화장실은 제 생각보다 좀 그랬지만 (퀴퀴한 냄새가 조금 났습니다) 전체적으로 청결하고 친절하셔서 괜찮았습니다!! 금연객실이라 담배남새 안나고 좋았어요.,2024.02.13,"140,000",대전 유성구 한밭대로492번길 26-28 (봉명동)
대전 유성 파로스,5,출장가서 매번가던 숙소가 예약이 다차서 여기는 처음으로 투숙해봤는데 접근성 좋고 조용해서 쉬기가 편했네요~또 이용할 의향있습니다.,2023.11.25,"140,000",대전 유성구 한밭대로492번길 26-28 (봉명동)
대전 유성 파로스,5,"갑자기 추워져서 걱정했는데 따뜻하게 잘잤습니다!
항상 만족합니다. 위치도 근처에 유명한 맛집들 많고 복잡하지않아서 너무 좋아요",2023.11.17,"140,000",대전 유성구 한밭대로492번길 26-28 (봉명동)
대전 유성 파로스,5,"방없을때 다른곳가보면 확실히 느껴져요. 깨끗하고 조용해서 저한테는 딱이에요.
비흡연객실 너무좋아요. 진짜 담배냄새가 1도없어요.",2024.04.29,"140,000",대전 유성구 한밭대로492번길 26-28 (봉명동)
대전 유성 파로스,5,"깔끔하고 좋습니다.
근처 먹거리 인프라 등 괜찮구요.
사장님도 친절해서 잘 쉬다 갑니다.",2024.06.20,"140,000",대전 유성구 한밭대로492번길 26-28 (봉명동)
대전 유성 파로스,5,"퇴실후 문앞에서 웹 지도 검색 중이었는데
비가 살짝 오고 있었고, 비 때문에 문앞에서 이동을 안하고 있다 생각하셨었는지, 주인(?)께서 나와 “우산 드릴까요?” 
비가 살짝 오는 상태라서 괜찮다 했지만 세심한 배려에 기분 좋았습니다.",2024.01.24,"140,000",대전 유성구 한밭대로492번길 26-28 (봉명동)
대전 유성 파로스,5,"우선 직원분들이 친절하셨습니다.
화장실 문이 손을 대지 않았음에도 문이 잠겼었는데, 문의를 하니 친절하게 해결방법을 알려주셨습니다.
그리고 배달음식 관련해서 2번 문의하였는데, 귀찮았을 법 하였음에도 2번 다 친절하게 알려주셨습니다.

유일한 단점은.. 위에 나온 화장실 문 관련입니다.
분명 잠김장치에 손을 대지 않았는데, 저절로 문이 잠겼더군요...

저 단점 제외하고는 혼자 여행하는 입장에선 괜찮은 숙소였습니다",2024.04.22,"140,000",대전 유성구 한밭대로492번길 26-28 (봉명동)
대전 유성 파로스,1,"다시는 오고 싶지 않아요.....
화장실 들어가서 대왕 바퀴벌레 두마리나 마주쳤고
이불도 베개가 진짜 누래요,,,
그와중에 베개가 4개도 아니고 애매한 3개,,
샤워기 수압 약하고 온수 나오려면 한참 걸려요..",2024.03.28,"140,000",대전 유성구 한밭대로492번길 26-28 (봉명동)
대전 유성 파로스,5,"1박 잘 묵다 갑니당 침구가 폭신해서 기분이 좋았어요! 금연 객실인데도 담배냄새가 나는 곳이 많은데, 여기는 금연 객실 선택하면 담배 냄새가 안나서 넘 좋아요 🥹 다만 고데기가 없었다는게 쪼오오오오끔 아쉬웠어용
퇴실하는데 비가 너무 많이 쏟아져서 난감했는데, 프런트 직원분께서 친절하게 우산을 빌려주셔서 비를 잘 피할 수 있었습니다 👍🏻 넘 감사했어요 !!!! 다음에도 또 방문하려구요 😆",2023.07.12,"140,000",대전 유성구 한밭대로492번길 26-28 (봉명동)
대전 유성 파로스,5,"실내 청소 양호하고 침구, 수건 깨끗함
OTT 4가지(넷/디/티/웨) 되어있음
공기청정기가 있으나 불량
창문을 열었을때 옆건물 복도가 보여서 열어 놓을 수 없음
지상주차장은 진입로 양호, 지하주차장은 진입로 좁음 
운전 자신 없으시면 발렛 요청하시길..",2022.10.07,"140,000",대전 유성구 한밭대로492번길 26-28 (봉명동)
대전 유성 파로스,5,"집 공사가 미뤄져서 일주일간 머물렀는데 내집 마냥 편하게 쉬었네요 조용하고 위치도 좋고 지하주차장이 밑바닥을 계속 긁었지만 제 차체가 낮은걸 어쩌겠어요 ㅋㅋ 괜찮아여… 똥차니까여…… ㅋㅋㅋㅋ
주차장도 크고 지하주차장 있어서 뭔가 왔다갔다 하기 편안했어요 
이불도 너무 폭신하고 사진상으론 막혀있다는 생각이 들었는데 생각보다 넓어서 너무 만족했습니다.",2023.10.24,"140,000",대전 유성구 한밭대로492번길 26-28 (봉명동)
대전 유성 파로스,5,저 한 번 여자친구 한 번 예약해서 총 두 번 이용했습니다. 객실 깨끗하고 공기 청정기도 있고 사장님도 친절하시고 주차장도 넉넉해서 좋아요. 주변에 조금만 가면 유성구 맛집들 즐비해 있어서 편의성도 아주 좋습니다!,2023.06.27,"140,000",대전 유성구 한밭대로492번길 26-28 (봉명동)
대전 유성 파로스,5,괜찮고 있을꺼 다 있고 칫솔치약 이런것도 들어있어서 편해요 로비에 빵이랑 이런거 있다는데 급하게 나가느라 먹진 못했고 아침에 간단하게 떼울수있어서 좋을거같고 방 상태 이런거 좋았어요 노스모킹방 주셨는데 냄새가 일단 좋네요 ㅋㅋ씻을때 샤워기 수압 약한거 빼곤 다 괜찮았습니다!,2023.06.19,"140,000",대전 유성구 한밭대로492번길 26-28 (봉명동)
대전 유성 파로스,5,"제가 가본 숙소 중 가장 좋았던 것 같아요
물론 비싼 호텔은 제외하고 이야기한 거지만 시설도 너무 깔끔하고 들어갔을 때 디퓨저 향기가 기분 좋게 만들었던 것 같아요
다음에도 또 방문하고 싶어요👍🏻",2023.04.07,"140,000",대전 유성구 한밭대로492번길 26-28 (봉명동)
대전 유성 파로스,5,"유성에서 제일 만족해요. 가격대비 객실컨디션 최고입니다. 근처에 먹을것도 많고 산책하기도 좋아요
갈때마다 사장님께서 친절해서 기분도 좋아요.
재방문할게요!",2023.08.28,"140,000",대전 유성구 한밭대로492번길 26-28 (봉명동)
대전 유성 파로스,5,"유성은 주차공간 부족한곳들이 대부분이라 꺼려지는데
여기는 주차걱정도 없고 객실컨디션도 항상 좋습니다.
사장님 얘기로는 대실을 안받으신다는데 그래서 그런가봐요 또오겠습니다 ㅎㅎ",2023.10.12,"140,000",대전 유성구 한밭대로492번길 26-28 (봉명동)
대전 유성 파로스,5,"너무 편안하게 잘쉬다갑니다. 침구류가 너무 편해요.
객실온도도 덥지도 않고 춥지도않아 딱 좋습니다.
금연룸이 아니라도 담배냄새같은건 전혀없고 쾌적해요! 다음에 또 방문하겠습니다.",2023.05.07,"140,000",대전 유성구 한밭대로492번길 26-28 (봉명동)
대전 유성 파로스,5,"너무 편안하게 잘쉬다갑니다. 침구류가 너무 편해요.
객실온도도 덥지도 않고 춥지도않아 딱 좋습니다.
금연룸이 아니라도 담배냄새같은건 전혀없고 쾌적해요! 다음에 또 방문하겠습니다.",2023.05.07,"140,000",대전 유성구 한밭대로492번길 26-28 (봉명동)
대전 유성 파로스,5,가격대비 이만한 곳은 없다고 생각되며 먹거리 골목 근처에 위치해서 식사랑 교통편도 편했습니다.,2023.05.27,"140,000",대전 유성구 한밭대로492번길 26-28 (봉명동)
대전 유성 파로스,5,숙소 위치도 매우 좋고 객실도 담배냄새도안나고 엄청 깨끗하네요 대전오게되면 항상 올거같아요!,2023.04.26,"140,000",대전 유성구 한밭대로492번길 26-28 (봉명동)
대전 유성 파로스,5,"근처에있는곳들은 다가봤는데 제일 깨끗하고
주차장도 좋고 로비부터 방까지 향이나 분위기도 은은하니 만족합니다 ㅎㅎ",2023.02.14,"140,000",대전 유성구 한밭대로492번길 26-28 (봉명동)
대전 유성 파로스,5,처음에 방에서 담배 냄새 나길래 다른 방으로 바꿀 수 있냐고 여쭤보니 다른 방으로 바꿔주셨습니다 금연방은 냄새 나지 않아서 괜찮았습니다 ㅎ 사장님이 친절하십니다.,2022.09.12,"140,000",대전 유성구 한밭대로492번길 26-28 (봉명동)
대전 유성 파로스,5,숙소 내부 바닥이 조금 지저분했습니다! 맨발로 다니니 찝찝한 느낌이 나더라고요 그것 말고는 큰 불편함은 없었어요 잘이용했습니다 직원분도 친절하세요,2023.05.01,"140,000",대전 유성구 한밭대로492번길 26-28 (봉명동)
대전 유성 파로스,4,"넓고 공기청정기도 있고 전반적으로 좋아요
욕조도 있어서 잘 묵고 갑니당
살짝 오래된 감이 있긴한데 그 정도면 괜찮은 정도인 거 같아요",2023.02.13,"140,000",대전 유성구 한밭대로492번길 26-28 (봉명동)
대전 유성 파로스,4,"그럭저럭 착한가격에따뜻하고 좋았어요 
근데칫솔좀 바꾸셔야될듯 ㅜㅜ밤에 한번닦았는데 칫솔모가 누워서 아침에 아파죽는줄ㅜㅜ",2023.01.30,"140,000",대전 유성구 한밭대로492번길 26-28 (봉명동)
대전 유성 파로스,5,사장님 친절하시고 객실도 깨끗하고 좋아요! 1층에서 음료랑 물도 갖고 올 수 있어서 편하고 좋아요!!,2022.11.28,"140,000",대전 유성구 한밭대로492번길 26-28 (봉명동)
대전 유성 파로스,5,궁동에 술마시러갈거라 가까운 숙소 찾다가 예약했습니다:) 주차도 대신 해주셔서 너무 좋았어요! 그리고 퇴실도 1시까지라서 더더 좋았습니다아:)♡,2022.11.26,"140,000",대전 유성구 한밭대로492번길 26-28 (봉명동)
대전 유성 파로스,5,"에어컨이 깨끗한 편이고
넷플릭스같은 OTT를 전용 리모컨으로 편하게 즐길수 있어서 좋았습니다",2023.07.13,"140,000",대전 유성구 한밭대로492번길 26-28 (봉명동)
대전 유성 파로스,4,"숙소 위치도 나쁘지않고 시설도 나쁘지않아요ㅎㅎ
근데 리모컨이 잘 안됐어요ㅠㅠ 그거만 빼면 만족합니다.",2023.07.05,"140,000",대전 유성구 한밭대로492번길 26-28 (봉명동)
대전 유성 파로스,5,"체크인 전 주차허용 해주셔서 감사했습니다
오래된곳이지만 리모델링 해서 깔끔했고
침구, 수건 깨끗했어요
욕실바닥에 샴푸청소가 덜된건지 미끄러웠어요
지하주차장에서 나오기 힘들었어요",2023.06.18,"140,000",대전 유성구 한밭대로492번길 26-28 (봉명동)
대전 유성 파로스,4,"출장 시 자주 이용하는 숙소입니다.
장판이 있어 잘때 따뜻하게 이용가능합니다.
이번에 확인했는데, 샤워타올은 재활용하는지 사이에서 여자머리카락이 나와 조금 불쾌했습니다.
수건도 사용한지 좀 오래됐는지 끝부분이 헤져있었습니다",2023.10.25,"140,000",대전 유성구 한밭대로492번길 26-28 (봉명동)
대전 유성 파로스,5,행사때문에 내려가서 지냈는데.. 저렴하게 구해서 잘 이용했습니다. 근처에 먹을거리도 많고 괜찮았습니다,2023.11.05,"140,000",대전 유성구 한밭대로492번길 26-28 (봉명동)
대전 유성 파로스,5,올때마다 객실 청소상태가 침구상태 등 뭐하나 불만족하는거 없이 잘쉬다가 갑니다. 벌레때문에 요즘 걱정이많은데 대실 안받으시는거보고 믿게되네요. 청소한다고해도 대실되는곳들은 아무래도 걱정이되서요ㅠ 시설이나 이런건 다 거기서 거기라 믿고갑니다 !!,2023.11.08,"140,000",대전 유성구 한밭대로492번길 26-28 (봉명동)
대전 유성 파로스,4,"객실은 깔끔하고 괜찮았으나, 1개실 1주차 내용을 알지 못해서 1대는 외부에 주차를 해야되서 불편했네요. 예약하실분들은 참고하세요.",2023.08.04,"140,000",대전 유성구 한밭대로492번길 26-28 (봉명동)
대전 유성 파로스,5,"깔끔한 호텔입니다 
깨끗한 호텔입니다 
다시 한번 오고 싶은 호텔입니다 
멋진 호텔입니다",2022.09.27,"140,000",대전 유성구 한밭대로492번길 26-28 (봉명동)
대전 유성 파로스,4,"전체적으로 만족합니다 가격대비 나쁘지않아요.
근데 방에 냄새가 호불호가 강할 수 있습니다.",2023.09.25,"140,000",대전 유성구 한밭대로492번길 26-28 (봉명동)
대전 유성 파로스,5,"편안하게 잘 쉬다 갑니다.
근데 침대가 많이 딴딴하네요. 푹신한거 좋아하는데 살짝 불편
전반적으로 깔끔하고 좋았어요.",2023.07.31,"140,000",대전 유성구 한밭대로492번길 26-28 (봉명동)
대전 유성 파로스,4,"친절하고 좋았습니다. 가격대비 방도 깨끗하고 좋았는데..샤워기 수압이 좀 약한거 같아요.
씻는덴 크게 문제는 없었지만.. 좀 아쉬운 부분 이었습니다..",2023.06.28,"140,000",대전 유성구 한밭대로492번길 26-28 (봉명동)
대전 유성 파로스,3,지하주차장 넓고 괜찬은데 입구가 너무 좁네요. 샤워기 수압은 너무 약해요. 드라이기 줄이 좀 짧고요. 화장실 내부 인테리어하면 괜찬을듯.,2022.08.27,"140,000",대전 유성구 한밭대로492번길 26-28 (봉명동)
대전 유성 파로스,5,^_^ ^_^ ^_^,2024.11.06,"140,000",대전 유성구 한밭대로492번길 26-28 (봉명동)
대전 유성 파로스,3,하룻밤 묵기 괜찮아요,2024.10.29,"140,000",대전 유성구 한밭대로492번길 26-28 (봉명동)
대전 유성 파로스,5,편안하게 잘 쉬다 갑니다.,2024.10.26,"140,000",대전 유성구 한밭대로492번길 26-28 (봉명동)
대전 유성 파로스,5,편안하게 잘 쉬다 갑니다.,2024.10.26,"140,000",대전 유성구 한밭대로492번길 26-28 (봉명동)
대전 유성 파로스,5,^_^ ^_^ ^_^,2024.10.25,"140,000",대전 유성구 한밭대로492번길 26-28 (봉명동)
대전 유성 파로스,5,ㄱㄴㄱㄴㄱㄴㄱㄴㄱㄴㄱㄴ,2024.09.19,"140,000",대전 유성구 한밭대로492번길 26-28 (봉명동)
대전 유성 파로스,5,주차도 편하고 방도 깔끔하고 간만에 대전갔는데 만족스럽네요,2024.09.09,"140,000",대전 유성구 한밭대로492번길 26-28 (봉명동)
대전 유성 파로스,5,출장왔는데 잘쉬다갑니다,2024.08.27,"140,000",대전 유성구 한밭대로492번길 26-28 (봉명동)
대전 유성 파로스,5,출장왔는데 잘쉬다갑니다,2024.08.27,"140,000",대전 유성구 한밭대로492번길 26-28 (봉명동)
대전 유성 파로스,5,접근성 좋고 담배냄새 안나고 깔끔합니다! 가성비 좋아요,2024.08.27,"140,000",대전 유성구 한밭대로492번길 26-28 (봉명동)
대전 유성 파로스,4,비교적 깨끗한 방이어서 만족합니다.,2024.08.24,"140,000",대전 유성구 한밭대로492번길 26-28 (봉명동)
대전 유성 파로스,5,출장시 이용했는데 친절하시고 깨끗하고 좋아요,2024.08.08,"140,000",대전 유성구 한밭대로492번길 26-28 (봉명동)
대전 유성 파로스,5,군더더기 없이 깔끔해서 좋았슨다.,2024.08.05,"140,000",대전 유성구 한밭대로492번길 26-28 (봉명동)
대전 유성 파로스,5,완전 좋았아요!!!!,2024.07.27,"140,000",대전 유성구 한밭대로492번길 26-28 (봉명동)
대전 유성 파로스,5,잘 쉬다가 갑니다.,2024.06.26,"140,000",대전 유성구 한밭대로492번길 26-28 (봉명동)
대전 유성 파로스,5,잘 쉬다가 갑니다.,2024.06.26,"140,000",대전 유성구 한밭대로492번길 26-28 (봉명동)
대전 유성 파로스,5,잘 쉬다가 갑니다.,2024.06.26,"140,000",대전 유성구 한밭대로492번길 26-28 (봉명동)
대전 유성 파로스,5,"좋아용🩵🩵🩵
담에 또 갈게염",2024.06.23,"140,000",대전 유성구 한밭대로492번길 26-28 (봉명동)
대전 유성 파로스,4,"잘묵고갑니다
아침 샌드위치도 잘먹었습니다",2024.06.22,"140,000",대전 유성구 한밭대로492번길 26-28 (봉명동)
대전 유성 파로스,5,좋아요 좋인요!!!!,2024.06.19,"140,000",대전 유성구 한밭대로492번길 26-28 (봉명동)
대전 유성 파로스,5,냄새도 안나고 청결해서 좋았어요,2024.06.18,"140,000",대전 유성구 한밭대로492번길 26-28 (봉명동)
대전 유성 파로스,5,잘쉬다왓어요!!또갈게요,2024.06.16,"140,000",대전 유성구 한밭대로492번길 26-28 (봉명동)
대전 유성 파로스,5,"너무 좋았습니다
담번에도 또 이용할께요",2024.06.07,"140,000",대전 유성구 한밭대로492번길 26-28 (봉명동)
대전 유성 파로스,5,매번 출장시마다 이용하는 곳입니다,2024.06.03,"140,000",대전 유성구 한밭대로492번길 26-28 (봉명동)
대전 유성 파로스,5,매번 출장시마다 이용하는 곳입니다,2024.06.03,"140,000",대전 유성구 한밭대로492번길 26-28 (봉명동)
대전 유성 파로스,5,매번 출장시마다 이용하는 곳입니다,2024.06.03,"140,000",대전 유성구 한밭대로492번길 26-28 (봉명동)
대전 유성 파로스,5,항상 잘이용중입니다,2024.05.26,"140,000",대전 유성구 한밭대로492번길 26-28 (봉명동)
대전 유성 파로스,5,스타일러가 있으면 더 좋을듯 해요,2024.05.23,"140,000",대전 유성구 한밭대로492번길 26-28 (봉명동)
대전 유성 파로스,5,스타일러가 있으면 더 좋을듯 해요,2024.05.23,"140,000",대전 유성구 한밭대로492번길 26-28 (봉명동)
대전 유성 파로스,5,스타일러가 있으면 더 좋을듯 해요,2024.05.23,"140,000",대전 유성구 한밭대로492번길 26-28 (봉명동)
대전 유성 파로스,5,출장 마다 자주 애용해요,2024.05.20,"140,000",대전 유성구 한밭대로492번길 26-28 (봉명동)
대전 유성 파로스,3,"넓어요
봉명동 핫플이랑 가까워서 좋아요",2024.05.20,"140,000",대전 유성구 한밭대로492번길 26-28 (봉명동)
대전 유성 파로스,5,깔끔하고 좋습니다.,2024.05.20,"140,000",대전 유성구 한밭대로492번길 26-28 (봉명동)
대전 유성 파로스,5,괜찮은거 같아요 ㅎㅎㅎ,2024.05.19,"140,000",대전 유성구 한밭대로492번길 26-28 (봉명동)
대전 유성 파로스,3,"체크아웃이 12시인건 좋았지만
침구가 깨끗하지 않았어요",2024.05.07,"140,000",대전 유성구 한밭대로492번길 26-28 (봉명동)
대전 유성 파로스,5,숙소 위치도 좋고 방도 깨끗해서 너무 잘쉬다갑니다. 다음도 또 올게요!!,2024.05.04,"140,000",대전 유성구 한밭대로492번길 26-28 (봉명동)
대전 유성 파로스,5,대전올때마다 들립니다.‘,2024.04.27,"140,000",대전 유성구 한밭대로492번길 26-28 (봉명동)
대전 유성 파로스,5,원주 출장때마다 예약합니다~,2024.04.27,"140,000",대전 유성구 한밭대로492번길 26-28 (봉명동)
대전 유성 파로스,4,친절하고.깨끗합니다,2024.04.25,"140,000",대전 유성구 한밭대로492번길 26-28 (봉명동)
대전 유성 파로스,4,친절하고.주변에.맛집도있어서좋습니다,2024.04.25,"140,000",대전 유성구 한밭대로492번길 26-28 (봉명동)
대전 유성 파로스,5,좋아요다음에또올게요,2024.04.23,"140,000",대전 유성구 한밭대로492번길 26-28 (봉명동)
대전 유성 파로스,5,깨끗하고 숙소 좋습니다!!,2024.04.21,"140,000",대전 유성구 한밭대로492번길 26-28 (봉명동)
대전 유성 파로스,5,편하게쉬다갑니다^^,2024.04.09,"140,000",대전 유성구 한밭대로492번길 26-28 (봉명동)
대전 유성 파로스,5,깨끗합니다,2024.04.07,"140,000",대전 유성구 한밭대로492번길 26-28 (봉명동)
대전 유성 파로스,5,중앙난방이라 밤엔 쌀쌀했지만 전기장판이 있어서 괜찮았고 무엇보다 친절하시고 좋았어요,2024.04.06,"140,000",대전 유성구 한밭대로492번길 26-28 (봉명동)
대전 유성 파로스,5,조아효..항상,2024.04.04,"140,000",대전 유성구 한밭대로492번길 26-28 (봉명동)
대전 유성 파로스,5,친절하시고 주차대행도 해주시고 추천합니다,2024.03.29,"140,000",대전 유성구 한밭대로492번길 26-28 (봉명동)
대전 유성 파로스,5,두명이서 쓰기엔 너무 넓긴했지만 비품 청결 너무너무 좋았어요,2024.03.28,"140,000",대전 유성구 한밭대로492번길 26-28 (봉명동)
대전 유성 파로스,5,편히 쉬다 갑니다!감사합니다.,2024.03.25,"140,000",대전 유성구 한밭대로492번길 26-28 (봉명동)
대전 유성 파로스,5,잘 쉬었다 갑니디,2024.03.23,"140,000",대전 유성구 한밭대로492번길 26-28 (봉명동)
대전 유성 파로스,5,변기가 살짝 더러웠지만 변기 빼면 완벽했던 숙소였어요 ㅎㅎ 다음에 또 방문할게요 :),2024.03.21,"140,000",대전 유성구 한밭대로492번길 26-28 (봉명동)
대전 유성 파로스,5,"친절한 주인분
깔끔한 숙소
편리한 시설
대전에서 숙박하게 되면 
무조건 원픽입니다",2024.03.18,"140,000",대전 유성구 한밭대로492번길 26-28 (봉명동)
대전 유성 파로스,5,"갈때마다 항상 친절하고 깨끗해서 만족합니다.
추천해요",2024.03.10,"140,000",대전 유성구 한밭대로492번길 26-28 (봉명동)
대전 유성 파로스,4,깨끗하고 편했습니다,2024.03.10,"140,000",대전 유성구 한밭대로492번길 26-28 (봉명동)
대전 유성 파로스,4,핸드폰 충전기좀 고쳐주세요 ㅠㅠ,2024.03.04,"140,000",대전 유성구 한밭대로492번길 26-28 (봉명동)
대전 유성 파로스,5,깔끔하고 좋아요,2024.03.03,"140,000",대전 유성구 한밭대로492번길 26-28 (봉명동)
대전 유성 파로스,5,숙소가 조금 추웠네요,2024.03.01,"140,000",대전 유성구 한밭대로492번길 26-28 (봉명동)
대전 유성 파로스,5,쾌적해요 소파도좋아요,2024.02.24,"140,000",대전 유성구 한밭대로492번길 26-28 (봉명동)
대전 유성 파로스,5,객실도 너무 깔끔하고 좋아요!,2024.02.22,"140,000",대전 유성구 한밭대로492번길 26-28 (봉명동)
대전 유성 파로스,4,좋았습니다,2024.02.18,"140,000",대전 유성구 한밭대로492번길 26-28 (봉명동)
대전 유성 파로스,5,"오래된거 같은데 생각보다 깨끗한편이고
근처에 식당같은곳도 많아서 편해요",2024.02.17,"140,000",대전 유성구 한밭대로492번길 26-28 (봉명동)
대전 유성 파로스,5,최고의 숙소였습니다,2024.02.09,"140,000",대전 유성구 한밭대로492번길 26-28 (봉명동)
대전 유성 파로스,5,방음도 괜찮고 시설도 괜찮았어요!,2024.02.07,"140,000",대전 유성구 한밭대로492번길 26-28 (봉명동)
대전 유성 파로스,5,편하게 잘 쉬다왔습니다~^^,2024.02.04,"140,000",대전 유성구 한밭대로492번길 26-28 (봉명동)
대전 유성 파로스,5,일이 있어서 잠깐 대전에 방문했는데 시설도 깔끔하고 조용하니 좋았어요!,2024.02.01,"140,000",대전 유성구 한밭대로492번길 26-28 (봉명동)
대전 유성 파로스,5,주변 산책로도 좋고 공기도 상쾌해서 매우 좋았습니다 ~^^,2024.01.24,"140,000",대전 유성구 한밭대로492번길 26-28 (봉명동)
대전 유성 파로스,5,굿 좋아용,2024.01.23,"140,000",대전 유성구 한밭대로492번길 26-28 (봉명동)
대전 유성 파로스,5,깔끔하고 편하게 쉬다올 수 있는 곳이에요:),2024.01.23,"140,000",대전 유성구 한밭대로492번길 26-28 (봉명동)
대전 유성 파로스,5,친절하십니다!!!,2024.01.20,"140,000",대전 유성구 한밭대로492번길 26-28 (봉명동)
대전 유성 파로스,5,잘 쉬다 왔습니다.,2024.01.19,"140,000",대전 유성구 한밭대로492번길 26-28 (봉명동)
대전 유성 파로스,4,출장와서 잘 지냈습니다.,2024.01.11,"140,000",대전 유성구 한밭대로492번길 26-28 (봉명동)
대전 유성 파로스,4,대전출장때마다 조용히 잘쉬고갑니다.,2023.12.29,"140,000",대전 유성구 한밭대로492번길 26-28 (봉명동)
대전 유성 파로스,5,Ott 지원 최고인 곳,2023.12.23,"140,000",대전 유성구 한밭대로492번길 26-28 (봉명동)
대전 유성 파로스,5,좋습니다요,2023.12.21,"140,000",대전 유성구 한밭대로492번길 26-28 (봉명동)
대전 유성 파로스,5,좋아요~~,2023.12.20,"140,000",대전 유성구 한밭대로492번길 26-28 (봉명동)
대전 유성 파로스,5,"항상 만족하고 자주 이용합니다.
근처에서 제일 좋은거같아요.",2023.12.15,"140,000",대전 유성구 한밭대로492번길 26-28 (봉명동)
대전 유성 파로스,4,잘 쉬다가요,2023.12.10,"140,000",대전 유성구 한밭대로492번길 26-28 (봉명동)
대전 유성 파로스,5,잘쉬다갑니다,2023.12.08,"140,000",대전 유성구 한밭대로492번길 26-28 (봉명동)
대전 유성 파로스,5,좋았습니다,2023.12.04,"140,000",대전 유성구 한밭대로492번길 26-28 (봉명동)
대전 유성 파로스,5,친절하시고 깨끗함 편하게 잘쉬다 갑니다,2023.12.04,"140,000",대전 유성구 한밭대로492번길 26-28 (봉명동)
대전 유성 파로스,5,"조용하고, 프론트 직원분들 모두 친절하세요.",2023.12.01,"140,000",대전 유성구 한밭대로492번길 26-28 (봉명동)
대전 유성 파로스,5,조용하고 프론트 직원분 모두 친절하셨어요.,2023.12.01,"140,000",대전 유성구 한밭대로492번길 26-28 (봉명동)
대전 유성 파로스,5,조용하고 프론트 직원분 모두 친절하셨어요.,2023.12.01,"140,000",대전 유성구 한밭대로492번길 26-28 (봉명동)
대전 유성 파로스,5,좋아요~출장시 편하게 묵어가는 숙소 입니다,2023.11.28,"140,000",대전 유성구 한밭대로492번길 26-28 (봉명동)
대전 유성 파로스,5,더웠는데 에어컨이 안켜졌어요...ㅠㅠㅠ,2023.11.24,"140,000",대전 유성구 한밭대로492번길 26-28 (봉명동)
대전 유성 파로스,5,너무 좋았어요!!!,2023.11.21,"140,000",대전 유성구 한밭대로492번길 26-28 (봉명동)
대전 유성 파로스,5,가성비굿텔,2023.11.21,"140,000",대전 유성구 한밭대로492번길 26-28 (봉명동)
대전 유성 파로스,5,깔끔하고 매우 좋았습니다!!,2023.11.17,"140,000",대전 유성구 한밭대로492번길 26-28 (봉명동)
대전 유성 파로스,5,편하게 잘 쉬다갑니다,2023.11.15,"140,000",대전 유성구 한밭대로492번길 26-28 (봉명동)
대전 유성 파로스,3,괜찮은 숙소라고 생각해요,2023.11.13,"140,000",대전 유성구 한밭대로492번길 26-28 (봉명동)
대전 유성 파로스,5,친절 하시고 편히 따듯하게 잘 쉬다 갑니다. 다음에 또 방문 할게요 감사합니다,2023.11.09,"140,000",대전 유성구 한밭대로492번길 26-28 (봉명동)
대전 유성 파로스,5,잘 쉬다 가요,2023.11.08,"140,000",대전 유성구 한밭대로492번길 26-28 (봉명동)
대전 유성 파로스,4,잘쉬다갑니다,2023.11.07,"140,000",대전 유성구 한밭대로492번길 26-28 (봉명동)
대전 유성 파로스,5,깔끔하고 좋아요!,2023.11.07,"140,000",대전 유성구 한밭대로492번길 26-28 (봉명동)
대전 유성 파로스,5,잘 쉬고 갑니다,2023.11.06,"140,000",대전 유성구 한밭대로492번길 26-28 (봉명동)
대전 유성 파로스,5,친절하고 시설도 좋았습니다,2023.10.31,"140,000",대전 유성구 한밭대로492번길 26-28 (봉명동)
대전 유성 파로스,5,잘 쉬다 갑니다,2023.10.26,"140,000",대전 유성구 한밭대로492번길 26-28 (봉명동)
대전 유성 파로스,4,깨끗했어요 주인분도 친절하세요,2023.10.24,"140,000",대전 유성구 한밭대로492번길 26-28 (봉명동)
대전 유성 파로스,5,좋더라고요 맘에 들어요,2023.10.23,"140,000",대전 유성구 한밭대로492번길 26-28 (봉명동)
대전 유성 파로스,4,애용하는 가성비굿~!!,2023.10.22,"140,000",대전 유성구 한밭대로492번길 26-28 (봉명동)
대전 유성 파로스,5,ㅋㅌㅋㅋㅋ,2023.10.20,"140,000",대전 유성구 한밭대로492번길 26-28 (봉명동)
대전 유성 파로스,5,좋아요 !-!,2023.10.18,"140,000",대전 유성구 한밭대로492번길 26-28 (봉명동)
대전 유성 파로스,5,담배냄새 없고 디퓨져향이랑 다 좋았습니다!,2023.10.16,"140,000",대전 유성구 한밭대로492번길 26-28 (봉명동)
대전 유성 파로스,4,나쁘지 않아여,2023.10.16,"140,000",대전 유성구 한밭대로492번길 26-28 (봉명동)
대전 유성 파로스,5,깔끔하게 잘쉬었습니다,2023.10.15,"140,000",대전 유성구 한밭대로492번길 26-28 (봉명동)
대전 유성 파로스,5,잘쓰고 갑니다,2023.10.14,"140,000",대전 유성구 한밭대로492번길 26-28 (봉명동)
대전 유성 파로스,5,저렴해요.,2023.10.14,"140,000",대전 유성구 한밭대로492번길 26-28 (봉명동)
대전 유성 파로스,5,너무 잘쉬고 갑니다. 최고체고!!,2023.10.12,"140,000",대전 유성구 한밭대로492번길 26-28 (봉명동)
대전 유성 파로스,5,깔끔하고 친절하시고 너무 좋습니다,2023.10.10,"140,000",대전 유성구 한밭대로492번길 26-28 (봉명동)
대전 유성 파로스,5,잘 쉬다 갑니다,2023.10.07,"140,000",대전 유성구 한밭대로492번길 26-28 (봉명동)
대전 유성 파로스,5,깨끗하고 시설도 좋아요,2023.10.05,"140,000",대전 유성구 한밭대로492번길 26-28 (봉명동)
대전 유성 파로스,5,그냥 좋아요,2023.10.03,"140,000",대전 유성구 한밭대로492번길 26-28 (봉명동)
대전 유성 파로스,5,"카운터도 친절하시고, 잘 쉬다 갑니다",2023.10.01,"140,000",대전 유성구 한밭대로492번길 26-28 (봉명동)
대전 유성 파로스,4,ott다 되서 좋아요 티비가 조금 작네요,2023.09.18,"140,000",대전 유성구 한밭대로492번길 26-28 (봉명동)
대전 유성 파로스,5,잘 쉬고 갑니다.,2023.09.13,"140,000",대전 유성구 한밭대로492번길 26-28 (봉명동)
대전 유성 파로스,5,잘 쉬었다 갑니다.,2023.09.08,"140,000",대전 유성구 한밭대로492번길 26-28 (봉명동)
대전 유성 파로스,5,OTT 프로그램이 다 있어서 좋아요,2023.09.05,"140,000",대전 유성구 한밭대로492번길 26-28 (봉명동)
대전 유성 파로스,5,깨끗하고 좋아요,2023.09.03,"140,000",대전 유성구 한밭대로492번길 26-28 (봉명동)
대전 유성 파로스,5,깔끔하고 깨끗해서 좋았어요 ㅎㅎ 다양한 ott가 있어서 너무 좋았습니다,2023.08.28,"140,000",대전 유성구 한밭대로492번길 26-28 (봉명동)
대전 유성 파로스,5,너무너무 조아요,2023.08.22,"140,000",대전 유성구 한밭대로492번길 26-28 (봉명동)
대전 유성 파로스,5,잘 쉬다가요,2023.08.21,"140,000",대전 유성구 한밭대로492번길 26-28 (봉명동)
대전 유성 파로스,5,잘 쉬다 가요,2023.08.18,"140,000",대전 유성구 한밭대로492번길 26-28 (봉명동)
대전 유성 파로스,5,잘 쉬다 가요,2023.08.17,"140,000",대전 유성구 한밭대로492번길 26-28 (봉명동)
대전 유성 파로스,5,잘 쉬다 가요,2023.08.17,"140,000",대전 유성구 한밭대로492번길 26-28 (봉명동)
대전 유성 파로스,5,한번 갔는데 청결하고 좋았습니다.,2023.08.16,"140,000",대전 유성구 한밭대로492번길 26-28 (봉명동)
대전 유성 파로스,3,잘 쉬고갑니다,2023.08.15,"140,000",대전 유성구 한밭대로492번길 26-28 (봉명동)
대전 유성 파로스,3,나쁘지는 않아요.,2023.08.12,"140,000",대전 유성구 한밭대로492번길 26-28 (봉명동)
대전 유성 파로스,5,잘 쉬다 가요,2023.08.12,"140,000",대전 유성구 한밭대로492번길 26-28 (봉명동)
대전 유성 파로스,5,잘 쉬다 가요,2023.08.11,"140,000",대전 유성구 한밭대로492번길 26-28 (봉명동)
대전 유성 파로스,5,"인테리어도 깔끔하고 주차도 편해요
근처에 밥집 술집도 있어서 위치도 좋구요
추천합니당",2023.08.10,"140,000",대전 유성구 한밭대로492번길 26-28 (봉명동)
대전 유성 파로스,5,잘쉬엇다갔습니다,2023.08.10,"140,000",대전 유성구 한밭대로492번길 26-28 (봉명동)
대전 유성 파로스,3,괜찮았어요!,2023.08.08,"140,000",대전 유성구 한밭대로492번길 26-28 (봉명동)
대전 유성 파로스,5,구우우우웃,2023.08.07,"140,000",대전 유성구 한밭대로492번길 26-28 (봉명동)
대전 유성 파로스,5,"남자친구랑 해피타임 보내다 갑니다 좋아요 히히
방이 넓고 에어컨 잘됩니당",2023.08.06,"140,000",대전 유성구 한밭대로492번길 26-28 (봉명동)
대전 유성 파로스,4,"전반적으로 괜찮은데, 에어컨 용량이 적은거 같아요..
덥지는 않습니다.",2023.08.06,"140,000",대전 유성구 한밭대로492번길 26-28 (봉명동)
대전 유성 파로스,5,"잘 쉬다 가요
신경 써주시고 방 업글도 해주셔서 편히 쉬다 갑니다
감사합니다.",2023.08.06,"140,000",대전 유성구 한밭대로492번길 26-28 (봉명동)
대전 유성 파로스,5,잘 쉬다 가요,2023.08.06,"140,000",대전 유성구 한밭대로492번길 26-28 (봉명동)
대전 유성 파로스,4,잘 쉬다갑니다,2023.07.31,"140,000",대전 유성구 한밭대로492번길 26-28 (봉명동)
대전 유성 파로스,5,잘 쉬다 가요,2023.07.29,"140,000",대전 유성구 한밭대로492번길 26-28 (봉명동)
대전 유성 파로스,5,너무 만족하고 갑니다 자주 이용할거같아요!,2023.07.28,"140,000",대전 유성구 한밭대로492번길 26-28 (봉명동)
대전 유성 파로스,5,깨끗하구 좋아요,2023.07.26,"140,000",대전 유성구 한밭대로492번길 26-28 (봉명동)
대전 유성 파로스,5,깨끗하고 좋습니다,2023.07.26,"140,000",대전 유성구 한밭대로492번길 26-28 (봉명동)
대전 유성 파로스,5,깨끗하고 좋습니다,2023.07.26,"140,000",대전 유성구 한밭대로492번길 26-28 (봉명동)
대전 유성 파로스,5,잘 쉬다 가요,2023.07.26,"140,000",대전 유성구 한밭대로492번길 26-28 (봉명동)
대전 유성 파로스,5,깔끔하고 좋아요,2023.07.25,"140,000",대전 유성구 한밭대로492번길 26-28 (봉명동)
대전 유성 파로스,5,잘 쉬고 갑니다 출장으로 또 이용할게요~,2023.07.22,"140,000",대전 유성구 한밭대로492번길 26-28 (봉명동)
대전 유성 파로스,5,"주변에 편의시설이 많아서 좋아요
객실 상태도 깨끗해요",2023.07.22,"140,000",대전 유성구 한밭대로492번길 26-28 (봉명동)
대전 유성 파로스,5,"친절, 깔끔, 매우만족, 야간 거리 소음 조금",2023.07.13,"140,000",대전 유성구 한밭대로492번길 26-28 (봉명동)
대전 유성 파로스,4,굿굿요~~,2023.07.11,"140,000",대전 유성구 한밭대로492번길 26-28 (봉명동)
대전 유성 파로스,5,잘 쉬다가요,2023.07.10,"140,000",대전 유성구 한밭대로492번길 26-28 (봉명동)
대전 유성 파로스,5,깨끗하고 좋았어요,2023.07.10,"140,000",대전 유성구 한밭대로492번길 26-28 (봉명동)
대전 유성 파로스,5,좋네여 ㅎㅎ 자주 이용 할게요,2023.07.08,"140,000",대전 유성구 한밭대로492번길 26-28 (봉명동)
대전 유성 파로스,5,너무 좋았어요!,2023.07.03,"140,000",대전 유성구 한밭대로492번길 26-28 (봉명동)
대전 유성 파로스,5,편안히 잘 쉬다왔습니다~,2023.07.03,"140,000",대전 유성구 한밭대로492번길 26-28 (봉명동)
대전 유성 파로스,5,좋습니다요.,2023.07.02,"140,000",대전 유성구 한밭대로492번길 26-28 (봉명동)
대전 유성 파로스,5,좋습니다.,2023.07.02,"140,000",대전 유성구 한밭대로492번길 26-28 (봉명동)
대전 유성 파로스,5,괜찬제요.,2023.07.02,"140,000",대전 유성구 한밭대로492번길 26-28 (봉명동)
대전 유성 파로스,5,가성비 졸아요,2023.07.01,"140,000",대전 유성구 한밭대로492번길 26-28 (봉명동)
대전 유성 파로스,5,쾌적하고좋아요,2023.06.29,"140,000",대전 유성구 한밭대로492번길 26-28 (봉명동)
대전 유성 파로스,5,잘 쉬다 갑니다.감사합니다.,2023.06.28,"140,000",대전 유성구 한밭대로492번길 26-28 (봉명동)
대전 유성 파로스,5,잘 쉬다 갑니다.감사합니다.,2023.06.28,"140,000",대전 유성구 한밭대로492번길 26-28 (봉명동)
대전 유성 파로스,2,방음이 너무 별로였어요ㅠㅠ,2023.06.28,"140,000",대전 유성구 한밭대로492번길 26-28 (봉명동)
대전 유성 파로스,5,재방뮨 의사ㅜ있습니당,2023.06.26,"140,000",대전 유성구 한밭대로492번길 26-28 (봉명동)
대전 유성 파로스,5,잘쉬다갑니다,2023.06.20,"140,000",대전 유성구 한밭대로492번길 26-28 (봉명동)
대전 유성 파로스,5,잘 쉬다 가요,2023.06.19,"140,000",대전 유성구 한밭대로492번길 26-28 (봉명동)
대전 유성 파로스,4,깨끗하고 편했습니다,2023.06.18,"140,000",대전 유성구 한밭대로492번길 26-28 (봉명동)
대전 유성 파로스,5,방이나 화장실 모두 깔끔하고 좋습니다. 욕조도 크고 수압도 좋아서 전체적으로 만족합니다.,2023.06.15,"140,000",대전 유성구 한밭대로492번길 26-28 (봉명동)
대전 유성 파로스,5,잘쉬다 갑니다.감사합니다.,2023.06.12,"140,000",대전 유성구 한밭대로492번길 26-28 (봉명동)
대전 유성 파로스,5,잘쉬다 갑니다.감사합니다.,2023.06.12,"140,000",대전 유성구 한밭대로492번길 26-28 (봉명동)
대전 유성 파로스,5,너무좋았어요!!,2023.06.09,"140,000",대전 유성구 한밭대로492번길 26-28 (봉명동)
대전 유성 파로스,5,깔끔해서 조하요,2023.06.04,"140,000",대전 유성구 한밭대로492번길 26-28 (봉명동)
대전 유성 파로스,5,좋았습니다 직원분도 친절하시구,2023.06.04,"140,000",대전 유성구 한밭대로492번길 26-28 (봉명동)
대전 유성 파로스,5,잘 쉬다 가요,2023.06.02,"140,000",대전 유성구 한밭대로492번길 26-28 (봉명동)
대전 유성 파로스,5,30분 전에 전화가 아쉽지만 잘 쉬다갑니다,2023.05.31,"140,000",대전 유성구 한밭대로492번길 26-28 (봉명동)
대전 유성 파로스,5,잘 쉬다가요,2023.05.29,"140,000",대전 유성구 한밭대로492번길 26-28 (봉명동)
대전 유성 파로스,4,기본에 충실합니다.,2023.05.28,"140,000",대전 유성구 한밭대로492번길 26-28 (봉명동)
대전 유성 파로스,5,좋아요.^^,2023.05.28,"140,000",대전 유성구 한밭대로492번길 26-28 (봉명동)
대전 유성 파로스,5,깨끗하고 조용하고 잘쉬다 갑니다.:),2023.05.28,"140,000",대전 유성구 한밭대로492번길 26-28 (봉명동)
대전 유성 파로스,4,넷플릭스.디즈니등 보기에 좋았으나 티비가 작아서 아쉬웠음,2023.05.25,"140,000",대전 유성구 한밭대로492번길 26-28 (봉명동)
대전 유성 파로스,5,편히 잘 쉬다 갑니다,2023.05.25,"140,000",대전 유성구 한밭대로492번길 26-28 (봉명동)
대전 유성 파로스,5,모든 OTT 서비스가 다 되는 게 제일 좋았어요 올 때마다 좋습니다,2023.05.20,"140,000",대전 유성구 한밭대로492번길 26-28 (봉명동)
대전 유성 파로스,4,근처에서 제일 좋아요,2023.05.19,"140,000",대전 유성구 한밭대로492번길 26-28 (봉명동)
대전 유성 파로스,5,출장와서 편히쉬고 갑니다 다음에또올께요,2023.05.18,"140,000",대전 유성구 한밭대로492번길 26-28 (봉명동)
대전 유성 파로스,5,잘 쉬다 갑니다,2023.05.15,"140,000",대전 유성구 한밭대로492번길 26-28 (봉명동)
대전 유성 파로스,5,잘 쉬다 가요,2023.05.15,"140,000",대전 유성구 한밭대로492번길 26-28 (봉명동)
대전 유성 파로스,5,잘쉬다갑니다,2023.05.13,"140,000",대전 유성구 한밭대로492번길 26-28 (봉명동)
대전 유성 파로스,5,굿입미다~~,2023.05.13,"140,000",대전 유성구 한밭대로492번길 26-28 (봉명동)
대전 유성 파로스,5,너무 깔끔하고 좋았어요,2023.05.12,"140,000",대전 유성구 한밭대로492번길 26-28 (봉명동)
대전 유성 파로스,5,늦은시간에 갔는데 주차하는데에도 어려움 없었고 편하게 머물다가 갑니다 좋았어용,2023.05.10,"140,000",대전 유성구 한밭대로492번길 26-28 (봉명동)
대전 유성 파로스,5,넘 잘 쉬다갑니다^^,2023.05.10,"140,000",대전 유성구 한밭대로492번길 26-28 (봉명동)
대전 유성 파로스,5,최근 자주이용합니다 대표님이 항상 친절하시고 시설도 깨끗합니다,2023.05.10,"140,000",대전 유성구 한밭대로492번길 26-28 (봉명동)
대전 유성 파로스,5,잘 쉬다 가요,2023.05.09,"140,000",대전 유성구 한밭대로492번길 26-28 (봉명동)
대전 유성 파로스,5,깨끗하고 친절합니다,2023.05.07,"140,000",대전 유성구 한밭대로492번길 26-28 (봉명동)
대전 유성 파로스,4,티비 영화 시청은 좋으나. 침대 화장실등 편의 시설이 조금 좋진 않네요..,2023.05.06,"140,000",대전 유성구 한밭대로492번길 26-28 (봉명동)
대전 유성 파로스,5,잘 쉬다 가요,2023.05.02,"140,000",대전 유성구 한밭대로492번길 26-28 (봉명동)
대전 유성 파로스,5,함께간 직원이. 만족합니다. 디즈니 좋아요,2023.04.27,"140,000",대전 유성구 한밭대로492번길 26-28 (봉명동)
대전 유성 파로스,5,깨끗하고 좋아요. 잠자리가 편안합니다,2023.04.27,"140,000",대전 유성구 한밭대로492번길 26-28 (봉명동)
대전 유성 파로스,5,대전 출장차 방문했는데 주차장도 좋고 시설도 깔끔합니다. 좋아요,2023.04.27,"140,000",대전 유성구 한밭대로492번길 26-28 (봉명동)
대전 유성 파로스,5,대전 출장차 방문했는데 주차장도 좋고 시설도 깔끔합니다. 좋아요,2023.04.27,"140,000",대전 유성구 한밭대로492번길 26-28 (봉명동)
대전 유성 파로스,5,깨끗하고 좋았습니다,2023.04.24,"140,000",대전 유성구 한밭대로492번길 26-28 (봉명동)
대전 유성 파로스,5,포도향 나고 좋았ㅈ습니다,2023.04.24,"140,000",대전 유성구 한밭대로492번길 26-28 (봉명동)
대전 유성 파로스,5,잘 쉬다가 가요,2023.04.24,"140,000",대전 유성구 한밭대로492번길 26-28 (봉명동)
대전 유성 파로스,5,"친절하고 방침대구조가 신기하고 이뻐요 
조금 습해서 더웠어요!",2023.04.23,"140,000",대전 유성구 한밭대로492번길 26-28 (봉명동)
대전 유성 파로스,5,잘 쉬다가 가요,2023.04.23,"140,000",대전 유성구 한밭대로492번길 26-28 (봉명동)
대전 유성 파로스,3,티비로 볼 수 있는게 많아서 좋았어요,2023.04.22,"140,000",대전 유성구 한밭대로492번길 26-28 (봉명동)
대전 유성 파로스,3,주변에서 괜찮아요,2023.04.20,"140,000",대전 유성구 한밭대로492번길 26-28 (봉명동)
대전 유성 파로스,5,사진과 똑같고 깨끗하고 주차공간도 많아서 편했습니다,2023.04.17,"140,000",대전 유성구 한밭대로492번길 26-28 (봉명동)
대전 유성 파로스,5,최고입니다,2023.04.16,"140,000",대전 유성구 한밭대로492번길 26-28 (봉명동)
대전 유성 파로스,5,깨끗하고 부족함없이 좋았습니다,2023.04.15,"140,000",대전 유성구 한밭대로492번길 26-28 (봉명동)
대전 유성 파로스,5,저렴하고 깔끔합니다,2023.04.15,"140,000",대전 유성구 한밭대로492번길 26-28 (봉명동)
대전 유성 파로스,5,다 좋았는데...수압이 좀 약했어요. 담엔 수압 센 방 부탁드립니다^^,2023.04.09,"140,000",대전 유성구 한밭대로492번길 26-28 (봉명동)
대전 유성 파로스,5,깨끗하고 친절하네요.,2023.04.09,"140,000",대전 유성구 한밭대로492번길 26-28 (봉명동)
대전 유성 파로스,5,"깨끗, 편안, 조용, 친절 다 좋아요~~",2023.04.09,"140,000",대전 유성구 한밭대로492번길 26-28 (봉명동)
대전 유성 파로스,5,"카운터 계시는 사장님 사모님 너무친절하세요
건조한숙소많은데 건조하지않게 잘쉬다왔습니다",2023.04.08,"140,000",대전 유성구 한밭대로492번길 26-28 (봉명동)
대전 유성 파로스,5,좋아요. 잘잤어요,2023.04.07,"140,000",대전 유성구 한밭대로492번길 26-28 (봉명동)
대전 유성 파로스,5,좋았어요 ㅎㅎ,2023.04.01,"140,000",대전 유성구 한밭대로492번길 26-28 (봉명동)
대전 유성 파로스,5,갠츈 -♡,2023.03.31,"140,000",대전 유성구 한밭대로492번길 26-28 (봉명동)
대전 유성 파로스,5,친절함. 방 깨끗함,2023.03.29,"140,000",대전 유성구 한밭대로492번길 26-28 (봉명동)
대전 유성 파로스,5,좋아요^^,2023.03.28,"140,000",대전 유성구 한밭대로492번길 26-28 (봉명동)
대전 유성 파로스,5,잘 쉬다갑니다,2023.03.28,"140,000",대전 유성구 한밭대로492번길 26-28 (봉명동)
대전 유성 파로스,5,잘 지내다 갑니닷!,2023.03.27,"140,000",대전 유성구 한밭대로492번길 26-28 (봉명동)
대전 유성 파로스,5,깔끔하고좋아요,2023.03.24,"140,000",대전 유성구 한밭대로492번길 26-28 (봉명동)
대전 유성 파로스,5,좋아요.주변에 먹을 곳도 많구요.,2023.03.23,"140,000",대전 유성구 한밭대로492번길 26-28 (봉명동)
대전 유성 파로스,4,조용하고 따뜻해서 쉬기 ㅈ늫아요,2023.03.23,"140,000",대전 유성구 한밭대로492번길 26-28 (봉명동)
대전 유성 파로스,4,깨끗 하고 좋아요,2023.03.23,"140,000",대전 유성구 한밭대로492번길 26-28 (봉명동)
대전 유성 파로스,4,무난했어용 침대가 푹신해서 좋았는데 고데기가 없어서 아쉬웠어용,2023.03.21,"140,000",대전 유성구 한밭대로492번길 26-28 (봉명동)
대전 유성 파로스,5,잘 쉬다 갑니다,2023.03.21,"140,000",대전 유성구 한밭대로492번길 26-28 (봉명동)
대전 유성 파로스,5,잘 쉬다 갑니다,2023.03.21,"140,000",대전 유성구 한밭대로492번길 26-28 (봉명동)
대전 유성 파로스,5,ㅅㄹㄹㅎㄹㄹㄹㄹㅇㅇㅇ,2023.03.20,"140,000",대전 유성구 한밭대로492번길 26-28 (봉명동)
대전 유성 파로스,5,서비가. 좋아요. 방. 청결해요,2023.03.13,"140,000",대전 유성구 한밭대로492번길 26-28 (봉명동)
대전 유성 파로스,5,벌써 4번째 입니다 잘 쉬다 갑니다,2023.03.12,"140,000",대전 유성구 한밭대로492번길 26-28 (봉명동)
대전 유성 파로스,5,무난무난 깔끔합니다~,2023.03.12,"140,000",대전 유성구 한밭대로492번길 26-28 (봉명동)
대전 유성 파로스,5,번창하세요 사장님 ~,2023.03.12,"140,000",대전 유성구 한밭대로492번길 26-28 (봉명동)
대전 유성 파로스,5,잘 쉬다 갑니다~,2023.03.12,"140,000",대전 유성구 한밭대로492번길 26-28 (봉명동)
대전 유성 파로스,5,지하주차장 입구.. 바닥 긁힘 ㅜㅜ 다른건 다 조아여,2023.03.10,"140,000",대전 유성구 한밭대로492번길 26-28 (봉명동)
대전 유성 파로스,5,좋아요 만족합니다,2023.03.04,"140,000",대전 유성구 한밭대로492번길 26-28 (봉명동)
대전 유성 파로스,5,사장님도친절하고 숙소도매우좋네요,2023.03.02,"140,000",대전 유성구 한밭대로492번길 26-28 (봉명동)
대전 유성 파로스,5,"근처 먹걸 놀거리 많아 편의성좋고
시설도 깔끔하고 물도 좋았어요",2023.02.27,"140,000",대전 유성구 한밭대로492번길 26-28 (봉명동)
대전 유성 파로스,5,깨끗하고 좋았어요,2023.02.27,"140,000",대전 유성구 한밭대로492번길 26-28 (봉명동)
대전 유성 파로스,5,깔끔하고 넓어서 좋아요,2023.02.26,"140,000",대전 유성구 한밭대로492번길 26-28 (봉명동)
대전 유성 파로스,5,친절하시고 좋아요!,2023.02.24,"140,000",대전 유성구 한밭대로492번길 26-28 (봉명동)
대전 유성 파로스,5,친절하시고 좋아요!,2023.02.24,"140,000",대전 유성구 한밭대로492번길 26-28 (봉명동)
대전 유성 파로스,5,친절하시고 좋아요!,2023.02.24,"140,000",대전 유성구 한밭대로492번길 26-28 (봉명동)
대전 유성 파로스,4,만족합니다!,2023.02.23,"140,000",대전 유성구 한밭대로492번길 26-28 (봉명동)
대전 유성 파로스,5,"저렴한가격에 나름 깔끔하게 편하게 쉬었습니다
재방의사 있어용
감사합니당",2023.02.21,"140,000",대전 유성구 한밭대로492번길 26-28 (봉명동)
대전 유성 파로스,5,잘쉬다갑니다,2023.02.20,"140,000",대전 유성구 한밭대로492번길 26-28 (봉명동)
대전 유성 파로스,5,ㅇㅇㅇㅇㅇㅇ,2023.02.12,"140,000",대전 유성구 한밭대로492번길 26-28 (봉명동)
대전 유성 파로스,5,잘쉬고갑니다,2023.02.10,"140,000",대전 유성구 한밭대로492번길 26-28 (봉명동)
대전 유성 파로스,5,잘쉬고갑니다,2023.02.10,"140,000",대전 유성구 한밭대로492번길 26-28 (봉명동)
대전 유성 파로스,5,잘쉬고갑니다,2023.02.10,"140,000",대전 유성구 한밭대로492번길 26-28 (봉명동)
대전 유성 파로스,5,잘쉬고갑니다,2023.02.10,"140,000",대전 유성구 한밭대로492번길 26-28 (봉명동)
대전 유성 파로스,5,잘쉬고갑니다,2023.02.10,"140,000",대전 유성구 한밭대로492번길 26-28 (봉명동)
대전 유성 파로스,4,잘쉬고갑니다,2023.02.10,"140,000",대전 유성구 한밭대로492번길 26-28 (봉명동)
대전 유성 파로스,4,잘쉬고갑니다,2023.02.10,"140,000",대전 유성구 한밭대로492번길 26-28 (봉명동)
대전 유성 파로스,4,좋아여 재방문 의사 100% 주차공간이 좀 적은게 흠,2023.02.08,"140,000",대전 유성구 한밭대로492번길 26-28 (봉명동)
대전 유성 파로스,4,다 좋아여 주차공간이 좀 협소한것 외엔 ㅎㅎ,2023.02.08,"140,000",대전 유성구 한밭대로492번길 26-28 (봉명동)
대전 유성 파로스,4,커텐이 없지만 춥지 않아요 리모델링해서 깨끗합니다,2023.02.07,"140,000",대전 유성구 한밭대로492번길 26-28 (봉명동)
대전 유성 파로스,4,무난합니다,2023.02.06,"140,000",대전 유성구 한밭대로492번길 26-28 (봉명동)
대전 유성 파로스,5,"객실도깨끗하고,
따뜻해서좋았어요.
조용해서잘쉬다왔습니다",2023.01.30,"140,000",대전 유성구 한밭대로492번길 26-28 (봉명동)
대전 유성 파로스,5,디즈니때매 또 갔어요 ㅋㅋㅋㅋㅋㅋ 금연룸이 아닌데도 담배냄새도 거의 없었고 좋았어용,2023.01.30,"140,000",대전 유성구 한밭대로492번길 26-28 (봉명동)
대전 유성 파로스,5,전체적으로 좋았어요!!! 방음이 조금 안되긴했는데 디즈니가 있어서 너무 좋았어용,2023.01.30,"140,000",대전 유성구 한밭대로492번길 26-28 (봉명동)
대전 유성 파로스,5,좋았습니당~.~,2023.01.29,"140,000",대전 유성구 한밭대로492번길 26-28 (봉명동)
대전 유성 파로스,5,편하고 훌륭합니다^^,2023.01.21,"140,000",대전 유성구 한밭대로492번길 26-28 (봉명동)
대전 유성 파로스,5,친절하고 깨끗해요,2023.01.21,"140,000",대전 유성구 한밭대로492번길 26-28 (봉명동)
대전 유성 파로스,5,깨끗하고 너무 좋아요,2023.01.16,"140,000",대전 유성구 한밭대로492번길 26-28 (봉명동)
대전 유성 파로스,5,방도 깨끗하고 친절하셔서 너무 좋습니다^^,2023.01.16,"140,000",대전 유성구 한밭대로492번길 26-28 (봉명동)
대전 유성 파로스,5,늘 최고의 서비스로 대해주셔서 감사합니다! 잘묵고 갑니다,2023.01.16,"140,000",대전 유성구 한밭대로492번길 26-28 (봉명동)
대전 유성 파로스,4,방이 넓고 화장실도 넓고 좋았어요,2023.01.16,"140,000",대전 유성구 한밭대로492번길 26-28 (봉명동)
대전 유성 파로스,5,화장실에 휴지가 없던데요,2023.01.15,"140,000",대전 유성구 한밭대로492번길 26-28 (봉명동)
대전 유성 파로스,5,"괜찮은곳이네요
추후출장가면 재방문의사있습니다",2023.01.15,"140,000",대전 유성구 한밭대로492번길 26-28 (봉명동)
대전 유성 파로스,4,따듯하고 조용함,2023.01.12,"140,000",대전 유성구 한밭대로492번길 26-28 (봉명동)
대전 유성 파로스,5,그냥 완벽 그자체!!!,2023.01.10,"140,000",대전 유성구 한밭대로492번길 26-28 (봉명동)
대전 유성 파로스,5,진짜 너무 깔끔하고 가격대비 완전 훌륭합니다!!!!!,2023.01.10,"140,000",대전 유성구 한밭대로492번길 26-28 (봉명동)
대전 유성 파로스,5,깨끗해요!!,2023.01.10,"140,000",대전 유성구 한밭대로492번길 26-28 (봉명동)
대전 유성 파로스,5,깨끗하고 좋아요,2023.01.07,"140,000",대전 유성구 한밭대로492번길 26-28 (봉명동)
대전 유성 파로스,5,잘쉬다갑니다,2023.01.03,"140,000",대전 유성구 한밭대로492번길 26-28 (봉명동)
대전 유성 파로스,5,연박했는데 너무 친절하시고 깨끗해서 좋았습니다!!,2022.12.28,"140,000",대전 유성구 한밭대로492번길 26-28 (봉명동)
대전 유성 파로스,5,가성비 좋습니다,2022.12.26,"140,000",대전 유성구 한밭대로492번길 26-28 (봉명동)
대전 유성 파로스,5,항상갈때마다 너무 깨끗하고 좋았습니다^^,2022.12.19,"140,000",대전 유성구 한밭대로492번길 26-28 (봉명동)
대전 유성 파로스,5,잘 쉬다 갑니다 위치 치고 가성비가 괜찮은 숙소라고 생각해요 ㅎㅎ,2022.12.14,"140,000",대전 유성구 한밭대로492번길 26-28 (봉명동)
대전 유성 파로스,4,깔끔하고 좋습니다 재방문의사있습니다!,2022.12.10,"140,000",대전 유성구 한밭대로492번길 26-28 (봉명동)
대전 유성 파로스,5,좋았어요.,2022.12.06,"140,000",대전 유성구 한밭대로492번길 26-28 (봉명동)
대전 유성 파로스,5,잘 쉬다갑니다!,2022.12.03,"140,000",대전 유성구 한밭대로492번길 26-28 (봉명동)
대전 유성 파로스,5,깔끔하고 좋아요! 넷플 티빙 웨이브 디즈니 다 볼 수 있어서 더 좋아요!,2022.12.01,"140,000",대전 유성구 한밭대로492번길 26-28 (봉명동)
대전 유성 파로스,5,친절하고 너무 좋습니다,2022.12.01,"140,000",대전 유성구 한밭대로492번길 26-28 (봉명동)
대전 유성 파로스,4,하루 숙박하기에 괜찮아요~,2022.11.28,"140,000",대전 유성구 한밭대로492번길 26-28 (봉명동)
대전 유성 파로스,5,잘쉬다 갑니다,2022.11.25,"140,000",대전 유성구 한밭대로492번길 26-28 (봉명동)
대전 유성 파로스,5,ㅂㅁㅁㅁㅁㅁ,2022.11.25,"140,000",대전 유성구 한밭대로492번길 26-28 (봉명동)
대전 유성 파로스,5,"대체로 괜찮았습니다. 다만, 먼지가 많았던 것같아요.",2022.11.22,"140,000",대전 유성구 한밭대로492번길 26-28 (봉명동)
대전 유성 파로스,4,잘 쉬다 왔네요,2022.11.22,"140,000",대전 유성구 한밭대로492번길 26-28 (봉명동)
대전 유성 파로스,5,쉬기너무좋아요,2022.11.21,"140,000",대전 유성구 한밭대로492번길 26-28 (봉명동)
대전 유성 파로스,4,깔끔했습니다,2022.11.21,"140,000",대전 유성구 한밭대로492번길 26-28 (봉명동)
대전 유성 파로스,5,죄송해요. 다른 모텔 후기를 잘못 달았네요. 다른데랑 비교하니 여기가 최고네요.,2022.11.18,"140,000",대전 유성구 한밭대로492번길 26-28 (봉명동)
대전 유성 파로스,5,편하게보내고감,2022.11.16,"140,000",대전 유성구 한밭대로492번길 26-28 (봉명동)
대전 유성 파로스,5,친절하시고 깔끔했어요 잘 쉬다갑니다,2022.11.14,"140,000",대전 유성구 한밭대로492번길 26-28 (봉명동)
대전 유성 파로스,5,잘쉬고 갑니다,2022.11.08,"140,000",대전 유성구 한밭대로492번길 26-28 (봉명동)
대전 유성 파로스,5,잘쉬고 갑니다,2022.11.08,"140,000",대전 유성구 한밭대로492번길 26-28 (봉명동)
대전 유성 파로스,5,잘쉬고 갑니다,2022.11.08,"140,000",대전 유성구 한밭대로492번길 26-28 (봉명동)
대전 유성 파로스,5,"조용하고 깨끗해요
출장시 자주 이용합니다",2022.11.04,"140,000",대전 유성구 한밭대로492번길 26-28 (봉명동)
대전 유성 파로스,5,잘쉬다 갑니다~~~,2022.11.02,"140,000",대전 유성구 한밭대로492번길 26-28 (봉명동)
대전 유성 파로스,4,냉장고에 음료수가 없는게 좀 아쉽네요,2022.11.02,"140,000",대전 유성구 한밭대로492번길 26-28 (봉명동)
대전 유성 파로스,5,괜찮았어요,2022.11.01,"140,000",대전 유성구 한밭대로492번길 26-28 (봉명동)
대전 유성 파로스,5,괜찮았어요,2022.11.01,"140,000",대전 유성구 한밭대로492번길 26-28 (봉명동)
대전 유성 파로스,5,괜찮았어요,2022.11.01,"140,000",대전 유성구 한밭대로492번길 26-28 (봉명동)
대전 유성 파로스,5,깨끗하고 아늑해요,2022.11.01,"140,000",대전 유성구 한밭대로492번길 26-28 (봉명동)
대전 유성 파로스,5,진짜 또 오고 싶어요,2022.10.19,"140,000",대전 유성구 한밭대로492번길 26-28 (봉명동)
대전 유성 파로스,3,잘 쉬고 가요,2022.10.17,"140,000",대전 유성구 한밭대로492번길 26-28 (봉명동)
대전 유성 파로스,4,화장실 수압 약한것만 빼면 다좋았습니다.,2022.10.11,"140,000",대전 유성구 한밭대로492번길 26-28 (봉명동)
대전 유성 파로스,5,잘 쉬다 갑니다,2022.10.10,"140,000",대전 유성구 한밭대로492번길 26-28 (봉명동)
대전 유성 파로스,5,잘 쉬고 갑니다!,2022.10.06,"140,000",대전 유성구 한밭대로492번길 26-28 (봉명동)
대전 유성 파로스,4,욕실 곰팡이가 좀 ㅜㅡㅜ 그래도 친절하셔서 잘 쉬었어요,2022.10.03,"140,000",대전 유성구 한밭대로492번길 26-28 (봉명동)
대전 유성 파로스,5,좋아요!!,2022.10.03,"140,000",대전 유성구 한밭대로492번길 26-28 (봉명동)
대전 유성 파로스,5,편하고 좋습니다,2022.10.03,"140,000",대전 유성구 한밭대로492번길 26-28 (봉명동)
대전 유성 파로스,5,다른데보다 좋아유,2022.09.30,"140,000",대전 유성구 한밭대로492번길 26-28 (봉명동)
대전 유성 파로스,5,잘 쉬다 갑니더,2022.09.30,"140,000",대전 유성구 한밭대로492번길 26-28 (봉명동)
대전 유성 파로스,5,깔끔하고 좋았어요,2022.09.30,"140,000",대전 유성구 한밭대로492번길 26-28 (봉명동)
대전 유성 파로스,5,조아요!!,2022.09.26,"140,000",대전 유성구 한밭대로492번길 26-28 (봉명동)
대전 유성 파로스,5,나름. 좋았어요,2022.09.26,"140,000",대전 유성구 한밭대로492번길 26-28 (봉명동)
대전 유성 파로스,5,잘쉬다가용,2022.09.24,"140,000",대전 유성구 한밭대로492번길 26-28 (봉명동)
대전 유성 파로스,5,굿굿굿굿귯,2022.09.23,"140,000",대전 유성구 한밭대로492번길 26-28 (봉명동)
대전 유성 파로스,4,깨끗한 곳입니다,2022.09.23,"140,000",대전 유성구 한밭대로492번길 26-28 (봉명동)
대전 유성 파로스,1,응대가 좀 불편했어요,2022.09.22,"140,000",대전 유성구 한밭대로492번길 26-28 (봉명동)
대전 유성 파로스,5,깨끗하고 좋아요,2022.09.19,"140,000",대전 유성구 한밭대로492번길 26-28 (봉명동)
대전 유성 파로스,4,편안하게 푹 잘 쉬었습니다,2022.09.18,"140,000",대전 유성구 한밭대로492번길 26-28 (봉명동)
대전 유성 파로스,5,깨끗하고 좋아요,2022.09.17,"140,000",대전 유성구 한밭대로492번길 26-28 (봉명동)
대전 유성 파로스,4,좋았어요!,2022.09.16,"140,000",대전 유성구 한밭대로492번길 26-28 (봉명동)
대전 유성 파로스,5,ㅎㅎㅎㅎㅎ,2022.09.15,"140,000",대전 유성구 한밭대로492번길 26-28 (봉명동)
대전 유성 파로스,5,굳귿 깔끔그자체,2022.09.14,"140,000",대전 유성구 한밭대로492번길 26-28 (봉명동)
대전 유성 파로스,5,깨끗하고 좋아요,2022.09.14,"140,000",대전 유성구 한밭대로492번길 26-28 (봉명동)
대전 유성 파로스,5,좋습니다요,2022.09.11,"140,000",대전 유성구 한밭대로492번길 26-28 (봉명동)
대전 유성 파로스,5,친절하시고 깨끗한 숙소입니다.다만 욕실등이 잘 작동하지 않네요 참조하셔요,2022.09.11,"140,000",대전 유성구 한밭대로492번길 26-28 (봉명동)
대전 유성 파로스,3,그냥그래요,2022.09.10,"140,000",대전 유성구 한밭대로492번길 26-28 (봉명동)
대전 유성 파로스,5,가성비 최고입니다,2022.09.10,"140,000",대전 유성구 한밭대로492번길 26-28 (봉명동)
대전 유성 파로스,5,좋습니다요,2022.09.07,"140,000",대전 유성구 한밭대로492번길 26-28 (봉명동)
대전 유성 파로스,5,만족스러웠습니다,2022.09.05,"140,000",대전 유성구 한밭대로492번길 26-28 (봉명동)
대전 유성 파로스,5,사장님들이 친절하시고 다행이 담배냄새가 안나서 좋게 잘 갔다왔습니다,2022.09.01,"140,000",대전 유성구 한밭대로492번길 26-28 (봉명동)
대전 유성 파로스,4,만족합니다!,2022.08.30,"140,000",대전 유성구 한밭대로492번길 26-28 (봉명동)
대전 유성 파로스,5,깔끔해요! 재방문의사 있습니다!,2022.08.28,"140,000",대전 유성구 한밭대로492번길 26-28 (봉명동)
대전 유성 파로스,4,깨끗한 곳입니다,2022.08.28,"140,000",대전 유성구 한밭대로492번길 26-28 (봉명동)
대전 유성 파로스,4,깨끗한 곳입니다,2022.08.28,"140,000",대전 유성구 한밭대로492번길 26-28 (봉명동)
대전 유성 파로스,3,좋아용.그냥 저냥.,2022.08.18,"140,000",대전 유성구 한밭대로492번길 26-28 (봉명동)
대전 유성 파로스,5,.....,2022.08.16,"140,000",대전 유성구 한밭대로492번길 26-28 (봉명동)
대전 유성 파로스,5,가격대비 정말 좋아요!,2022.08.16,"140,000",대전 유성구 한밭대로492번길 26-28 (봉명동)
대전 유성 파로스,5,가성비가 좋았습니다.,2022.08.15,"140,000",대전 유성구 한밭대로492번길 26-28 (봉명동)
