hotel,star,review,date,price,address
대전 아이호텔(I-HOTEL),3,"뷰는 좋았으나, 
호실안에 수건이 없어서, 샤워후 난감한 상황이었음.
물론 이후 받긴했지만 좀 아쉬움.

냉장고에 물이 1병만 있음. 저녁에 한병 아침에 한병 2병이 필요한데 그게 아쉬움.
호텔내 식당이 없음.
호텔에 식당없는게 맞는지 모름",2024.10.07,"66,000",대전 유성구 엑스포로123번길 27-5
대전 아이호텔(I-HOTEL),5,시설은 오래됐지만 바닥에 맨발로 걸어도 먼지 안 느껴지고 방안 조명도 은은하고 뷰도 좋고 생각보다 짐대도 편하고 넓어서 혼자서 꿀잠자고 힐링했습니다 일이 있어 간 거였는데 아침에 개운하게 나갔어요~,2024.10.06,"66,000",대전 유성구 엑스포로123번길 27-5
대전 아이호텔(I-HOTEL),5,성심당 때문에 예약한 숙소였는데 기대이상이었어요. 있을거 다 있고 직원분들도 친절해서 좋았어요,2024.09.23,"66,000",대전 유성구 엑스포로123번길 27-5
대전 아이호텔(I-HOTEL),3,가격대비 나쁘지 않습니다,2024.09.04,"66,000",대전 유성구 엑스포로123번길 27-5
대전 아이호텔(I-HOTEL),5,너무 만족스럽습니다. 깨끗하네요,2024.06.22,"66,000",대전 유성구 엑스포로123번길 27-5
대전 아이호텔(I-HOTEL),5,강변 앞이라 뷰가 좋네요,2024.06.15,"66,000",대전 유성구 엑스포로123번길 27-5
대전 아이호텔(I-HOTEL),4,옛날 콘도느낌이라 아쉽네요,2024.06.14,"66,000",대전 유성구 엑스포로123번길 27-5
대전 아이호텔(I-HOTEL),5,좋아요 잘 쉬다갑니다,2024.06.01,"66,000",대전 유성구 엑스포로123번길 27-5
대전 아이호텔(I-HOTEL),5,너무 좋았고 조용했어요,2024.06.01,"66,000",대전 유성구 엑스포로123번길 27-5
대전 아이호텔(I-HOTEL),5,너무 좋았고 조용했습니다,2024.06.01,"66,000",대전 유성구 엑스포로123번길 27-5
대전 아이호텔(I-HOTEL),5,잘 쉬고 갑니다 뷰가 좋아요,2024.05.30,"66,000",대전 유성구 엑스포로123번길 27-5
대전 아이호텔(I-HOTEL),3,"괜찮았다. 위치도 좋고 창문 너머로 보이는 갑천 야경도 나쁘지 않았다.
하지만 객실 바닥 청소가 잘 안 된 건지 양말만 신고 돌아다니다 뭐가 묻었다. 객실에 실내화가 있는데 꼭 신어야 하는 것 같았다. 그 외에 와이파이가 개방형이라 좀 걱정스럽긴 했다. 그리고 그 와이파이가 수시로 끊기는 문제가 있었다. 랩탑 가져갔다 그냥 쓰지 않았다.",2024.05.27,"66,000",대전 유성구 엑스포로123번길 27-5
대전 아이호텔(I-HOTEL),5,프론트도 친절하고 레지던스 느낌으로 (사용할 일은 없었지만)식기류들도 있습니다. 조명도 맘에 들었고 노후된 부분 개선을 위해 투자했다는 생각도 들었고 전반적으로 만족합니다,2024.05.12,"66,000",대전 유성구 엑스포로123번길 27-5
대전 아이호텔(I-HOTEL),5,"엑스포공원, 조이마루와 인접해 접근성도 좋았고 직원분들도 친절했습니다. 1박2일 잘보내고 갑니다:)",2024.05.04,"66,000",대전 유성구 엑스포로123번길 27-5
대전 아이호텔(I-HOTEL),5,조이마루 이용할때좋아요,2024.03.18,"66,000",대전 유성구 엑스포로123번길 27-5
대전 아이호텔(I-HOTEL),4,"+ 직원 응대 태도가 친절함
+ 객실 및 화장실이 깨끗함
+ 주요 건물과 지리적으로 매우 가까움
+ 대중교통 접근성 좋음 (버스)
+ 방음 상태 양호함 (의자 끄는 소리 정도 들림)

- 침대가 푹신하지 않음
- 14층 세탁실 소모품 판매재고 관리 안됨 (분말 세제 등)
- 객실 단열 및 난방이 다소 미흡함 (순수하게 에어컨에 의존)
- 객실 내 공유기로 Wi-Fi 연결 시 접속 유지가 불안정함 (특정 객실에 한함, 유선 연결은 양호)",2024.03.15,"66,000",대전 유성구 엑스포로123번길 27-5
대전 아이호텔(I-HOTEL),5,내부 깔끔하고 좋았습니다 창밖에 강가가 보여 더 좋았네요 편안하게 잘 묵었습니다. 대신 헤어 트리트먼트 제품이 비치용으로 제공되었으면 더 좋겠습니다!,2024.03.14,"66,000",대전 유성구 엑스포로123번길 27-5
대전 아이호텔(I-HOTEL),4,"건물 년식은 좀 되어 보이지만
대비하여 깔끔했고, 위치에 따른 뷰도 좋았습니다.
요즘 모텔에도 장팜들이 다 있는데, 온풍기만 있어서 새벽에 추웠습니다.
겨울 아닌 계절에는 괜찮을 것 같습니다",2024.01.24,"66,000",대전 유성구 엑스포로123번길 27-5
대전 아이호텔(I-HOTEL),5,"좀 추웠어요
위치는 진짜 좋네요",2024.01.03,"66,000",대전 유성구 엑스포로123번길 27-5
대전 아이호텔(I-HOTEL),3,딱 1인 비즈니스 호텔 나름 리버뷰였어요 난방이 있어도 좀 추워 아쉬웠어요,2023.12.31,"66,000",대전 유성구 엑스포로123번길 27-5
대전 아이호텔(I-HOTEL),5,컨벤션센터 방문으로 일박했는데 위치 대박좋고 가격저렴 가성비 완전 좋아요 기회된다면 재방문할께요,2023.12.10,"66,000",대전 유성구 엑스포로123번길 27-5
대전 아이호텔(I-HOTEL),3,"우선 프런트 직원분은 정말 친절했고요
컨벤션센터랑도 가까워서 출장차 이용하기 좋었습니다 
다만 취사가 가능하다보니 다른 객실에서 끓이는 된장찌개 냄새가 너무 심하게 방에 들어와서 밤새 속이 안좋아 고생했네요 ㅠㅠㅠㅠ 
숙소측 문제는 아닌 것 같아요
다만 타인을 위해 냄새나는 요리는 하지 않도록 안내해주시면 좋을 것 같아요 (정장에 된장냄새 배서 너무 짜증났어요ㅠㅠㅠㅠ)",2023.12.03,"66,000",대전 유성구 엑스포로123번길 27-5
대전 아이호텔(I-HOTEL),4,가성비 좋아요 구웃 또방문.,2023.11.11,"66,000",대전 유성구 엑스포로123번길 27-5
대전 아이호텔(I-HOTEL),3,가격대비 적당한 수준입니다,2023.10.18,"66,000",대전 유성구 엑스포로123번길 27-5
대전 아이호텔(I-HOTEL),5,전망이 너무 좋습니다,2023.01.29,"66,000",대전 유성구 엑스포로123번길 27-5
대전 아이호텔(I-HOTEL),5,잘쉬었습니다,2022.11.06,"66,000",대전 유성구 엑스포로123번길 27-5
대전 아이호텔(I-HOTEL),4,전망이 최고입니다,2022.09.18,"66,000",대전 유성구 엑스포로123번길 27-5
대전 아이호텔(I-HOTEL),5,호텔도 깨끗했고 서비스도 좋아서 편히 있다 갑니다^^,2022.09.05,"66,000",대전 유성구 엑스포로123번길 27-5
대전 아이호텔(I-HOTEL),5,좋았습니다,2022.08.30,"66,000",대전 유성구 엑스포로123번길 27-5
대전 아이호텔(I-HOTEL),4,오래된 숙소라 시설은 노후한 면이 있지만 기본에 충실하면 상관없어서 침대도 편안하고 푹 잘 수 있어서 숙소 너무 좋았어요...,2022.08.14,"66,000",대전 유성구 엑스포로123번길 27-5
대전 아이호텔(I-HOTEL),4,이용 안내를 잘해줘서 좋았는데 객실 및 복도에서 담배냄새가 나고 역이랑 먼데다 입구 찾기가 어려웠어요. 그리고 컨벤션 센터랑 가까웠던건 좋았어요,2022.06.01,"66,000",대전 유성구 엑스포로123번길 27-5
대전 아이호텔(I-HOTEL),5,전경좋고 조용함,2022.04.22,"66,000",대전 유성구 엑스포로123번길 27-5
대전 아이호텔(I-HOTEL),5,"방바닥은 차가운데 난 뜨거운 남자라서 좋았음
세면도구 없어도 난 내꺼가지고 다녀서 노상관
조금 건조하면 화장실 뜨거운 물 틀고자면 괜찮
오노마 스위트룸보다 좋은뷰 롯데시티보다 청소는 깨끗
총평 별이다섯개
사진은 내가 찍음",2022.03.23,"66,000",대전 유성구 엑스포로123번길 27-5
대전 아이호텔(I-HOTEL),4,가성비좋아요. 출장으로 적합요,2022.03.23,"66,000",대전 유성구 엑스포로123번길 27-5
대전 아이호텔(I-HOTEL),3,"추워서 히터틀면 건조함
침대에 스프링이 느껴질 정도로 낡음",2022.03.10,"66,000",대전 유성구 엑스포로123번길 27-5
대전 아이호텔(I-HOTEL),5,친절하신 카운터와 깨끗한 객실 덕분에 푹 쉬었습니다.,2022.02.16,"66,000",대전 유성구 엑스포로123번길 27-5
대전 아이호텔(I-HOTEL),1,"국내 유일 알래스카 체험 가능한 숙소입니다~~ 
벌벌 떨면서 자다깨다 했네요",2022.02.10,"66,000",대전 유성구 엑스포로123번길 27-5
대전 아이호텔(I-HOTEL),1,방이달라서 그런진모르겠지만 정말 추웠습니다.. 조심하세요..직원분은 친절하시네요,2022.02.10,"66,000",대전 유성구 엑스포로123번길 27-5
대전 아이호텔(I-HOTEL),5,뷰도 좋습니다. 가성비 좋은 숙소입니더,2021.12.05,"66,000",대전 유성구 엑스포로123번길 27-5
대전 아이호텔(I-HOTEL),4,조금 춥고.. 복도가 컴컴한거 빼면 편하고 좋았습니다.,2021.10.22,"66,000",대전 유성구 엑스포로123번길 27-5
대전 아이호텔(I-HOTEL),5,잘 쉬었습니다,2021.08.25,"66,000",대전 유성구 엑스포로123번길 27-5
대전 아이호텔(I-HOTEL),5,"강변뷰도 좋았고, 엄청 좋진 않으나... 하루 묵기에는 깔끔하고 가성비 좋음",2021.06.17,"66,000",대전 유성구 엑스포로123번길 27-5
대전 아이호텔(I-HOTEL),4,"팬션형태 주방도 있고 
전망 좋아요",2021.05.20,"66,000",대전 유성구 엑스포로123번길 27-5
대전 아이호텔(I-HOTEL),3,"가성비좋은 시티뷰 비즈니스호텔
그러나 칫솔 등의 개인 세면도구는 스스로 챙겨서 오셔야 합니다",2021.05.03,"66,000",대전 유성구 엑스포로123번길 27-5
대전 아이호텔(I-HOTEL),4,좋습니다여,2021.01.05,"66,000",대전 유성구 엑스포로123번길 27-5
대전 아이호텔(I-HOTEL),4,여자친구랑 요리도 해먹고 좋았습니다 접시가 2개만 있는게 좀 아쉽습니다.,2020.12.25,"66,000",대전 유성구 엑스포로123번길 27-5
대전 아이호텔(I-HOTEL),5,야경이 좋고 위치가 좋아요 출장 때매 들렀다갑니다,2020.12.23,"66,000",대전 유성구 엑스포로123번길 27-5
대전 아이호텔(I-HOTEL),5,"네이버 지도로 가니까 뒤쪽건물로 안내해줬어요...무슨 연구단지?였는데ㅋㅋ 이건 제 실수죠.

커튼 구석탱이에 거미줄이 있었어요.
그 외에는 전부 만족. 시설 깔끔하고 뷰도 좋고 콘센트 단자도 많았어요.",2020.09.23,"66,000",대전 유성구 엑스포로123번길 27-5
대전 아이호텔(I-HOTEL),5,좋아요 추천합니다,2020.08.25,"66,000",대전 유성구 엑스포로123번길 27-5
대전 아이호텔(I-HOTEL),5,친구들과 문안하게 지낼 수 있었습니다 ~^_^*,2020.05.05,"66,000",대전 유성구 엑스포로123번길 27-5
