hotel,star,review,date,price,address
더휴식 아늑호텔 대전 용전 2호점,5,"개인적인생각이지만
인생살며 이렇게 청결하고 욕조깨끗하고
배개도 남들과 다르고 침대도 확연한차이가 났습니다
입구들어가보니 제가좋아하는 향의 냄세가풍기며 
2종류의 티 먹을수있게 티비도 엄청크고
친절도의 끝판까지
욕조 2명까지도 들어 갈수 있을정도
인생최고 였습니다",2024.01.29,"120,000",대전광역시 동구 한밭대로1316번길 2
더휴식 아늑호텔 대전 용전 2호점,5,위치가 터미널과 가까워서 좋았어요.,2024.09.24,"120,000",대전광역시 동구 한밭대로1316번길 2
더휴식 아늑호텔 대전 용전 2호점,5,객실이 깨끗했고 숙박으로 이용하기에 좋았어요.,2024.09.09,"120,000",대전광역시 동구 한밭대로1316번길 2
더휴식 아늑호텔 대전 용전 2호점,5,바로앞이 큰 대로변이라 소음걱정이 있었는데 편의점앞 늦게까지 술드시고 담소나누시는 분들로 살짝 시끌벅적했을뿐 깨끗한 객실에서 잘 쉬다 갑니다^^,2024.09.05,"120,000",대전광역시 동구 한밭대로1316번길 2
더휴식 아늑호텔 대전 용전 2호점,5,숙소가 깨끗합니다.,2024.09.04,"120,000",대전광역시 동구 한밭대로1316번길 2
더휴식 아늑호텔 대전 용전 2호점,5,"객실이 깔끔해서 쾌적하게 묵고 갑니다.
욕조도 있어서 물 받아서 씻기 좋아요!",2024.08.27,"120,000",대전광역시 동구 한밭대로1316번길 2
더휴식 아늑호텔 대전 용전 2호점,4,"직원 분이 친절하게 잘 응대해주셨어요. 방이 무슨 문제가 있었는지 준비되기 전까지 다른 객실에서 쉴 수 있게 해주셨습니다. 다만, 객실 문이 뻑뻑해서 잘 열고 닫기 힘들었고 화장실 문이 닫히지 않았습니다. 또한 현관등이 고장났는지 불이 혼자서 들어왔다 꺼졌다해서 다소 무서움이 있었습니다. 외에 서비스나 객실과 시설 만족도는 높았어서 후에 기회가 된다면 다른 컨셉의 방으로 다시 방문하고 싶습니다.",2024.07.27,"120,000",대전광역시 동구 한밭대로1316번길 2
더휴식 아늑호텔 대전 용전 2호점,5,깔끔하고 향도 좋고 다 좋았어요,2024.06.25,"120,000",대전광역시 동구 한밭대로1316번길 2
더휴식 아늑호텔 대전 용전 2호점,5,전체적으로 깔끔하고 시설도 좋았네요,2024.06.15,"120,000",대전광역시 동구 한밭대로1316번길 2
더휴식 아늑호텔 대전 용전 2호점,5,깨끗하고 좋습니다.,2024.06.12,"120,000",대전광역시 동구 한밭대로1316번길 2
더휴식 아늑호텔 대전 용전 2호점,5,"가장좋은거는 주차공간이 넓어서 좋았어요~
방도 깔끔한데",2024.05.23,"120,000",대전광역시 동구 한밭대로1316번길 2
더휴식 아늑호텔 대전 용전 2호점,5,너무 깔끔하고 진짜 침대도 폭신해서 좋았어요 담에도 올 것 같아요!,2024.05.20,"120,000",대전광역시 동구 한밭대로1316번길 2
더휴식 아늑호텔 대전 용전 2호점,5,대전에서 가격대비 가장 괜찮은 것 같습니다. 친철하시구요,2024.05.13,"120,000",대전광역시 동구 한밭대로1316번길 2
더휴식 아늑호텔 대전 용전 2호점,5,주차 편하고 깔끔하고 수압 세고 따뜻한 물 잘 나오고 좋았어용,2024.05.13,"120,000",대전광역시 동구 한밭대로1316번길 2
더휴식 아늑호텔 대전 용전 2호점,4,안락하고 좋았어요~,2024.05.05,"120,000",대전광역시 동구 한밭대로1316번길 2
더휴식 아늑호텔 대전 용전 2호점,5,주차도 넉넉하고 방도 깨끗하고 좋았습니다,2024.04.21,"120,000",대전광역시 동구 한밭대로1316번길 2
더휴식 아늑호텔 대전 용전 2호점,5,그냥 좋습니다 다음에는 다른 방으로 이용예정!!!!!!,2024.03.17,"120,000",대전광역시 동구 한밭대로1316번길 2
더휴식 아늑호텔 대전 용전 2호점,5,"너무너무 청결하고, 직원분들도 친절하세요. 
깔끔함에 놀랬습니다. 재방문의사 100프로 익니다^^",2024.03.04,"120,000",대전광역시 동구 한밭대로1316번길 2
더휴식 아늑호텔 대전 용전 2호점,5,아늑하고 깨끗해요,2024.02.05,"120,000",대전광역시 동구 한밭대로1316번길 2
더휴식 아늑호텔 대전 용전 2호점,5,위치도 너무 좋고 깨끗해요,2024.02.05,"120,000",대전광역시 동구 한밭대로1316번길 2
더휴식 아늑호텔 대전 용전 2호점,5,영화나 드라마 ott를 보러가기 적합함,2024.01.29,"120,000",대전광역시 동구 한밭대로1316번길 2
더휴식 아늑호텔 대전 용전 2호점,5,"와 진짜 너무너무 좋았어요.
이름 그대로 아늑하게 쉬다 왔습니다.
테이스티룸이었고 들어가자마자 향초의 은은한 향과 차를 함께할 수 있어서 기가막힌 숙박이었다 생각합니다.
사진 많이 찍었는데 형식이 달라서 올라가지",2024.01.20,"120,000",대전광역시 동구 한밭대로1316번길 2
더휴식 아늑호텔 대전 용전 2호점,5,너무 깔끔하고 침대가 편안해서 좋았습니다,2024.01.07,"120,000",대전광역시 동구 한밭대로1316번길 2
더휴식 아늑호텔 대전 용전 2호점,5,깨끗하고 시설이 좋았습니다,2023.10.30,"120,000",대전광역시 동구 한밭대로1316번길 2
