hotel,star,review,date,price,address
대전 용문 스테이큐 호텔,5,"친절하시고 깨끗해서 좋았어요!
티비도 크고 깔끔하고 나무랄 데 없었습니다",2024.10.03,"95,000",대전광역시 서구 계룡로636번길 14-15
대전 용문 스테이큐 호텔,5,숙소도 깔끔하고 인테리어도 깔끔해서 잘 이용했습니다,2024.05.14,"95,000",대전광역시 서구 계룡로636번길 14-15
대전 용문 스테이큐 호텔,5,너무너무 좋았고 청결했습니다!,2024.05.14,"95,000",대전광역시 서구 계룡로636번길 14-15
대전 용문 스테이큐 호텔,5,정말 좋았어용 대전에서는 여기만 이용해요,2024.05.14,"95,000",대전광역시 서구 계룡로636번길 14-15
대전 용문 스테이큐 호텔,5,담배 냄새가 안나서 좋습니다!,2024.05.14,"95,000",대전광역시 서구 계룡로636번길 14-15
대전 용문 스테이큐 호텔,5,정말 정말 좋았습니다 ㅎㅎ,2024.05.14,"95,000",대전광역시 서구 계룡로636번길 14-15
대전 용문 스테이큐 호텔,5,아늑해요!! 기분 좋게 잘 이용했습니다!,2024.05.14,"95,000",대전광역시 서구 계룡로636번길 14-15
대전 용문 스테이큐 호텔,5,직원 분들 친절하시고 가성비 있는 숙소 입니다!,2024.05.14,"95,000",대전광역시 서구 계룡로636번길 14-15
대전 용문 스테이큐 호텔,5,출장 갈때 마다 애용 합니다,2024.05.14,"95,000",대전광역시 서구 계룡로636번길 14-15
대전 용문 스테이큐 호텔,5,믿고 가는 스큐입니다,2024.05.14,"95,000",대전광역시 서구 계룡로636번길 14-15
대전 용문 스테이큐 호텔,5,"믿고 오는 숙소예요
전 항상 여기만 이용해요",2024.05.14,"95,000",대전광역시 서구 계룡로636번길 14-15
대전 용문 스테이큐 호텔,5,숙소가 정말 깨끗하고 좋아요,2024.05.14,"95,000",대전광역시 서구 계룡로636번길 14-15
대전 용문 스테이큐 호텔,5,"들어오자마자 청소를 직전에 하셨는지 환기도 되어있고 에어컨도 틀어져있어서 입실할 때 기분이 너무 좋았습니다 화장실, 침대 시트도 모두 깨끗했고 대실도 편하게 쉬다가 갔어요 감사합니다",2024.05.14,"95,000",대전광역시 서구 계룡로636번길 14-15
대전 용문 스테이큐 호텔,5,대전 올 때마다 숙소 다양하게 써봤는데 여기가 제일 깨끗하고 가격도 괜찮고 좋은 것 같아요. 앞으로도 대전은 여기 계속 이용할 것 같습니다 좋아요!,2024.05.14,"95,000",대전광역시 서구 계룡로636번길 14-15
대전 용문 스테이큐 호텔,5,"여기저기 다녀봤는데 스테이큐만 한 숙소 없어요
오늘도 잘 쉬다 왔네요~!!",2024.05.14,"95,000",대전광역시 서구 계룡로636번길 14-15
대전 용문 스테이큐 호텔,5,출장때문에 왔는데 깔끔하고 좋았어요!,2024.05.14,"95,000",대전광역시 서구 계룡로636번길 14-15
대전 용문 스테이큐 호텔,4,깨끗하고 무인이에요,2022.12.12,"95,000",대전광역시 서구 계룡로636번길 14-15
대전 용문 스테이큐 호텔,4,처음에 들어가는게 번거롭지만 신기했고 스마트키라 편리해서 또 사용할 의향 있습니다,2022.12.12,"95,000",대전광역시 서구 계룡로636번길 14-15
대전 용문 스테이큐 호텔,5,조아요ㅎㅎ,2022.12.10,"95,000",대전광역시 서구 계룡로636번길 14-15
