hotel,star,review,date,price,address
대전 유성 호텔 141,5,외벽은 건물이 좀 어래되어 보이지만 내부는 리모델링하셔서 아주 낄끔해요!! 다만 방에서 회장실 갈때 칭문 하니기 있는데 창이 좀 크고 커텐 같은게 없어서 살짝 신경 쓰이더라구요 나머지는 머두 만족했아요!,2024.02.19,"26,000",대전광역시 유성구 계룡로141번길 13-11 (봉명동)
대전 유성 호텔 141,5,"화장실이 예뻐서 너무 마음에 들었어요.
침대도 넓고 편하고, 바닥 난방이 된다는 게 엄청난 장점이에요!
신축인지 전체적으로 깔끔하고 예쁘고 편리하네요.
다만 위치•외관상 주변 건물들이나 분위기가 좀 아쉬울 따름이네요,, 동네가 잘 발전하면 더할 나위 없이 좋겠어요ㅎㅎ",2024.01.02,"26,000",대전광역시 유성구 계룡로141번길 13-11 (봉명동)
대전 유성 호텔 141,5,"딸아이 생일 파티를 했습니다^^
공간도 넓고, 깨끗했으며,
노래방, 다트, PC등등 시설도 잘 되어있어서 덕분에 즐거운 시간 보냈습니다ㅎ
직원분들도 너무 친절하셨고, 마음써주셔서 감사했습니다^^
다음에 또 방문하고 싶네요!",2024.01.27,"26,000",대전광역시 유성구 계룡로141번길 13-11 (봉명동)
대전 유성 호텔 141,5,사장님 친절 하시고 안락하니 좋습니다 자주갈거 같아요 티비랑 피씨가 연결되는 방이 있고 안되는 방도 있는거 같아요 602호는 티비로 피씨 화면 볼 수 있었는데 604호는 안됐던거 같습니다 그래도 최고에요~,2024.02.18,"26,000",대전광역시 유성구 계룡로141번길 13-11 (봉명동)
대전 유성 호텔 141,5,"리모델링 한 곳이라 그런지
깨끗했어요❤️❤️❤️❤️ 청결을 제일 중요시하는데 최고였어요ㅎㅎ
조용하기도했구용~~
PC도 만족~~ㅎㅎ담에 올일있다면
또 올께용~",2024.03.05,"26,000",대전광역시 유성구 계룡로141번길 13-11 (봉명동)
대전 유성 호텔 141,5,화장실 세면대 쓰다가 갑자기 아래쪽에 물이 분출되어서 놀랬어요 수리하셔야 할 것 같습니다 나머지는 만족하고 갑니다,2024.10.02,"26,000",대전광역시 유성구 계룡로141번길 13-11 (봉명동)
대전 유성 호텔 141,5,최근 유성에서 방문한 곳 중 제일 좋은 숙소였습니다 비품이나 시설 청결 빠지는 곳이 없습니다,2024.04.29,"26,000",대전광역시 유성구 계룡로141번길 13-11 (봉명동)
대전 유성 호텔 141,5,"프론트에 계시는분도 넘 친절하시고
컴퓨터 사양도 좋고 (가끔 튕김)
인테리어도 깔끔하도
객실도 청결해요

다음에도 여기로 올게요^^",2024.04.22,"26,000",대전광역시 유성구 계룡로141번길 13-11 (봉명동)
대전 유성 호텔 141,5,"같이 간 일행들이 너무 좋다고 하네요
깨끗하고 비품도 잘 구비 되어 있어서 이용하는데 불편함이 없었어요
각자 놀면서 술도 한잔할 수 있는 테이블이 있으니 좋았습니다",2024.04.01,"26,000",대전광역시 유성구 계룡로141번길 13-11 (봉명동)
대전 유성 호텔 141,5,"신설이라 기대하고 갔는데 시설좋아요
친절하시고요
주차장도 맞은편에 따로 있구요
단지 방음이 잘 안된다는게 딱하나 단점이네요^^",2024.02.17,"26,000",대전광역시 유성구 계룡로141번길 13-11 (봉명동)
대전 유성 호텔 141,5,"너무 깨끗해서 놀랐어요~~
앞으로도 쭉 유지 부탁드립니다
대전에 출장을 많이 올 예정이라서요~~",2024.04.24,"26,000",대전광역시 유성구 계룡로141번길 13-11 (봉명동)
대전 유성 호텔 141,5,"사장님 너무 친절하시고 객실도 넘 깨끗하고 방음도 잘되구요 
대전 가면 여기 이용할게요~~",2024.02.19,"26,000",대전광역시 유성구 계룡로141번길 13-11 (봉명동)
대전 유성 호텔 141,5,"깔끔하고 깨끗하고 좋았어용!!
방에서 귀걸이를 잃어버린거 같은데 혹시 찾게되신다면 꼭 연락부탁드려용",2024.02.12,"26,000",대전광역시 유성구 계룡로141번길 13-11 (봉명동)
대전 유성 호텔 141,5,내가 숙박에서 가장 중요하게 생각하는 것은 청결이다. 나는 비지니스 룸을 이용했는데 방은 조금 작지만 깨끗하고 친절한 사장님이 인상 깊었다. 다음에 또 출장을 온다면 다시 이곳을 이용할 계획이다.,2024.07.26,"26,000",대전광역시 유성구 계룡로141번길 13-11 (봉명동)
대전 유성 호텔 141,4,입구맞은편 창문이 바깥에서 적나라하게 보이는게 조금 불편했어요 그 부분 개선이되면 좋을거 같아요 재방할게요~,2024.08.04,"26,000",대전광역시 유성구 계룡로141번길 13-11 (봉명동)
대전 유성 호텔 141,5,"티비 화면이 커서 좋아요
오래된 모텔을 리모델링한 것 같은데 인테리어가 깔끔해서 전반적으로 마음에 들어요:)
객실은 작은 편이에요.
무인기계 작동이 잘 되고 있어서 사람 없어도 체크인 할 수 있는 점이 좋아요",2024.04.22,"26,000",대전광역시 유성구 계룡로141번길 13-11 (봉명동)
대전 유성 호텔 141,5,"좋아요 처음 가봤는데 깔끔하고 주차장도 있고 담배 냄새도 안 납니다! 
침대 매트리스도 적당히 푹신하고.. 무엇보다 이불이 너무 무겁지 않으면서 부드러워용 ㅎㅎ 
난방도 빵빵합니당 티비가 완전 커요!",2024.02.20,"26,000",대전광역시 유성구 계룡로141번길 13-11 (봉명동)
대전 유성 호텔 141,5,"이전 방문이 만족스러웠어서 재방문했어요.

화장실 불이 갑자기 꺼져서 놀랐는데 원인이 뭘까요? 이 부분 빼고는 다 만족스러웠어요.",2024.04.22,"26,000",대전광역시 유성구 계룡로141번길 13-11 (봉명동)
대전 유성 호텔 141,5,숙소는 여기만 이용 하는데 컴퓨터 꺼짐 현상만 없으면 완벽한거 같습니다~ 게임 할때 한번씩 꺼지고 멈춰서 여러번 재부팅 했네요,2024.09.09,"26,000",대전광역시 유성구 계룡로141번길 13-11 (봉명동)
대전 유성 호텔 141,5,방이 조금 좁았지만 따듯했어요. 바닥이 조금 기울어있는듯했지만 큰 문제는 되지않고 수전이 신기하고 새집냄새가 조금 나요.,2024.01.24,"26,000",대전광역시 유성구 계룡로141번길 13-11 (봉명동)
대전 유성 호텔 141,2,"숙박했는데 침대시트상태가ㅎㅎ 대실받고 교체안한듯ㅎㅎ 떡볶이 국물인지뭔지 흰시트에 뻘건게 떨어져있고 + 웬 털이 가득ㅎㅎ 할많하많
창문열면 앞건물벽뷰.. 1미터도안될듯
번화가쪽이라 위치만 좋음",2024.06.08,"26,000",대전광역시 유성구 계룡로141번길 13-11 (봉명동)
대전 유성 호텔 141,5,화장실수압이 미쳤어요 !!!,51분 전,"26,000",대전광역시 유성구 계룡로141번길 13-11 (봉명동)
대전 유성 호텔 141,5,좋어요 엄청 청결하고 좋습니더,2024. 11. 15,"26,000",대전광역시 유성구 계룡로141번길 13-11 (봉명동)
대전 유성 호텔 141,5,항상 잘이용하고 있습니다.,2024. 11. 14,"26,000",대전광역시 유성구 계룡로141번길 13-11 (봉명동)
대전 유성 호텔 141,5,티비가 75인치라 진짜 커서 오티티 보러 쉬러가기 좋아여,2024.11.03,"26,000",대전광역시 유성구 계룡로141번길 13-11 (봉명동)
대전 유성 호텔 141,5,"깨끗하고 편한 곳이에요
큰 TV도 있어서 영화보기 좋았어요
또 오고 싶네요",2024.11.03,"26,000",대전광역시 유성구 계룡로141번길 13-11 (봉명동)
대전 유성 호텔 141,5,너무 깨끗하고 만족했습니다,2024.10.30,"26,000",대전광역시 유성구 계룡로141번길 13-11 (봉명동)
대전 유성 호텔 141,4,다음에 또 방문하겠습니다,2024.10.27,"26,000",대전광역시 유성구 계룡로141번길 13-11 (봉명동)
대전 유성 호텔 141,5,항상 잘 이용하고 있습니다.,2024.10.24,"26,000",대전광역시 유성구 계룡로141번길 13-11 (봉명동)
대전 유성 호텔 141,5,늘 잘이용하고 있습니다,2024.10.22,"26,000",대전광역시 유성구 계룡로141번길 13-11 (봉명동)
대전 유성 호텔 141,4,방 바닥 청소가 조금 미흡 했던점 외에는 걱정 없었던것 같습니다 잘놀고 갑니다~,2024.10.14,"26,000",대전광역시 유성구 계룡로141번길 13-11 (봉명동)
대전 유성 호텔 141,5,너무 깨끗하고 조용하네요,2024.09.26,"26,000",대전광역시 유성구 계룡로141번길 13-11 (봉명동)
대전 유성 호텔 141,5,잘쉬다갑니다 감사합니다,2024.09.26,"26,000",대전광역시 유성구 계룡로141번길 13-11 (봉명동)
대전 유성 호텔 141,5,티비가 커서 좋네요,2024.09.23,"26,000",대전광역시 유성구 계룡로141번길 13-11 (봉명동)
대전 유성 호텔 141,5,"직원분도 친절하셨고
아이들과 잘 쉬었습니다",2024.09.18,"26,000",대전광역시 유성구 계룡로141번길 13-11 (봉명동)
대전 유성 호텔 141,5,너무편안하게 잘자고가요 키오스크최고,2024.09.10,"26,000",대전광역시 유성구 계룡로141번길 13-11 (봉명동)
대전 유성 호텔 141,5,출장으로 갔는데 수압 좋고 만족했습니다,2024.09.04,"26,000",대전광역시 유성구 계룡로141번길 13-11 (봉명동)
대전 유성 호텔 141,5,편하게 잘 쉬다 갑니다,2024.09.02,"26,000",대전광역시 유성구 계룡로141번길 13-11 (봉명동)
대전 유성 호텔 141,5,ㄲ굿ㄱ수수수루우웅에,2024.08.10,"26,000",대전광역시 유성구 계룡로141번길 13-11 (봉명동)
대전 유성 호텔 141,5,무인으로 할 수 있어서 편해요,2024.08.04,"26,000",대전광역시 유성구 계룡로141번길 13-11 (봉명동)
대전 유성 호텔 141,5,컴터도 있어서 지루하지 않고 깔끔하고 좋습니다 출장시 이용합니다,2024.07.31,"26,000",대전광역시 유성구 계룡로141번길 13-11 (봉명동)
대전 유성 호텔 141,5,깨끗하고 너무 좋았어요!!,2024.07.30,"26,000",대전광역시 유성구 계룡로141번길 13-11 (봉명동)
대전 유성 호텔 141,5,컴퓨터가 한번씩 느려질때가 있긴 하지만 매번 잘 이용 합니다!,2024.07.30,"26,000",대전광역시 유성구 계룡로141번길 13-11 (봉명동)
대전 유성 호텔 141,5,"청결한 편, 침구가 좋고 조용했습니다.",2024.07.29,"26,000",대전광역시 유성구 계룡로141번길 13-11 (봉명동)
대전 유성 호텔 141,5,아주 만족합니다 티비도크고 ott도있고 깨끗해서 잘쉬다갑니다,2024.07.28,"26,000",대전광역시 유성구 계룡로141번길 13-11 (봉명동)
대전 유성 호텔 141,5,컴터도 있어서 지루하지 않고 깔끔하고 좋습니다 출장시 이용합니다,2024.07.24,"26,000",대전광역시 유성구 계룡로141번길 13-11 (봉명동)
대전 유성 호텔 141,5,컴터도 있어서 지루하지 않고 깔끔하고 좋습니다 출장시 이용합니다,2024.07.24,"26,000",대전광역시 유성구 계룡로141번길 13-11 (봉명동)
대전 유성 호텔 141,5,깨끗하고 너무 좋았어요,2024.07.21,"26,000",대전광역시 유성구 계룡로141번길 13-11 (봉명동)
대전 유성 호텔 141,5,이불 깨끗하고 방 청결해요 청결도 짱,2024.07.16,"26,000",대전광역시 유성구 계룡로141번길 13-11 (봉명동)
대전 유성 호텔 141,5,친절하시고 깨끗한룸컨디션 최고,2024.07.09,"26,000",대전광역시 유성구 계룡로141번길 13-11 (봉명동)
대전 유성 호텔 141,5,서비스도 좋고 매우 친절했어요!!,2024.07.08,"26,000",대전광역시 유성구 계룡로141번길 13-11 (봉명동)
대전 유성 호텔 141,5,서비스도 좋고 친절해서 매우 좋았어요,2024.07.08,"26,000",대전광역시 유성구 계룡로141번길 13-11 (봉명동)
대전 유성 호텔 141,5,자주 이용하는곳이애요 깨끗하고 다좋은데 가격이 좀만 내렷으면 좋겟어요,2024.07.04,"26,000",대전광역시 유성구 계룡로141번길 13-11 (봉명동)
대전 유성 호텔 141,5,시설 깨끗하고 좋음.,2024.07.01,"26,000",대전광역시 유성구 계룡로141번길 13-11 (봉명동)
대전 유성 호텔 141,5,항상 깨끗합니다. 바디워시 오렌지향이 너무 좋아요.,2024.06.24,"26,000",대전광역시 유성구 계룡로141번길 13-11 (봉명동)
대전 유성 호텔 141,5,괜찮았어요 나쁘지 않아요,2024.06.22,"26,000",대전광역시 유성구 계룡로141번길 13-11 (봉명동)
대전 유성 호텔 141,4,잘이용했습니다...,2024.06.22,"26,000",대전광역시 유성구 계룡로141번길 13-11 (봉명동)
대전 유성 호텔 141,5,출장 시 금연이고 깔끔해서 자주 이용 합니다,2024.06.20,"26,000",대전광역시 유성구 계룡로141번길 13-11 (봉명동)
대전 유성 호텔 141,5,출장 시 금연이고 깔끔해서 자주 이용 합니다,2024.06.20,"26,000",대전광역시 유성구 계룡로141번길 13-11 (봉명동)
대전 유성 호텔 141,5,출장 시 금연이고 깔끔해서 자주 이용 합니다,2024.06.20,"26,000",대전광역시 유성구 계룡로141번길 13-11 (봉명동)
대전 유성 호텔 141,5,출장 시 금연이고 깔끔해서 자주 이용 합니다,2024.06.20,"26,000",대전광역시 유성구 계룡로141번길 13-11 (봉명동)
대전 유성 호텔 141,5,좋아요 쾌적해요 깔끔해요,2024.06.18,"26,000",대전광역시 유성구 계룡로141번길 13-11 (봉명동)
대전 유성 호텔 141,5,친절하시구 룸컨디션이 무척 깔끔했습니다. 재방문의사 10000%입니다!!,2024.06.16,"26,000",대전광역시 유성구 계룡로141번길 13-11 (봉명동)
대전 유성 호텔 141,5,친절하시구 룸컨디션이 무척 깔끔했습니다. 재방문의사 10000%입니다!!,2024.06.16,"26,000",대전광역시 유성구 계룡로141번길 13-11 (봉명동)
대전 유성 호텔 141,5,티비랑 모니터가 정말 커서 영화보기 좋았어요,2024.06.15,"26,000",대전광역시 유성구 계룡로141번길 13-11 (봉명동)
대전 유성 호텔 141,5,매번 잘 쉬다 갑니다,2024.06.10,"26,000",대전광역시 유성구 계룡로141번길 13-11 (봉명동)
대전 유성 호텔 141,5,내부 너무 깨끗해요 자주갈거같아요 ㅎㅎ,2024.06.08,"26,000",대전광역시 유성구 계룡로141번길 13-11 (봉명동)
대전 유성 호텔 141,5,...........! 좋았습니다,2024.06.07,"26,000",대전광역시 유성구 계룡로141번길 13-11 (봉명동)
대전 유성 호텔 141,5,매번 잘 이용 합니다,2024.06.04,"26,000",대전광역시 유성구 계룡로141번길 13-11 (봉명동)
대전 유성 호텔 141,5,전체적으로 만족했어요,2024.06.03,"26,000",대전광역시 유성구 계룡로141번길 13-11 (봉명동)
대전 유성 호텔 141,5,잘 쉬다 갑니다. 감사합니다.,2024.05.28,"26,000",대전광역시 유성구 계룡로141번길 13-11 (봉명동)
대전 유성 호텔 141,5,"객실이 깨끗하고 디자인도 깔끔하며
서비스 시설이 좋아요.
특히 tv가 커서 좋네요^^",2024.05.25,"26,000",대전광역시 유성구 계룡로141번길 13-11 (봉명동)
대전 유성 호텔 141,5,너무 깔음하고 좋았어요 굿굿,2024.05.15,"26,000",대전광역시 유성구 계룡로141번길 13-11 (봉명동)
대전 유성 호텔 141,5,복도 끝방이라 더 좋았습니다,2024.05.13,"26,000",대전광역시 유성구 계룡로141번길 13-11 (봉명동)
대전 유성 호텔 141,5,다 좋습니다. 다만 주차가 힘들어요,2024.05.13,"26,000",대전광역시 유성구 계룡로141번길 13-11 (봉명동)
대전 유성 호텔 141,5,깨끗하고 주차도 편해요,2024.05.10,"26,000",대전광역시 유성구 계룡로141번길 13-11 (봉명동)
대전 유성 호텔 141,5,깨끗하고 주차도 편해요,2024.05.10,"26,000",대전광역시 유성구 계룡로141번길 13-11 (봉명동)
대전 유성 호텔 141,5,깨끗하고 주차도 편해요,2024.05.10,"26,000",대전광역시 유성구 계룡로141번길 13-11 (봉명동)
대전 유성 호텔 141,5,아주좋아요 만족합니다,2024.05.10,"26,000",대전광역시 유성구 계룡로141번길 13-11 (봉명동)
대전 유성 호텔 141,5,푹쉬다갑니다----,2024.05.09,"26,000",대전광역시 유성구 계룡로141번길 13-11 (봉명동)
대전 유성 호텔 141,5,많은 곳을 다녔지만 가성비 1티어급 임.,2024.05.02,"26,000",대전광역시 유성구 계룡로141번길 13-11 (봉명동)
대전 유성 호텔 141,5,격주로 이용하는데 좋습니다,2024.04.28,"26,000",대전광역시 유성구 계룡로141번길 13-11 (봉명동)
대전 유성 호텔 141,5,갈 때마다 깨끗하고 좋아요 잘 쉬다갑니다~~,2024.04.28,"26,000",대전광역시 유성구 계룡로141번길 13-11 (봉명동)
대전 유성 호텔 141,5,너무 깨끗하고 좋았어요 담에도 가려구요~~,2024.04.26,"26,000",대전광역시 유성구 계룡로141번길 13-11 (봉명동)
대전 유성 호텔 141,5,출장 시 금연이고 깔끔해서 자주 이용 합니다.,2024.04.24,"26,000",대전광역시 유성구 계룡로141번길 13-11 (봉명동)
대전 유성 호텔 141,5,출장 시 금연이고 깔끔해서 자주 이용 합니다.,2024.04.24,"26,000",대전광역시 유성구 계룡로141번길 13-11 (봉명동)
대전 유성 호텔 141,5,출장 시 금연이고 깔끔해서 자주 이용 합니다.,2024.04.24,"26,000",대전광역시 유성구 계룡로141번길 13-11 (봉명동)
대전 유성 호텔 141,5,출장 시 금연이고 깔끔해서 자주 이용 합니다.,2024.04.24,"26,000",대전광역시 유성구 계룡로141번길 13-11 (봉명동)
대전 유성 호텔 141,5,신축이라 깔끔하고 티비커서 아주 좋아요,2024.04.20,"26,000",대전광역시 유성구 계룡로141번길 13-11 (봉명동)
대전 유성 호텔 141,5,잘 쉬고 갑니다,2024.04.17,"26,000",대전광역시 유성구 계룡로141번길 13-11 (봉명동)
대전 유성 호텔 141,5,처음 방문하였는데 전체적으로 깔끔하고 깨끗합니다.,2024.04.16,"26,000",대전광역시 유성구 계룡로141번길 13-11 (봉명동)
대전 유성 호텔 141,5,깔끔하고 편해서 자주 이용하려고 합니다~,2024.04.11,"26,000",대전광역시 유성구 계룡로141번길 13-11 (봉명동)
대전 유성 호텔 141,5,비품이 빠져 있는 경우가 있더라구요 매번 잘 이용합니다,2024.04.10,"26,000",대전광역시 유성구 계룡로141번길 13-11 (봉명동)
대전 유성 호텔 141,5,ㄱㄴㄷㅈㅅㅂ,2024.04.09,"26,000",대전광역시 유성구 계룡로141번길 13-11 (봉명동)
대전 유성 호텔 141,5,잘 쉬다가 갑니다.^^,2024.04.01,"26,000",대전광역시 유성구 계룡로141번길 13-11 (봉명동)
대전 유성 호텔 141,5,조용하고 깨끗했습니자,2024.04.01,"26,000",대전광역시 유성구 계룡로141번길 13-11 (봉명동)
대전 유성 호텔 141,5,조용하고 깨끗했습니다,2024.04.01,"26,000",대전광역시 유성구 계룡로141번길 13-11 (봉명동)
대전 유성 호텔 141,5,매번 잘 쉬다 갑니다,2024.04.01,"26,000",대전광역시 유성구 계룡로141번길 13-11 (봉명동)
대전 유성 호텔 141,5,리모델링해서 그런지 깔끔하고 좋아요,2024.03.26,"26,000",대전광역시 유성구 계룡로141번길 13-11 (봉명동)
대전 유성 호텔 141,5,잘 쉬다갑니다.,2024.03.24,"26,000",대전광역시 유성구 계룡로141번길 13-11 (봉명동)
대전 유성 호텔 141,5,유성에 있는 호텔 중에 제일 좋았어요!! 신상이라 확실히 깨끗하네요 :),2024.03.23,"26,000",대전광역시 유성구 계룡로141번길 13-11 (봉명동)
대전 유성 호텔 141,3,ㅎㅎ굿굿굿,2024.03.22,"26,000",대전광역시 유성구 계룡로141번길 13-11 (봉명동)
대전 유성 호텔 141,5,매번 잘 쉬다 갑니다 베개가 낮은게 하나 있으면 더 좋을거 같아요,2024.03.18,"26,000",대전광역시 유성구 계룡로141번길 13-11 (봉명동)
대전 유성 호텔 141,5,완전 숙면했습니다☺️,2024.03.18,"26,000",대전광역시 유성구 계룡로141번길 13-11 (봉명동)
대전 유성 호텔 141,5,깨끗하고 전체적으로 좋았습니다,2024.03.18,"26,000",대전광역시 유성구 계룡로141번길 13-11 (봉명동)
대전 유성 호텔 141,5,아주 좋아요 수압 청결 뭐 불편한거 하나없이 너무 잘지냈습니다.,2024.03.13,"26,000",대전광역시 유성구 계룡로141번길 13-11 (봉명동)
대전 유성 호텔 141,5,깔끔하고 편하게 쉬다 갑니다~,2024.03.12,"26,000",대전광역시 유성구 계룡로141번길 13-11 (봉명동)
대전 유성 호텔 141,5,새로 지은곳 .주변 식당도 괜찮음,2024.03.08,"26,000",대전광역시 유성구 계룡로141번길 13-11 (봉명동)
대전 유성 호텔 141,5,깨끗하고 좋아요.,2024.03.07,"26,000",대전광역시 유성구 계룡로141번길 13-11 (봉명동)
대전 유성 호텔 141,5,잘이요했습니다.,2024.02.28,"26,000",대전광역시 유성구 계룡로141번길 13-11 (봉명동)
대전 유성 호텔 141,5,잘 쉬다갑니다,2024.02.27,"26,000",대전광역시 유성구 계룡로141번길 13-11 (봉명동)
대전 유성 호텔 141,5,너무 깔끔했고 티비 커서 더 좋았습니다,2024.02.27,"26,000",대전광역시 유성구 계룡로141번길 13-11 (봉명동)
대전 유성 호텔 141,5,"TV크고, 룸 컨디션도 좋습니다~!!",2024.02.27,"26,000",대전광역시 유성구 계룡로141번길 13-11 (봉명동)
대전 유성 호텔 141,5,따뜻해서 너무좋았습니다,2024.02.26,"26,000",대전광역시 유성구 계룡로141번길 13-11 (봉명동)
대전 유성 호텔 141,5,프론트 봐주시는분 너무 친절해요!,2024.02.25,"26,000",대전광역시 유성구 계룡로141번길 13-11 (봉명동)
대전 유성 호텔 141,5,편하게 이용했어요,2024.02.25,"26,000",대전광역시 유성구 계룡로141번길 13-11 (봉명동)
대전 유성 호텔 141,5,깨끗하고 편했습니다.,2024.02.22,"26,000",대전광역시 유성구 계룡로141번길 13-11 (봉명동)
대전 유성 호텔 141,5,친절하고시설도좋아요,2024.02.21,"26,000",대전광역시 유성구 계룡로141번길 13-11 (봉명동)
대전 유성 호텔 141,5,킹왕짱이에요,2024.02.20,"26,000",대전광역시 유성구 계룡로141번길 13-11 (봉명동)
대전 유성 호텔 141,4,방도 따뜻하고 깨끗함. 소음이 좀 있음.,2024.02.20,"26,000",대전광역시 유성구 계룡로141번길 13-11 (봉명동)
대전 유성 호텔 141,5,잘쉬고 갑니다,2024.02.19,"26,000",대전광역시 유성구 계룡로141번길 13-11 (봉명동)
대전 유성 호텔 141,5,전체적으로 깔끔했고 직원분들은 친절하셨습니다 나중에 다시 이용하려고합니다~,2024.02.18,"26,000",대전광역시 유성구 계룡로141번길 13-11 (봉명동)
대전 유성 호텔 141,5,좋았습니다,2024.02.15,"26,000",대전광역시 유성구 계룡로141번길 13-11 (봉명동)
대전 유성 호텔 141,5,따뜻해서 너무 좋았어요,2024.02.14,"26,000",대전광역시 유성구 계룡로141번길 13-11 (봉명동)
대전 유성 호텔 141,5,너무 좋아서 두번 숙박합니다,2024.02.13,"26,000",대전광역시 유성구 계룡로141번길 13-11 (봉명동)
대전 유성 호텔 141,5,청결하고 금연방이라 좋네요,2024.02.13,"26,000",대전광역시 유성구 계룡로141번길 13-11 (봉명동)
대전 유성 호텔 141,5,컨디션이 전반적으로 모두 만족스러웠습니다!,2024.02.12,"26,000",대전광역시 유성구 계룡로141번길 13-11 (봉명동)
대전 유성 호텔 141,4,"가성비가 좋고 TV화면이 무척 커서 좋았습니다.
푹 쉬었다가 갑니다",2024.02.11,"26,000",대전광역시 유성구 계룡로141번길 13-11 (봉명동)
대전 유성 호텔 141,5,새롭게 리모델링한 건물로 깨끗합니다. 컴퓨터 2대있었고 pc방처럼 잘 꾸며져있었네요.,2024.02.11,"26,000",대전광역시 유성구 계룡로141번길 13-11 (봉명동)
대전 유성 호텔 141,5,쾌적하고 깔끔한 분위기에 잘 쉬다 왔습니다!,2024.02.08,"26,000",대전광역시 유성구 계룡로141번길 13-11 (봉명동)
대전 유성 호텔 141,5,너무 잘 묵고갑니다~~!,2024.02.05,"26,000",대전광역시 유성구 계룡로141번길 13-11 (봉명동)
대전 유성 호텔 141,5,두범째 방문했는데 너무 조아뇨 또 가고깊어요,2024.02.05,"26,000",대전광역시 유성구 계룡로141번길 13-11 (봉명동)
대전 유성 호텔 141,5,새로 생겨 가봤는데 만족합니다,2024.02.02,"26,000",대전광역시 유성구 계룡로141번길 13-11 (봉명동)
대전 유성 호텔 141,5,키오스크라 편했고 깔끔했어요,2024.02.01,"26,000",대전광역시 유성구 계룡로141번길 13-11 (봉명동)
대전 유성 호텔 141,3,방 넓고 깔끔합니다.,2024.01.28,"26,000",대전광역시 유성구 계룡로141번길 13-11 (봉명동)
대전 유성 호텔 141,4,99.9% 만족,2024.01.27,"26,000",대전광역시 유성구 계룡로141번길 13-11 (봉명동)
대전 유성 호텔 141,4,99.9% 만족,2024.01.27,"26,000",대전광역시 유성구 계룡로141번길 13-11 (봉명동)
대전 유성 호텔 141,5,리모델링한지 얼마안되어 방이 깨끗합니다,2024.01.26,"26,000",대전광역시 유성구 계룡로141번길 13-11 (봉명동)
대전 유성 호텔 141,5,👍👍👍👍👍,2024.01.21,"26,000",대전광역시 유성구 계룡로141번길 13-11 (봉명동)
대전 유성 호텔 141,5,깨끗하고 좋아요,2024.01.16,"26,000",대전광역시 유성구 계룡로141번길 13-11 (봉명동)
대전 유성 호텔 141,5,티비가 남친보다 커요 쵝오 👍,2024.01.15,"26,000",대전광역시 유성구 계룡로141번길 13-11 (봉명동)
대전 유성 호텔 141,5,"잘쉬다 갑니다.
오픈? 리모델링? 한지 얼마안되어서 그런지
깨끗합니다.",2024.01.12,"26,000",대전광역시 유성구 계룡로141번길 13-11 (봉명동)
대전 유성 호텔 141,5,좋음...,2024.01.08,"26,000",대전광역시 유성구 계룡로141번길 13-11 (봉명동)
대전 유성 호텔 141,5,리모델링한지 얼마 안되어서 그런가 매우 깨끗하고 깔끔했습니다! tv 엄청커요,2024.01.02,"26,000",대전광역시 유성구 계룡로141번길 13-11 (봉명동)
대전 유성 호텔 141,5,가성비 좋고 사장님이 친절하세요,2024.01.01,"26,000",대전광역시 유성구 계룡로141번길 13-11 (봉명동)
대전 유성 호텔 141,5,리모델링 잘됬네요,2024.01.01,"26,000",대전광역시 유성구 계룡로141번길 13-11 (봉명동)
대전 유성 호텔 141,5,내/외부 리모델링했네요 주변 숙소에 비해 확실히 깔끔합니다,2023.12.30,"26,000",대전광역시 유성구 계룡로141번길 13-11 (봉명동)
대전 유성 호텔 141,5,위치도 좋고 도보로 구경할수있는곳이 많아서 좋았어요!,2023.12.25,"26,000",대전광역시 유성구 계룡로141번길 13-11 (봉명동)
