hotel,star,review,date,price,address
대전 신탄진 스테이 아야나,5,"중간 거쳐가는 숙소로 잡아서 기대안하고 입실했는데 기대이상으로 너무 좋아서 대전 충남지역 여행때 꼭 추천하고 재방문할 숙소^^ 청결하고 위치도 좋았습니다, 재방문할게용^^",2024. 11. 13,"110,000",대전광역시 대덕구 덕암로148번길 30
대전 신탄진 스테이 아야나,5,"대전월드컵경기장 갔다가 주변에 숙소 알아보다가 요기를 찾았는데 후기 평도 좋아서 가족과 갔는데 거리는 좀 있었지만 깔끔하고 시설도 잘 되어있어서 편하게 묵고 왔어요
조식도 아침10시까지이지만 저희가 늦게 일어나 좀 늦었지만 편안하게 먹을 수 있어요
방은 좀 좁았지만 가격대비 가성비 최고에요 
다음에 기회가 되면 또 묵고 쉽네요
잘 쉬다 갑니다~~^^",2024.10.14,"110,000",대전광역시 대덕구 덕암로148번길 30
대전 신탄진 스테이 아야나,5,4인 가족 머물기에 침대도 객실도 넒고 깨끗해요. 카페테리아를 무료이용할 수 있다는 점이 참 좋았습니다.,2024.10.04,"110,000",대전광역시 대덕구 덕암로148번길 30
대전 신탄진 스테이 아야나,5,숙소도 깨끗하고 괜찮습니다,2024.09.19,"110,000",대전광역시 대덕구 덕암로148번길 30
대전 신탄진 스테이 아야나,5,침구가 좋고 물온도 조절이 잘 돼요,2024.09.07,"110,000",대전광역시 대덕구 덕암로148번길 30
대전 신탄진 스테이 아야나,5,"갑자기 대전으로 여행을 가게 되어 급하게 예약했는디 너무 마음에 드는 숙소였어요 시설도 깔끔하고, 먹거리도 이렇개까지 잘 준비되어 있는 곳은 처음이라 너무 잘 쉬다가 왔습니다.",2024.08.25,"110,000",대전광역시 대덕구 덕암로148번길 30
대전 신탄진 스테이 아야나,5,"시설도 깔끔하고 좋아요.2층엔 공용식당 있어서 조음(시리얼,라면, 음료 종류 많음) 대전역에서 바로 오는 버스 있어서 편하게 이동가능해요! 테라스도 있어서 음료마시면서 수다떨기 좋아요",2024.07.21,"110,000",대전광역시 대덕구 덕암로148번길 30
대전 신탄진 스테이 아야나,5,"숙소도 깨끗하고 사장님이 매우 친절하셨습니다.
조식으로 제공되는 라면도 다양하고 빵과 씨리얼도 있어서 아이들도 잘 먹었습니다. 근처에 맥도날드도 있습니다 ~다음에도 또 이용하겠습니다~",2024.06.24,"110,000",대전광역시 대덕구 덕암로148번길 30
대전 신탄진 스테이 아야나,5,"청결도 했고, 아침도 한강라면 기계 등이 있어서 좋았음.

다만, 방이 좀 작음. 그 것 빼고는 만족하였음.

여직원분도 친절",2024.06.23,"110,000",대전광역시 대덕구 덕암로148번길 30
대전 신탄진 스테이 아야나,4,리모델링해서 좋아졌습니다. 근처 맥도날드가 있습니다. 신탄진ic가 근처에 있습니다.,2024.02.28,"110,000",대전광역시 대덕구 덕암로148번길 30
대전 신탄진 스테이 아야나,4,따뜻하게 잘 쉬었다가 갑니다.,2024.01.27,"110,000",대전광역시 대덕구 덕암로148번길 30
대전 신탄진 스테이 아야나,3,"주차장이 좀 협소 합니다
룸 조명도 조도가 너무 낮아서 조금 불편했어요",2023.11.23,"110,000",대전광역시 대덕구 덕암로148번길 30
대전 신탄진 스테이 아야나,4,깨끗하고 친절해서 좋았습니다,2023.11.13,"110,000",대전광역시 대덕구 덕암로148번길 30
대전 신탄진 스테이 아야나,5,깨끗해요 좋아요,2023.11.11,"110,000",대전광역시 대덕구 덕암로148번길 30
대전 신탄진 스테이 아야나,5,"깔끔하고 친절한 숙소였습니다.
 예약할때는 아이2명과 이용가능한 숙소찾기 어려워 4인까지 가능한 조건만 보고 예약하였지만 만족스러운 숙소였습니다.
시내에서 거리가있지만 자가용 이용객에게는 이동할만한거리입니다.
바로 옆에 1분거리 맥도날드가 있고 공용 얼음.정수기.전자렌지가있고 이용하진 않았지만 세탁기 건조기가 배치되어 있어 유아 동반가족에게 좋습니다.
외관도 요즘부티크호텔느낌이라 가족단위이용객에게 거부감없을듯합니다",2023.10.22,"110,000",대전광역시 대덕구 덕암로148번길 30
대전 신탄진 스테이 아야나,5,사장님께서 친절히 안내해주셔서 감사했습니다.,2023.10.03,"110,000",대전광역시 대덕구 덕암로148번길 30
대전 신탄진 스테이 아야나,5,방이 깨끗하고 서비스가 좋습니다.,2023.10.02,"110,000",대전광역시 대덕구 덕암로148번길 30
