hotel,star,review,date,price,address
더휴식 노크인호텔 대전 by 아늑,5,깔끔하고 친절해서 좋았습니다,2024.11.08,"110,000",대전광역시 동구 한밭대로1316번길 35
더휴식 노크인호텔 대전 by 아늑,4,숙소는 보통! 침구류도 보통! 서비스는 좋네요,2024.10.19,"110,000",대전광역시 동구 한밭대로1316번길 35
더휴식 노크인호텔 대전 by 아늑,5,깨끗하고 좋았습니다,2024.10.14,"110,000",대전광역시 동구 한밭대로1316번길 35
더휴식 노크인호텔 대전 by 아늑,5,확실히 스위트는 스위트 넓고 깨끗해요. 침구류도 아주 편안하구,2024.09.09,"110,000",대전광역시 동구 한밭대로1316번길 35
더휴식 노크인호텔 대전 by 아늑,5,"테라피룸이 뭔가해서 궁금했는데, 좋군요. 방문해 보세요. :)",2024.09.09,"110,000",대전광역시 동구 한밭대로1316번길 35
더휴식 노크인호텔 대전 by 아늑,5,테라피 잘 하다 갑니다!! 편해요.,2024.09.09,"110,000",대전광역시 동구 한밭대로1316번길 35
더휴식 노크인호텔 대전 by 아늑,5,"침구 좋아서, 여기 또 방문했습니다. ㅎㅎㅎ 직원분들도 친절하고 좋아요.",2024.09.09,"110,000",대전광역시 동구 한밭대로1316번길 35
더휴식 노크인호텔 대전 by 아늑,5,"기본에 정말 충실한 야무진 곳 ㅎㅎㅎ 침구류 고이고이 사용하는데, 요즘 잘 나가는 곳은 다 여기꺼 쓰는 듯",2024.09.09,"110,000",대전광역시 동구 한밭대로1316번길 35
더휴식 노크인호텔 대전 by 아늑,5,"재방문 했는데, 재방문할 가치 있는 곳 굿굿",2024.09.09,"110,000",대전광역시 동구 한밭대로1316번길 35
더휴식 노크인호텔 대전 by 아늑,5,잘 쉬다 갑니다!!! 친절한 곳 ㅎㅎ,2024.09.09,"110,000",대전광역시 동구 한밭대로1316번길 35
더휴식 노크인호텔 대전 by 아늑,5,테라피 잘 하다 갑니다. ㅎㅎㅎ 굿 입니다. ㅎㅎㅎ,2024.09.06,"110,000",대전광역시 동구 한밭대로1316번길 35
더휴식 노크인호텔 대전 by 아늑,5,진짜 기본에 충실한 좋은 곳,2024.09.06,"110,000",대전광역시 동구 한밭대로1316번길 35
더휴식 노크인호텔 대전 by 아늑,5,"직원들 친절해서 기분 좋음, 이상한 냄새도 없고",2024.09.06,"110,000",대전광역시 동구 한밭대로1316번길 35
더휴식 노크인호텔 대전 by 아늑,5,"잘 쉬다 감, 게임 좋아하는 커플 끼리 방문 하면 좋을 듯",2024.09.06,"110,000",대전광역시 동구 한밭대로1316번길 35
더휴식 노크인호텔 대전 by 아늑,5,오호~ 미러 미러 넘 좋은데? ㅎㅎㅎ,2024.09.06,"110,000",대전광역시 동구 한밭대로1316번길 35
더휴식 노크인호텔 대전 by 아늑,5,고급 피방입니다. ㅋㅋㅋㅋ 맘 편하게 놀기 좋음 확실히 침구류 좋네 고이고이? 그거 살 듯,2024.09.05,"110,000",대전광역시 동구 한밭대로1316번길 35
더휴식 노크인호텔 대전 by 아늑,5,객실도 생각보다 넓음 ㅋㅋㅋ 사진보다 넓은 듯 함,2024.09.05,"110,000",대전광역시 동구 한밭대로1316번길 35
더휴식 노크인호텔 대전 by 아늑,5,테라피 룸이라고 하는 곳은 첨 방문 했는데 신기 하네요. ㅎㅎㅎ,2024.09.05,"110,000",대전광역시 동구 한밭대로1316번길 35
더휴식 노크인호텔 대전 by 아늑,5,"기본이 정말 잘 된 숙박 시설 임, 꿀잠 잠",2024.09.05,"110,000",대전광역시 동구 한밭대로1316번길 35
더휴식 노크인호텔 대전 by 아늑,5,혼자 갔다 왔는데 잘 쉬다 왔습니다. 다음에 또 올 듯,2024.09.05,"110,000",대전광역시 동구 한밭대로1316번길 35
더휴식 노크인호텔 대전 by 아늑,5,스위트가 아주 달달 했어요. 잘 쉬다 갑니다.,2024.09.04,"110,000",대전광역시 동구 한밭대로1316번길 35
더휴식 노크인호텔 대전 by 아늑,5,잘 쉬다 갑니다. ㅎㅎㅎㅎㅎ,2024.09.04,"110,000",대전광역시 동구 한밭대로1316번길 35
더휴식 노크인호텔 대전 by 아늑,5,ㅎㅎㅎ 여기 호텔은 이름이 마음에 들어요. 똑똑 귀엽,2024.09.04,"110,000",대전광역시 동구 한밭대로1316번길 35
더휴식 노크인호텔 대전 by 아늑,5,여기 pc 좋음 게임하다 막히는 것도 없고 굿 입니다. 근처에 피방없어서 그랬는데 이제 여기 와야징~,2024.09.03,"110,000",대전광역시 동구 한밭대로1316번길 35
더휴식 노크인호텔 대전 by 아늑,5,고이고이 침구 하나 샀습니다. 여기 침구 상당히 좋습니다. 4성급이라고 하던데 굿,2024.09.03,"110,000",대전광역시 동구 한밭대로1316번길 35
더휴식 노크인호텔 대전 by 아늑,5,궁금해서 미러룸 이용했는데 ㅋㅋㅋ 신기하네,2024.09.03,"110,000",대전광역시 동구 한밭대로1316번길 35
더휴식 노크인호텔 대전 by 아늑,5,출장갔다가 갔던 곳인데 침구류 엄청 좋네요. 고이고이? 푹신함 엄청 좋음,2024.09.03,"110,000",대전광역시 동구 한밭대로1316번길 35
더휴식 노크인호텔 대전 by 아늑,3,호텔인데 화장실이 밖에있어서 불편하네요,2024.07.11,"110,000",대전광역시 동구 한밭대로1316번길 35
더휴식 노크인호텔 대전 by 아늑,2,"야놀자 후기 처음 남겨봅니다 -스탠다드룸 이용-301호에서 기겁하고 혹시 같은룸 다른 깨끗한방 없는지 물어보고 501호 갔는데 마찬가지... 숙소 컨디션 생각 너무 별로입니다 벽지, 컴퓨터 앞, 특히 컴퓨터자리 의자의 앉은 자국? 찌든때 너무 비위생적이었어요.. 야놀자 당일 예약 취소 불가라서 10만원 기부했다 생각하고 다른숙소에서 잤어요..",2024.07.07,"110,000",대전광역시 동구 한밭대로1316번길 35
더휴식 노크인호텔 대전 by 아늑,4,"복합 터미널 근처라서 위치가 괜찮고 주변에 편의시설이 많아서 좋았음.
청소상태도 좋았으나 아쉬운 점은 화장실 하수구 냄새가 나서 청소에 더 신경을 더 써주면 좋겠음.",2024.06.09,"110,000",대전광역시 동구 한밭대로1316번길 35
더휴식 노크인호텔 대전 by 아늑,1,"그냥 모텔 이네요
모텔이라고 분류 하심이 옳을듯
혼자 여행중 터미널과 가까워 예약했는데ㅠㅠ
야놀자 관계자분 제발 가보시고 호털이라하시는건가요ㅜㅜ
여러분 방작고 침대만 있고 화장실 실내화신고 방문나가야 있네 현관에서 들어서면 화장실 방이 분리 너무 불편하네요
화장실 넘 더러워 변기 뒤 머리 감다보고 역겨워 토나올뻔 넘 구석구석 곰팡이 ㅠㅠ",2024.06.08,"110,000",대전광역시 동구 한밭대로1316번길 35
더휴식 노크인호텔 대전 by 아늑,5,"혼자 숙박하기엔 딱 좋았음
주변이 모텔들만 있어서 허름하겠거니 했는데 전혀 아니었고 복합터미널에서 걸음 빠르면 5분? 느리면 10분정도 걸림
저는 당일예약이었어서 그런가 8시 입실이었는데 너무 일찍간 나머지 5시에 도착을 해버렸고 성심당이나 다녀오자 했는데 도착시간 7시.. 그래서 그냥 입실 추가 비용 한시간당 만원이라길래 만원 지불하고 미리 입실함.
203호를 배정받았는데 왼쪽에는 화장실 오른쪽에는 슬리퍼 앞에 또 문이 있었는데 그 문을 열고 들어가면 있는 컴퓨터와 침대, TV가 존재
청결상태는 바닥에 머리카락이 좀 끼어있었다는것과 먼지가 좀 많이 쌓여있었다는거 말고는 만족시러웠음

총평: 
-입실시간 이전에 들어가면 한시간당 만원
-청결상태: 먼지 쌓여있고 약간의 머리카락 발견된거 제외하면 만족
-복합터미널과 5분거리
-주차가능
-향기로움 ㅋㅋㅋㅋㅋㅋ",2024.03.25,"110,000",대전광역시 동구 한밭대로1316번길 35
더휴식 노크인호텔 대전 by 아늑,5,연박왜안죄요?,2023.09.14,"110,000",대전광역시 동구 한밭대로1316번길 35
더휴식 노크인호텔 대전 by 아늑,5,잘 이용했습니다,2023.09.09,"110,000",대전광역시 동구 한밭대로1316번길 35
