hotel,star,review,date,price,address
대전 나무호텔,1,"작성되어 있는 후기를 참조하여 선택하였는데 지금껏 이묭한 시설중 최악일 정도로 노후된 시설과 청소상태는 호텔이라는 이름이 부끄러울 정도입니다.
 주말이라고 거의 두배의 가격과 인원추가 요금까지 받은것은 이해를 하지만 졍말 청소와 청결상태는 꼭 다음 이용자에게 알려 드리고 싶습니다.
의자와 탁자를 이용하려고 꺼냈는데 바닥에는 며리카락 투성에다 탁자위는 앞사람이 사몽한 얼룩이 그태로 남아있어 청소를 한 건인지 의문입니다.
 사용후기내용과는 너무라도 다른 상황으로 어떻게 이런 내용들이 올라와 있는지 도무지 이해가 안됩니다.",2024.10.14,"180,000",대전광역시 유성구 온천서로 30-6
대전 나무호텔,1,"주말조식이 별로였음. 달랑 작은 컵라면이었음.
룸 방음도 별로고 욕실도 불쾌한 시선???을 찾을 수는 없었으나 벽에 구멍이 너무 많음.
다시는 재방문 하고 싶지 않음.",2024.08.21,"180,000",대전광역시 유성구 온천서로 30-6
대전 나무호텔,5,"잘쉬었어요
담배냄새안나서좋았어요",2024.08.05,"180,000",대전광역시 유성구 온천서로 30-6
대전 나무호텔,5,편하고 위치좋고 깔끔합니다,2024.07.24,"180,000",대전광역시 유성구 온천서로 30-6
대전 나무호텔,1,"서비스 어처구니 없습니다.
여러 지역을 혼자(남자)출장다니고 있어서 피곤한 몸을 좀 풀고 싶어서 더블침대, 욕조 포함으로 예약했습니다.
키를 받고 방에 가서 옷 정리(옷은 걸이에 거는 등)하고 욕실에 갔는데 욕실이 없었습니다.
그래서 카운터에 전화해서 예약 내역 확인 해보시고, 욕조 있는 방으로 변경 요청했더니 그냥 쓰면 안되냐고 하네요!
싫다고 했더니, 트윈에 욕조 있는 방을 주네요
그래서 예약한 대로 더블침대에 욕조 포함인 방으로 달라고 했더니 기다리라고 하더니 결국은 방을 내주더라고요.

처음부터 다른 방 쓰셔도 되냐고 양해를 구했으며 말도 안하겠는데..
좋은 후기만 남기다가, 출장 내내 피곤해 죽겠는데 기분잡쳐서 처음으로 이런 후기를 쓰네요 
다시는 안갈겁니다.",2024.07.10,"180,000",대전광역시 유성구 온천서로 30-6
대전 나무호텔,4,조아영ㅎㅎ조아영ㅎㅎ,2024.06.29,"180,000",대전광역시 유성구 온천서로 30-6
대전 나무호텔,4,온천수를 사용해서 아침에 느낌이 조금 다른거같네요. 좋아요,2024.06.24,"180,000",대전광역시 유성구 온천서로 30-6
대전 나무호텔,4,깔끔하고 침대도 편하고 좋습니다.,2024.06.21,"180,000",대전광역시 유성구 온천서로 30-6
대전 나무호텔,3,간단하게 하루 보내기 좋았습니다,2024.06.18,"180,000",대전광역시 유성구 온천서로 30-6
대전 나무호텔,1,"아침에 뜨거운 물이 안 나왔고, 숙소에 먼지가 많았습니다.",2024.06.09,"180,000",대전광역시 유성구 온천서로 30-6
대전 나무호텔,3,숙소는 추웠으나 침구류는 깨끗하고 좋왔다,2024.04.26,"180,000",대전광역시 유성구 온천서로 30-6
대전 나무호텔,5,아주잘쉬고갑니다. 트윈짱짱,2024.04.21,"180,000",대전광역시 유성구 온천서로 30-6
대전 나무호텔,5,층간소음과 방음으로 새벽에 자주 깼습니다. 해당 요인만 제외하고 대만족입니다!,2024.03.22,"180,000",대전광역시 유성구 온천서로 30-6
대전 나무호텔,5,엄청 깨끗하고 친절하고 너무 좋았습니다.사장님 감사합니다,2024.02.29,"180,000",대전광역시 유성구 온천서로 30-6
대전 나무호텔,1,"ㅜㅜㅜ 냄새. 청결도 ㅜㅜ
침대,침구 ㅜㅜㅜ",2024.02.19,"180,000",대전광역시 유성구 온천서로 30-6
대전 나무호텔,4,세명이 쉬기에도 괜찮았어요,2024.02.19,"180,000",대전광역시 유성구 온천서로 30-6
대전 나무호텔,4,"주차된 차량을 왜 빼라고 전화를 하는지 이해가 안됨. 장애인구역도 아니고, 주차도 정확히 잘했는데.. 투숙객 전화인지 아닐지도 모르고 무작정 전화해서 ""어디 ㅇㅇ모텔인데차배달라고"" 이거 개인정보로 침해로 걸면 걸리는거??",2024.01.28,"180,000",대전광역시 유성구 온천서로 30-6
대전 나무호텔,3,조식 때문에 예약한 숙소였는데 생각보다 조식(음식맛)은 별로였고 방은 그저 그래요,2024.01.20,"180,000",대전광역시 유성구 온천서로 30-6
대전 나무호텔,5,좋았어요!!!’,2024.01.02,"180,000",대전광역시 유성구 온천서로 30-6
대전 나무호텔,2,"유흥가라서 먹을곳은 많은데 시끄러움ㅜㅜ
글고방음이 안돼서 의자끄는소리 물소리 다들려요 예민한분은 피하시길..",2023.11.15,"180,000",대전광역시 유성구 온천서로 30-6
대전 나무호텔,4,다 좋은데 주차가 아쉬워요,2023.10.23,"180,000",대전광역시 유성구 온천서로 30-6
대전 나무호텔,5,아주 나이스합니다,2023.09.30,"180,000",대전광역시 유성구 온천서로 30-6
대전 나무호텔,1,호텔은 아니고 세월의 흔적이 있는 모텔이네요.가격이 싼 편도 아닌데 베개나 침구에서 담배 냄새 많이 나구요. 방음은 특별히 고려하지 않은 듯 합니다. 그나마 주차공간이 넉넉하네요.재방문할 생각이 별로 들지 않습니다,2023.09.21,"180,000",대전광역시 유성구 온천서로 30-6
대전 나무호텔,2,"가격대비 시설노후되어있고
수건은 다 헤져있었어요..
티비옆에 거울이 하나쯤 있음 더 좋았을거같아요
20만원가까이 주고 묵기엔 조금 아까웠습니다
그래도 욕조가있어서 애기는 목욕하고 즐겁게놀다왔어요!",2023.08.21,"180,000",대전광역시 유성구 온천서로 30-6
대전 나무호텔,5,또갈게요ㅎㅎ,2023.08.18,"180,000",대전광역시 유성구 온천서로 30-6
대전 나무호텔,3,숙박비가 그렇게 저렴하지는 않지만 조식을 제공해 주셔서 실망스럽기지는 않았습니다. 다만 시설이 밀집된 건물사이에 있어서 방안의 통풍이 안되는 것 같은지 실내에서 다소 불쾌한 냄새가 깊이 베어있어서 조금 불편했고 에어컨이 오래됐는지 시원하다는 생각이 들지 않아서 자다가 몇번 일어나서 불편했습니다.,2023.08.09,"180,000",대전광역시 유성구 온천서로 30-6
대전 나무호텔,4,"시끄러운 소음 없고, 
조식이 마음에 들어서 이 근처에 오게되면 
다시 올 거 같아요.
 집에서 먹는 그냥 보통 아침 집밥인데, 깔끔하고 맛있습니다. 가성비 굿입니다",2023.07.15,"180,000",대전광역시 유성구 온천서로 30-6
대전 나무호텔,5,"깔끔하고조용해요
객실정리도 잘되어 있습니다.",2023.06.09,"180,000",대전광역시 유성구 온천서로 30-6
대전 나무호텔,5,너무 좋았어요,2023.06.07,"180,000",대전광역시 유성구 온천서로 30-6
대전 나무호텔,3,숙소를 급하게 예약했는데 갑자기 전화와서 실수로 숙소를 열어뒀다 ....방 취소하겠다는게 말이되나요.... 그래서 안된다고 말씀드렸더니 숙소측에서 침구 제공 + 추가 비품 구비해주신다는 말 믿고 방문했는데 프론트에 사람은 없고 전화도 무응답... (10분정도 기다림) 비품은 3-4번 전화해서 겨우 받을 수 있었네요.... 그대신 숙소위치는 만족했어요... 다음에는 다른 곳 갈 것 같아요,2023.05.29,"180,000",대전광역시 유성구 온천서로 30-6
대전 나무호텔,3,괜찮은 모텔?,2023.04.22,"180,000",대전광역시 유성구 온천서로 30-6
대전 나무호텔,1,"스타일러 방으로 예약했는데 스타일러 안에서 땀냄새 났어요. 그래서 방을 바꿔 주셨는데 다른 방은 환기가 안되서 담배 냄새가 나서 제가 환기 시켰어요.
야놀자 필터에서 호텔로 체크해서 갔는데 그냥 모텔이랑 똑같아요. 물 온도도 뜨거워졌다 차가워 졌다 지 맘대로 가끔씩 바껴요. 
나쁘진 않았지만 좋은 경험은 아니였어요.",2023.03.29,"180,000",대전광역시 유성구 온천서로 30-6
대전 나무호텔,4,친구모임이었는데 잘 쉬다갑니다,2023.03.16,"180,000",대전광역시 유성구 온천서로 30-6
대전 나무호텔,5,가볍게 산책할 수 있는 하천이 바로 옆에 있고 주차장도 넓고 좋습니다,2023.02.27,"180,000",대전광역시 유성구 온천서로 30-6
대전 나무호텔,5,편히쉬다 갑니다,2023.02.16,"180,000",대전광역시 유성구 온천서로 30-6
대전 나무호텔,5,출장왔는데 잘쉬고가요,2023.02.02,"180,000",대전광역시 유성구 온천서로 30-6
대전 나무호텔,5,잘 쉬고 갑니다.,2023.01.16,"180,000",대전광역시 유성구 온천서로 30-6
대전 나무호텔,1,"프론트 남자직원2명 코시국에 실내에서 마스크도 안하고
손님 응대하고 불친절ᆢ 객실안 스탠드 에어컨먼지투성이 ᆢ객실은 너무비좁고 담엔 절대 안가고싶은 호텔이네요 말이호텔이지 모텔입니다",2022.11.20,"180,000",대전광역시 유성구 온천서로 30-6
대전 나무호텔,4,"조식 서비스가 제공되긴했지안, 예전보다 다양한 메뉴와 퀄리티가 조금 부족 ㅠㅠ",2022.11.18,"180,000",대전광역시 유성구 온천서로 30-6
대전 나무호텔,5,좋았어요.,2022.10.31,"180,000",대전광역시 유성구 온천서로 30-6
대전 나무호텔,5,"저는 담배냄새 예민한데 느끼지 못했습니다.
리뷰보고 담배냄새 걱정했는데 잘 이용했습니다.
노래방이 조금 아쉬운데 마이크 상태가 안좋았습니다. 또 하나 더 있었으면 좋겠습니다.",2022.10.24,"180,000",대전광역시 유성구 온천서로 30-6
대전 나무호텔,2,비지니스호텔입니다. 가족이 가는건 좀… 비추에요 -.-;,2022.08.21,"180,000",대전광역시 유성구 온천서로 30-6
대전 나무호텔,5,깔끔하고 좋아요,2022.08.16,"180,000",대전광역시 유성구 온천서로 30-6
대전 나무호텔,1,먼저 객실 입장 시간이 제대로 지켜지지 않았어요. 6시 입실이었지만 9시에 입실이 가능하다고 해서 조금은 어이가 없었네요. 10만원이라는 적지않은 돈을 내고 숙소를 이용하는데 3시간을 못 사용한거면 룸 업그레이드라던가 뭔가 그만큼 신경을 써주셨어야했던게 아닌가 싶어요. 그러면서 퇴실은 얼른하라고 전화는 꼬박꼬박 하시는게 참...ㅎㅎ 숙소에 들어갔는데 아무래도 대실하던 방이었던지 바닥에 치킨조각도 있고 객실 상태도 완전 엉망이고 늦게 입실한거면 방이라도 깨끗해야하는데 방도 더럽고 원래 리뷰 작성을 안하는데 어이가 없어서 씁니다.,2022.08.16,"180,000",대전광역시 유성구 온천서로 30-6
대전 나무호텔,4,담배냄새 많이나고 엘베 먼지 황당하고 조식뷔페 별로지만 노래방으로 모든게 용서ㅋㅋㅋ,2022.08.12,"180,000",대전광역시 유성구 온천서로 30-6
대전 나무호텔,4,객실 컨디션이 조금 아쉽네요,2022.07.22,"180,000",대전광역시 유성구 온천서로 30-6
대전 나무호텔,5,노래방기기너무좋았습니다,2022.07.15,"180,000",대전광역시 유성구 온천서로 30-6
대전 나무호텔,2,체크인할때 직원분은 친절하시네요,2022.07.03,"180,000",대전광역시 유성구 온천서로 30-6
대전 나무호텔,5,친절하고 가성비 좋았어요,2022.06.18,"180,000",대전광역시 유성구 온천서로 30-6
대전 나무호텔,5,아주 좋습니다ㅎ 굿굿,2022.06.12,"180,000",대전광역시 유성구 온천서로 30-6
대전 나무호텔,5,마음에 쏙 드네요,2022.06.12,"180,000",대전광역시 유성구 온천서로 30-6
대전 나무호텔,4,좋아요~~,2022.06.10,"180,000",대전광역시 유성구 온천서로 30-6
대전 나무호텔,5,방 두개가 합쳐져 있어서 노는곳 자는곳 따로 즐길 수 있었습니다~,2022.06.06,"180,000",대전광역시 유성구 온천서로 30-6
대전 나무호텔,1,담배냄새. 별로,2022.06.05,"180,000",대전광역시 유성구 온천서로 30-6
대전 나무호텔,4,좋았습니다. 다음에 또 이용할게요.,2022.05.27,"180,000",대전광역시 유성구 온천서로 30-6
대전 나무호텔,3,"다 좋은데 방에서 담배쩐내가 났어요.. 조금 고통스러웠습니다 ㅠㅠ 예전에 흡연객실이었다가 금연객실로 바뀐걸까요?? 아쉬웠습니다 그 이외에 시설, 편의성, 친절함 모두 만족스러웠습니다~",2022.04.28,"180,000",대전광역시 유성구 온천서로 30-6
대전 나무호텔,3,"거울이 화장실 밖에 없음
의자가 하나뿐임",2022.04.25,"180,000",대전광역시 유성구 온천서로 30-6
대전 나무호텔,1,카운터 알바생 대응력 부족 가격대비 성능 떨어짐,2022.04.12,"180,000",대전광역시 유성구 온천서로 30-6
대전 나무호텔,1,"열번이상 오던곳입니다.
간만에오니 완전아니네요ㅡㅡㅋ
들어오자마자 담배쩐내에, 이불에는 정체모를 와인색얼룩이있고, 가구곳곳엔 먼지가 자욱하네요ㅠㅜ
자다가 남극인줄알고 눈을떠보니 이불속.. 보일러꺼진줄알고 설정을 35도까지 올려도 모형인건지 아침까지 냉골이네요. 
낮에 무슨용도가 또있는지는 모르겠으나 대놓고 체크인아웃시간은 왜이렇게 집요히물으시는지ㅡㅡ
사장님이 바뀌신건지 이런 후기 남기기 정말 미안할정도입니다ㅠㅜ",2022.01.07,"180,000",대전광역시 유성구 온천서로 30-6
대전 나무호텔,5,추운거 빼고는 다만족입니다,2022.01.04,"180,000",대전광역시 유성구 온천서로 30-6
대전 나무호텔,5,아주조아요,2021.12.05,"180,000",대전광역시 유성구 온천서로 30-6
대전 나무호텔,2,"숙박대전으로 예약했는데 웬만한 동네 모텔수준이라 정말 돈이 아깝네요 금연실인데 담배냄새도 나고
유성온천 근처라 욕조방예약하고 배스밤 까지 챙겨간 제가 바보가 된 느낌입니다 진짜 이돈 주고 예약한거 맞냐는 소리를 들었어요 하하
오전부터 몇시에 입실하냐고 연락오고 퇴실전에도 전화오고 최악이었습니다",2021.12.05,"180,000",대전광역시 유성구 온천서로 30-6
대전 나무호텔,5,조용하고 깔끔해요,2021.12.02,"180,000",대전광역시 유성구 온천서로 30-6
대전 나무호텔,1,"방에 들어가자마자 꿉꿉한 냄새도 났고, 방 전체에 먼지가 너무 많아서 비염 있던 일행이 너무 힘들어했어요. 화장실은 깨끗했으나 방 안에 꾸며놓은 장식물 등에 먼지좀 닦으셨으면 좋겠네요. 건들면 먼지 우르르 떨어질거 같았어요. 방 이용 하는 내내 공기청정기 계속 틀고 환기 시키면서 썼네요",2021.12.02,"180,000",대전광역시 유성구 온천서로 30-6
대전 나무호텔,5,컴터잘돌아가요,2021.11.30,"180,000",대전광역시 유성구 온천서로 30-6
대전 나무호텔,5,잘쉬다갑니다,2021.11.29,"180,000",대전광역시 유성구 온천서로 30-6
대전 나무호텔,5,괜찮았어요~,2021.11.29,"180,000",대전광역시 유성구 온천서로 30-6
대전 나무호텔,5,숙박 너무 좋아요~ 강추,2021.11.27,"180,000",대전광역시 유성구 온천서로 30-6
대전 나무호텔,5,"숙박대전 이벤트를 통해 대전에 출장차 방문하게 되어서 숙박예약을 했어요 
보일러 작동해서 따뜻했고 깨끗했으며 스타일러로 아침에 상쾌하게 출근할수 있었네요 
수압이 쫌 아쉬웠지만 재방문의사 있습니다
수고하세요",2021.11.25,"180,000",대전광역시 유성구 온천서로 30-6
대전 나무호텔,4,깨끗하고 친절한 좋은 숙소입니다,2021.11.21,"180,000",대전광역시 유성구 온천서로 30-6
대전 나무호텔,2,"시설 내외는 깔끔하고 깨끗했어요.다만 주차장이 좁아서 외부에 주차를..했고
이불은 얼룩같은게 있어서. . 청결부분은 좀 별로였습니다.
사진에는 창가족 테이블같은게있었는데. . 
보니 그건 방한개만그런거같고
나머지는 없더라구요. 나올때보니. .",2021.11.21,"180,000",대전광역시 유성구 온천서로 30-6
대전 나무호텔,4,괜찮아요^^,2021.11.16,"180,000",대전광역시 유성구 온천서로 30-6
대전 나무호텔,1,그냥모텔같아요,2021.11.15,"180,000",대전광역시 유성구 온천서로 30-6
대전 나무호텔,5,"시설도 깨끗하고 스타일러와 욕조가 있어서 정말 유용하고 좋았습니다😊
방이 따뜻해서 편하게 푹 쉴 수 있었습니다♥️
담배냄새도 아예 나지 않아서 더 좋았구요 ㅎㅎ
잘 쉬었다 갑니다! 재방문 의사 있어요😊",2021.11.14,"180,000",대전광역시 유성구 온천서로 30-6
대전 나무호텔,3,유성에 있어요,2021.10.29,"180,000",대전광역시 유성구 온천서로 30-6
대전 나무호텔,4,재방문 가능합니다~,2021.10.24,"180,000",대전광역시 유성구 온천서로 30-6
대전 나무호텔,5,면접때문에 부산에서 방문했는데 쾌적했고 덕분에 면접잘보고 내려갑니당^^,2021.10.10,"180,000",대전광역시 유성구 온천서로 30-6
대전 나무호텔,1,"프리미엄 스타일러 객실 예약했는데, 일반으로 배정 받았습니다. 주의하시기 바랍니다.",2021.10.06,"180,000",대전광역시 유성구 온천서로 30-6
대전 나무호텔,5,직원분들도 친절하고 숙소 내부상태도 좋아요. 재방문 의사 있습니다,2021.09.06,"180,000",대전광역시 유성구 온천서로 30-6
대전 나무호텔,5,청결상태 좋았구요~ 재방문 의사있습니다 좋아요!! 추천합니다,2021.06.18,"180,000",대전광역시 유성구 온천서로 30-6
대전 나무호텔,3,"담배냄세 많이납니다.
시설은좋습니다.",2021.06.05,"180,000",대전광역시 유성구 온천서로 30-6
대전 나무호텔,4,깔끔하지만 좁아요,2021.06.05,"180,000",대전광역시 유성구 온천서로 30-6
대전 나무호텔,4,방 진짜 깔끔하고 좋아요.,2021.05.28,"180,000",대전광역시 유성구 온천서로 30-6
대전 나무호텔,5,깨끗하고 좋네요,2021.05.26,"180,000",대전광역시 유성구 온천서로 30-6
대전 나무호텔,4,주차공간이 협소해서 늦게입실 해서 차는 주변에 주차했고 그냥 무난무난했어요,2021.05.23,"180,000",대전광역시 유성구 온천서로 30-6
대전 나무호텔,5,너무좋았어요,2021.05.08,"180,000",대전광역시 유성구 온천서로 30-6
대전 나무호텔,5,친절하고 조식서비스 너무 좋아요.,2021.05.05,"180,000",대전광역시 유성구 온천서로 30-6
대전 나무호텔,5,생각보다 방이 작았지만 시트는 깔끔하네요,2021.05.04,"180,000",대전광역시 유성구 온천서로 30-6
대전 나무호텔,5,쟌쉬다 왔어요,2021.04.26,"180,000",대전광역시 유성구 온천서로 30-6
대전 나무호텔,5,좋습니다 굳,2021.04.23,"180,000",대전광역시 유성구 온천서로 30-6
대전 나무호텔,5,"주차장도 적당히 있고, 내부 청결도나 시설은 만족합니다~ 자주 이용하겠습니다~",2021.04.23,"180,000",대전광역시 유성구 온천서로 30-6
대전 나무호텔,5,깔끔하니 좋아요.,2021.04.01,"180,000",대전광역시 유성구 온천서로 30-6
대전 나무호텔,3,깔끔해요ㅎ,2021.03.26,"180,000",대전광역시 유성구 온천서로 30-6
대전 나무호텔,5,처음 가봤는데 굉장히 깨끗하고 깔끔합니다~,2021.03.05,"180,000",대전광역시 유성구 온천서로 30-6
대전 나무호텔,4,좋아요~ 온도도 따뜻했어요,2021.03.02,"180,000",대전광역시 유성구 온천서로 30-6
대전 나무호텔,5,"ㅍㅅ,ㅛ,ㅕㄹ,ㅑㄹ ㅑㅅ챻",2021.02.28,"180,000",대전광역시 유성구 온천서로 30-6
대전 나무호텔,5,깔끔하고 좋았오요!,2021.02.27,"180,000",대전광역시 유성구 온천서로 30-6
대전 나무호텔,3,시설부분은 만족 하지만 고객대응부분은 보안을 해야겠어요,2021.02.25,"180,000",대전광역시 유성구 온천서로 30-6
대전 나무호텔,5,"깨끗하고 따뜻합니다
특별하진 않지만 부족하지도 않은 곳",2021.02.07,"180,000",대전광역시 유성구 온천서로 30-6
대전 나무호텔,5,인테리어도 예쁘고 좋았어요,2021.01.31,"180,000",대전광역시 유성구 온천서로 30-6
대전 나무호텔,4,위치도 좋고 깨끗해요,2021.01.30,"180,000",대전광역시 유성구 온천서로 30-6
대전 나무호텔,5,대전에 볼일 있어서 왔는데 전체적으로 깔끔했습니다 뜨거운물 잘 나왔고 보일러 빵빵해서 따뜻하게 잘 잤습니다 역이랑 조금 거리가 있는데 엄청 먼거리는 아닙니다 걸어서5-7분정도 걸으면 됩니당 역이랑 엄청암청 가깝지느않지만 괜찮았습니다,2021.01.15,"180,000",대전광역시 유성구 온천서로 30-6
대전 나무호텔,5,에어컨 안되는건 좀 아쉬웠습니다만 잘 쉬다갑니다~,2021.01.03,"180,000",대전광역시 유성구 온천서로 30-6
대전 나무호텔,5,아주 좋아요,2020.12.29,"180,000",대전광역시 유성구 온천서로 30-6
대전 나무호텔,4,N박 투숙했는데 친절하시고 청소 잘해주셔서 감사했어요,2020.12.28,"180,000",대전광역시 유성구 온천서로 30-6
대전 나무호텔,3,"화장실은 깔끔햇어요. 화장실문은 잠글수없어요. 숙소내에 침대에 먼지가 너무많앗어요 먼지알러지가 잇는데, 잘때 너무 힘들엇어여 먼지때문에. 냉장고 굉장히작아요. 옆 아파트가 가까워서 커튼열면 인사할수도잇을거같아요 커텐을 다 닫고잇엇어요. 사장님 친절하세요. 혼자 잠만 자러 가기엔 괜찮아요.",2020.12.27,"180,000",대전광역시 유성구 온천서로 30-6
대전 나무호텔,5,-------,2020.12.25,"180,000",대전광역시 유성구 온천서로 30-6
대전 나무호텔,3,그냥평범해요,2020.12.19,"180,000",대전광역시 유성구 온천서로 30-6
대전 나무호텔,3,예약자명만 확인하고 바로 카드키를 주시더라구요.. 시설은 나쁘지않았으나 그냥 모텔같았고 객실에 담배냄새가 너무 심했어요...,2020.12.07,"180,000",대전광역시 유성구 온천서로 30-6
대전 나무호텔,5,깔끔하고 좋습니다,2020.12.05,"180,000",대전광역시 유성구 온천서로 30-6
대전 나무호텔,5,"객실 깔끔하고 직원 친절합니다.
무엇보다 가성비 갑!! 추천합니다",2020.11.29,"180,000",대전광역시 유성구 온천서로 30-6
대전 나무호텔,5,편하게 보냈습니다,2020.11.18,"180,000",대전광역시 유성구 온천서로 30-6
대전 나무호텔,5,편하게 출장다녀왔습니다.,2020.11.18,"180,000",대전광역시 유성구 온천서로 30-6
대전 나무호텔,3,보일러는 7시쯤 부터 들어온것 같내요. 전반적으로 객실은 만족 스러 웠습니다.,2020.11.15,"180,000",대전광역시 유성구 온천서로 30-6
대전 나무호텔,5,잘 쉬다갑니다,2020.11.11,"180,000",대전광역시 유성구 온천서로 30-6
대전 나무호텔,4,깔끔해서 좋았어요.,2020.11.09,"180,000",대전광역시 유성구 온천서로 30-6
대전 나무호텔,5,깨끗하고 친절해요,2020.11.09,"180,000",대전광역시 유성구 온천서로 30-6
대전 나무호텔,3,그저그래요,2020.11.07,"180,000",대전광역시 유성구 온천서로 30-6
대전 나무호텔,4,"대전 여행중에 묶었어요!
위치 아주 좋고, 주차장 널널하니 아주 좋았습니다.
다만 침구에서 머리카락 조금 발견했어요~
이거 빼고 대만족 입니다!",2020.11.04,"180,000",대전광역시 유성구 온천서로 30-6
대전 나무호텔,4,그냥 편하게 잘쉬었어요,2020.11.01,"180,000",대전광역시 유성구 온천서로 30-6
대전 나무호텔,5,교통편하고 넓어서 좋아요,2020.10.31,"180,000",대전광역시 유성구 온천서로 30-6
대전 나무호텔,5,잘 쉬다갑니다,2020.10.29,"180,000",대전광역시 유성구 온천서로 30-6
대전 나무호텔,5,좋았습니다,2020.10.28,"180,000",대전광역시 유성구 온천서로 30-6
대전 나무호텔,5,깨끗하고 좋았어요,2020.10.27,"180,000",대전광역시 유성구 온천서로 30-6
대전 나무호텔,4,화장실 문이 없어서 좀 불편했지만 그래도 친절하고 방 분위기도 좋았어요~,2020.10.26,"180,000",대전광역시 유성구 온천서로 30-6
대전 나무호텔,5,3성호텔급시설,2020.10.21,"180,000",대전광역시 유성구 온천서로 30-6
대전 나무호텔,4,깨끗하고 좋았음,2020.10.21,"180,000",대전광역시 유성구 온천서로 30-6
대전 나무호텔,3,접근성 좋고 깨끗했으나 우리가 사용했던 객실화장실 문이 안닫혀 별하나 빼요,2020.10.21,"180,000",대전광역시 유성구 온천서로 30-6
대전 나무호텔,5,시설도 좋고 푹 쉬다갈수있었습니다,2020.10.19,"180,000",대전광역시 유성구 온천서로 30-6
대전 나무호텔,5,"방도 아늑하고 좋았는데 화장실 문이 좀 불편하더라구요
프론트에서 체크인 할 때 체온을 안재시던데
다른 호텔들과 비교했을땐 방역에 좀 허술하단 느낌이 들었어요",2020.10.17,"180,000",대전광역시 유성구 온천서로 30-6
대전 나무호텔,5,잘 쉬다갑니다,2020.10.15,"180,000",대전광역시 유성구 온천서로 30-6
대전 나무호텔,4,괜찮았어요,2020.10.13,"180,000",대전광역시 유성구 온천서로 30-6
대전 나무호텔,5,아주 좋아요. 모텔과 차이 느낄 수 있어요. 깔금하고 디자인 모덴이에요,2020.10.10,"180,000",대전광역시 유성구 온천서로 30-6
대전 나무호텔,5,시설이 상당히 깨끗하고 세련됏어요 !! 위치도 걸어서 충분이 주변을 왓다갓다 할수 있는 거리구요 ㅋㅋㅋ,2020.10.04,"180,000",대전광역시 유성구 온천서로 30-6
대전 나무호텔,2,댓글 처음작성하는데 여기는 절대오지마세요. 방음이 안돼서 윗층에서 쿵쿵가구끄는소리 개쩔어요.,2020.10.03,"180,000",대전광역시 유성구 온천서로 30-6
대전 나무호텔,4,가성비 좋은 곳입니다,2020.10.03,"180,000",대전광역시 유성구 온천서로 30-6
대전 나무호텔,5,좋았습니당,2020.10.02,"180,000",대전광역시 유성구 온천서로 30-6
대전 나무호텔,5,참 좋았어용,2020.10.01,"180,000",대전광역시 유성구 온천서로 30-6
대전 나무호텔,4,조용해서 출장시 자주 이용해요,2020.09.28,"180,000",대전광역시 유성구 온천서로 30-6
대전 나무호텔,4,괜찮은편임,2020.09.27,"180,000",대전광역시 유성구 온천서로 30-6
대전 나무호텔,2,"방음도 잘 안되고 청소도 잘 안되어 있어서 당황했어요 이불에서 머리카락 나오고 냉장고에 먹다 남은 것도 그대로 있더라고요 그리고 직원분들도 불친절...
앞으로 이런 부분 꼼꼼하게 신경 써주시면 좋겠어요.",2020.09.22,"180,000",대전광역시 유성구 온천서로 30-6
대전 나무호텔,5,굿가시깃굿,2020.09.21,"180,000",대전광역시 유성구 온천서로 30-6
대전 나무호텔,5,화장실에 따로 문이 없어서 불편하긴 했지만 시설&청결상태 대체로 만족합니다!,2020.09.20,"180,000",대전광역시 유성구 온천서로 30-6
대전 나무호텔,5,"출장으로 이용했는데 너무 좋습니다

유성구에서 제일 좋은것 같습니다.",2020.09.20,"180,000",대전광역시 유성구 온천서로 30-6
대전 나무호텔,3,깨끗하고 괜찮아요,2020.09.19,"180,000",대전광역시 유성구 온천서로 30-6
대전 나무호텔,5,깨끗하고 조용해서 좋아요,2020.09.17,"180,000",대전광역시 유성구 온천서로 30-6
대전 나무호텔,5,깨끗해서 좋아요,2020.09.13,"180,000",대전광역시 유성구 온천서로 30-6
대전 나무호텔,5,너무 깨끗하고 시설도 좋았어요 ㅎㅎ 코로나 시즌만 아니었어도 더 좋았을텐데 아쉽습니다 시설하나는 정말 좋습니다,2020.09.06,"180,000",대전광역시 유성구 온천서로 30-6
대전 나무호텔,5,친절~ 청결~ 합니다^^/,2020.09.05,"180,000",대전광역시 유성구 온천서로 30-6
대전 나무호텔,4,깔끔한거 같아요,2020.09.04,"180,000",대전광역시 유성구 온천서로 30-6
대전 나무호텔,4,깨끗해요..,2020.09.01,"180,000",대전광역시 유성구 온천서로 30-6
대전 나무호텔,5,저렴하고 좋음,2020.08.29,"180,000",대전광역시 유성구 온천서로 30-6
대전 나무호텔,4,좋아요오!!!!,2020.08.27,"180,000",대전광역시 유성구 온천서로 30-6
대전 나무호텔,5,"서비스,시설 최곱니다",2020.08.26,"180,000",대전광역시 유성구 온천서로 30-6
대전 나무호텔,5,주변에 식당도 많고 너무 좋앗습니다 2번이나 이용햇습니다,2020.08.25,"180,000",대전광역시 유성구 온천서로 30-6
대전 나무호텔,5,"주변에 유흥업소가 많아서 돌아다니긴 좀 그랬어요
혼자쓰기에 적당하고 좋았습니다",2020.08.23,"180,000",대전광역시 유성구 온천서로 30-6
대전 나무호텔,5,출장 중 잘 머물렀다가 갑니다,2020.08.22,"180,000",대전광역시 유성구 온천서로 30-6
대전 나무호텔,5,좋았습니다,2020.08.21,"180,000",대전광역시 유성구 온천서로 30-6
대전 나무호텔,5,침구류 깨끗하고 무료 제공되는 어메니티도 꾀괜찮은편이에요. 창문도 큰편이어서 답답하지 않아 좋네요. 주변에 모텔이 모여있어서 그런지 새벽까지 소음이 좀 있네요. 그거 말고는 만족도가 높아요. 다음에 출장갈때도 이용하려고요.,2020.08.21,"180,000",대전광역시 유성구 온천서로 30-6
대전 나무호텔,2,"시설 깔끔하고 군더더기 없이 좋습니다
헌데 새벽까지 밖에서 노래부르고 쿵쿵 음악 들리고
난리입니다. 잠을 제대로 못잠

유흥가 중심에 위치해서 어쩔수 없다지만 호불호가 갈릴듯하네요",2020.08.19,"180,000",대전광역시 유성구 온천서로 30-6
대전 나무호텔,5,잘 쉬다 갑니다~~,2020.08.17,"180,000",대전광역시 유성구 온천서로 30-6
대전 나무호텔,5,잘쉬엇다 갑니다,2020.08.17,"180,000",대전광역시 유성구 온천서로 30-6
대전 나무호텔,5,깔끔하고 좋았습니다.,2020.08.15,"180,000",대전광역시 유성구 온천서로 30-6
대전 나무호텔,5,좋아요~~~,2020.08.11,"180,000",대전광역시 유성구 온천서로 30-6
대전 나무호텔,5,원목으로 꾸며진 방의 느낌이 굿!!!,2020.08.03,"180,000",대전광역시 유성구 온천서로 30-6
대전 나무호텔,5,나무 너무 좋았어요 편하고 포근하고,2020.07.29,"180,000",대전광역시 유성구 온천서로 30-6
대전 나무호텔,4,나쁘지않음,2020.07.08,"180,000",대전광역시 유성구 온천서로 30-6
대전 나무호텔,5,직원들과 출장중 숙박했습니다. 시설 아주 깨끗하고 부대시설 편리하네요. 호텔주변 환경이 약간 좀 그렇지만 유성호텔에서도 아주 가까워서 좋습니다.,2020.06.30,"180,000",대전광역시 유성구 온천서로 30-6
대전 나무호텔,5,직원들과 출장중 숙박했습니다. 시설 아주 깨끗하고 부대시설 편리하네요. 호텔주변 환경이 약간 좀 그렇지만 유성호텔에서도 아주 가까워서 좋습니다.,2020.06.30,"180,000",대전광역시 유성구 온천서로 30-6
대전 나무호텔,5,직원들과 출장중 숙박했습니다. 시설 아주 깨끗하고 부대시설 편리하네요. 호텔주변 환경이 약간 좀 그렇지만 유성호텔에서도 아주 가까워서 좋습니다.,2020.06.30,"180,000",대전광역시 유성구 온천서로 30-6
대전 나무호텔,5,호텔급으로 깨끗하고 이용하기 아주 편리합니다. 부대시설들이 잘 되어있습니다.,2020.06.30,"180,000",대전광역시 유성구 온천서로 30-6
대전 나무호텔,3,가격대비 별로,2020.06.27,"180,000",대전광역시 유성구 온천서로 30-6
대전 나무호텔,3,그냥 그랬어요 비싸요,2020.06.27,"180,000",대전광역시 유성구 온천서로 30-6
대전 나무호텔,4,잘 지내다 가요~,2020.06.09,"180,000",대전광역시 유성구 온천서로 30-6
대전 나무호텔,4,깔끔하고 좋았어요,2020.06.05,"180,000",대전광역시 유성구 온천서로 30-6
대전 나무호텔,3,주위가 조금 을씨년 스러워요...,2020.05.28,"180,000",대전광역시 유성구 온천서로 30-6
대전 나무호텔,5,사장님 매우 친절하시고 호텔 매우 청결합니다,2020.05.25,"180,000",대전광역시 유성구 온천서로 30-6
대전 나무호텔,5,깨끗하고 좋아요^^,2020.05.24,"180,000",대전광역시 유성구 온천서로 30-6
대전 나무호텔,2,주차장 협소 그리고 지하주차장 만실임에도 불구하고 알려주시지도 않음,2020.05.21,"180,000",대전광역시 유성구 온천서로 30-6
대전 나무호텔,4,넘나 잘 쉬다갑니다,2020.05.20,"180,000",대전광역시 유성구 온천서로 30-6
대전 나무호텔,1,다 좋은데 뜨거운물이 안나와요,2020.05.18,"180,000",대전광역시 유성구 온천서로 30-6
대전 나무호텔,5,깨끗하고 편했어요,2020.05.15,"180,000",대전광역시 유성구 온천서로 30-6
대전 나무호텔,5,까끗하고 편했어요,2020.05.15,"180,000",대전광역시 유성구 온천서로 30-6
대전 나무호텔,5,깨끗하고 편했어요,2020.05.15,"180,000",대전광역시 유성구 온천서로 30-6
대전 나무호텔,3,일반 모텔보다 고급스럽고 침대도 괜찮아요,2020.05.14,"180,000",대전광역시 유성구 온천서로 30-6
대전 나무호텔,5,너무이쁘고 깔끔해요 b,2020.05.12,"180,000",대전광역시 유성구 온천서로 30-6
대전 나무호텔,4,쏘쏘해요!!,2020.05.11,"180,000",대전광역시 유성구 온천서로 30-6
대전 나무호텔,5,혼잠 옵션으로 방문햇는데 방이 되게 조용하고 아늑하네요. 행사끝나고 푹 쉬겠다는 생각으로 와서 진짜 푹쉬고 가요,2020.05.05,"180,000",대전광역시 유성구 온천서로 30-6
대전 나무호텔,5,아늑하고 친절하고 너무좋아요 다음에 또 이용하고싶네요,2020.05.03,"180,000",대전광역시 유성구 온천서로 30-6
대전 나무호텔,4,"가성비는 좋았는데, 약간의 냄새가...",2020.04.28,"180,000",대전광역시 유성구 온천서로 30-6
대전 나무호텔,5,교통과 먹거리 편해요,2020.04.25,"180,000",대전광역시 유성구 온천서로 30-6
대전 나무호텔,5,생각보다 좋았습니다. 위치가 접근성이 조금 어려운 것 빼고는 좋아요,2020.04.25,"180,000",대전광역시 유성구 온천서로 30-6
대전 나무호텔,5,가성비 짱이네,2020.04.23,"180,000",대전광역시 유성구 온천서로 30-6
대전 나무호텔,5,깨끗해서 좋아요,2020.04.23,"180,000",대전광역시 유성구 온천서로 30-6
대전 나무호텔,5,주변 먹거리 걱정 없어요,2020.04.21,"180,000",대전광역시 유성구 온천서로 30-6
대전 나무호텔,4,깨끗해서 좋네요,2020.04.21,"180,000",대전광역시 유성구 온천서로 30-6
대전 나무호텔,2,가격 대비 그럭저럭. 사진과 달라서 크게 실망함. 천장도 그렇고 인테리어가 되다 만 느낌....? 불편한 창문 때문에 환기가 잘 안 되어서 실내 공기가 너무 답답했고 창문이 아파트와 마주보고 있어서 커튼도 안 치면 안 될 느낌. 사람이 없어서 그런지 조식 메뉴도 별로. 굳이 다시 안 갈 정도.,2020.04.19,"180,000",대전광역시 유성구 온천서로 30-6
대전 나무호텔,4,나쁘지 않습니다 괜찮습니다,2020.04.18,"180,000",대전광역시 유성구 온천서로 30-6
대전 나무호텔,5,깔끔하고 편한 곳이었어요. 프론트도 친절하시고 객실 상태도 좋았어요. 연박했는데 중간에 청소도 깔끔하게 해주셨네요. 주차는 1층과 지하에 주차공간이 생각보다 넓었어요. 다음에도 방문할 생각입니다.,2020.04.10,"180,000",대전광역시 유성구 온천서로 30-6
대전 나무호텔,5,깔끔하고 좋아요,2020.04.08,"180,000",대전광역시 유성구 온천서로 30-6
대전 나무호텔,4,대체적으로 만족,2020.04.05,"180,000",대전광역시 유성구 온천서로 30-6
대전 나무호텔,4,밤에 자는데 너무 더웠어요 위치 청결도 시설 괜찮아여,2020.04.05,"180,000",대전광역시 유성구 온천서로 30-6
대전 나무호텔,5,괜찮았음ㅁㅁ,2020.03.26,"180,000",대전광역시 유성구 온천서로 30-6
대전 나무호텔,5,조용하고 청결합니다,2020.03.26,"180,000",대전광역시 유성구 온천서로 30-6
대전 나무호텔,5,가격 저렴하고 깨끗해요,2020.03.26,"180,000",대전광역시 유성구 온천서로 30-6
대전 나무호텔,5,자차이용해서 1박했습니다. 이번이 3번째 이용인데 올때마다 편안하고 깨끗한 환경에서 푹 쉬었습니다. 딱히흠 잡을건 없습니다 굳이 뮌가를 이야기 한다면 화장실 문정도 ㅎㅎ 혼자올땐 괜찮은데 동행이 있으면...,2020.03.25,"180,000",대전광역시 유성구 온천서로 30-6
대전 나무호텔,4,화장실 문이 없다는 걸 미리 알고 가서 놀랍지도 않았어요. 그치만 깔끔한 호텔이라 갔습니다,2020.03.21,"180,000",대전광역시 유성구 온천서로 30-6
대전 나무호텔,3,"일단 교통편이 혼잡해서 살짝 힘들었어요. 그리고 화장실문이 없고 개방적이라 굉장히 불편했고 당혹스러웠어요.
근데 객실에서 나가는 곳에 생뚱맞게 중간문(?) 같은 미닫이가 있는데 미닫이 문 아래쪽이 고정되어있지않아 문을 열때마다 소리도 나면서 많이 불편했습니다.

좋은점은 객실이 깨끗하고 따뜻했으며 고기맛집을 추천해주셔서 맛있는 저녁을 먹을 수 있어서 좋았습니다.",2020.03.14,"180,000",대전광역시 유성구 온천서로 30-6
대전 나무호텔,4,괜찮습니다,2020.02.25,"180,000",대전광역시 유성구 온천서로 30-6
대전 나무호텔,5,매우 좋았습니다.,2020.02.23,"180,000",대전광역시 유성구 온천서로 30-6
대전 나무호텔,3,"고급진 실내 디자인, 깨끗한 객실과 화장실... 직원서비스는 아래 후기처럼 별로인듯ㅡㅡ 그리고 어메니티가 좀 부실하네여; 그럭저럭 하룻밤 묶기는 괜찮아요.",2020.02.02,"180,000",대전광역시 유성구 온천서로 30-6
대전 나무호텔,5,나무느낌으로 괜찮아요,2020.02.01,"180,000",대전광역시 유성구 온천서로 30-6
대전 나무호텔,3,너무 교통편이 불편하고 냄새도 나고 불도 꺼지는게 없어요,2020.01.28,"180,000",대전광역시 유성구 온천서로 30-6
대전 나무호텔,3,나무 냄새 강하고 너무 좀 그랬어요,2020.01.28,"180,000",대전광역시 유성구 온천서로 30-6
대전 나무호텔,2,지금 입실했는데 객실에서 냄새가 너무 많이 나요 객실교체받았는데 계속 나요 포기했어요,2020.01.11,"180,000",대전광역시 유성구 온천서로 30-6
대전 나무호텔,4,깨끗하고 따뜻하고 좋았음,2020.01.07,"180,000",대전광역시 유성구 온천서로 30-6
대전 나무호텔,5,"깔끔하고 좋긴했는데
화장실문이 안닫히는게 좀...흠이네요ㅠㅠ",2020.01.01,"180,000",대전광역시 유성구 온천서로 30-6
대전 나무호텔,5,만족합니다,2019.12.29,"180,000",대전광역시 유성구 온천서로 30-6
대전 나무호텔,5,유성온천도 가깝고 시설도 깔끔합니다,2019.12.27,"180,000",대전광역시 유성구 온천서로 30-6
대전 나무호텔,5,프론트 서비스는 잘모르겠으나 숙소는 그럭저럭나쁘진않은턴디션,2019.12.26,"180,000",대전광역시 유성구 온천서로 30-6
대전 나무호텔,4,좋았습니다 잘쉬다가요,2019.12.25,"180,000",대전광역시 유성구 온천서로 30-6
대전 나무호텔,5,"숙소를 급하게 잡느라 아가랑 함께 숙박했습니다! 
깨끗하고 청결한",2019.12.19,"180,000",대전광역시 유성구 온천서로 30-6
대전 나무호텔,4,not bad,2019.12.14,"180,000",대전광역시 유성구 온천서로 30-6
대전 나무호텔,3,나름 깔끔하고 좋습니다 잘쉬고 갑니다,2019.11.19,"180,000",대전광역시 유성구 온천서로 30-6
대전 나무호텔,2,숙소는 그럭저럭 괜찮은데 락스냄새 심하고 직원이 정말 진심으로 진상에 최악........... 위치도 별로예요 화장실 문이 아예 없어요,2019.11.14,"180,000",대전광역시 유성구 온천서로 30-6
대전 나무호텔,5,자주이용해요~,2019.11.11,"180,000",대전광역시 유성구 온천서로 30-6
대전 나무호텔,5,깔끔해서 좋았습니다,2019.11.10,"180,000",대전광역시 유성구 온천서로 30-6
대전 나무호텔,5,만족합니다,2019.11.09,"180,000",대전광역시 유성구 온천서로 30-6
대전 나무호텔,5,깨끗하고 조용해서 좋았습니다 ~~^^,2019.11.06,"180,000",대전광역시 유성구 온천서로 30-6
대전 나무호텔,5,좋았습니다,2019.10.28,"180,000",대전광역시 유성구 온천서로 30-6
대전 나무호텔,1,샤워타올이없엇습니다...,2019.10.13,"180,000",대전광역시 유성구 온천서로 30-6
대전 나무호텔,5,깨끗하고 좋아요~골목에 있어서 좀 그렇지만 주차장도 지하랑 1층에 있어서 좋아요~친절하세요~다음에도 대전에 오면 이용할게요^^,2019.10.06,"180,000",대전광역시 유성구 온천서로 30-6
대전 나무호텔,4,조식너무 맛있었습니다! 화장실 문이없어 당황했어요 룸컨디션은 너무좋았고 기본어메니티가 좀 아쉬웠습니다,2019.10.06,"180,000",대전광역시 유성구 온천서로 30-6
대전 나무호텔,3,"시설은 좋으나 위치가 할렘가같은곳에 위치해있어 가는길에 동네 깡패한태 돈뺏기고 두들겨맞는건 아닌지 무섭더라구요. 다행히 차를 타고가서 살았습니다.
위치는 구리나 시설은 예쁘고 수압쌔고 좋습니다.",2019.10.02,"180,000",대전광역시 유성구 온천서로 30-6
대전 나무호텔,4,괜찮아요 굳,2019.09.23,"180,000",대전광역시 유성구 온천서로 30-6
대전 나무호텔,5,잘 쉬다갑니디,2019.09.23,"180,000",대전광역시 유성구 온천서로 30-6
대전 나무호텔,5,깔끔하고 조용해용,2019.09.12,"180,000",대전광역시 유성구 온천서로 30-6
대전 나무호텔,4,좋아요 !!!,2019.09.12,"180,000",대전광역시 유성구 온천서로 30-6
대전 나무호텔,5,좋아요 ㅎㅎ,2019.09.08,"180,000",대전광역시 유성구 온천서로 30-6
대전 나무호텔,5,시설도 좋구 깔끔하고 좋았어요!,2019.09.08,"180,000",대전광역시 유성구 온천서로 30-6
대전 나무호텔,3,"조식포함 디럭스트윈룸 예약했는데
룸 화장실 청소상태가 지저분해서 청소하고
사용했어요. 침대와 이볼은 편해서 좋았는데
조식먹으러 갔더니. 뷔페가 하나도 없어서
여쭤보니 조식예약이 3명이라 직접 가져다
준다고 하시더라구요...블러그보니 조식이
짱이라고 해서 이호텔을 예약한건데..*.*
전날 저녁 아무말없어서 아침에 조식 먹으러
갔다가 당황했어요. 가져다 주신 조식도
별루었어요. 1인 만원인데 2명 2만원이면
밖에서 식사하는게 나을듯 싶네요
조식포함 예약하시려면 미리 프론트에 확인
전화 해보고 예약하시길요!!!",2019.09.03,"180,000",대전광역시 유성구 온천서로 30-6
대전 나무호텔,5,잘쉬었다가 가요~~,2019.09.02,"180,000",대전광역시 유성구 온천서로 30-6
대전 나무호텔,3,ㅎㅎㅎㅎㅎㅎ,2019.08.29,"180,000",대전광역시 유성구 온천서로 30-6
대전 나무호텔,5,숙소도 깔끔하고 침대도 푹신해서 잘자고 잘 쉬다왔습니다 ^^,2019.08.28,"180,000",대전광역시 유성구 온천서로 30-6
대전 나무호텔,5,깨끗하게 관리,2019.08.21,"180,000",대전광역시 유성구 온천서로 30-6
대전 나무호텔,1,비데 시설이 없어 불편함,2019.08.18,"180,000",대전광역시 유성구 온천서로 30-6
대전 나무호텔,5,깔금하고 친절한 호텔,2019.08.16,"180,000",대전광역시 유성구 온천서로 30-6
대전 나무호텔,5,좋습니다!!,2019.08.12,"180,000",대전광역시 유성구 온천서로 30-6
대전 나무호텔,5,깔끔하고 좋네요,2019.08.10,"180,000",대전광역시 유성구 온천서로 30-6
대전 나무호텔,4,잘 묵고 갑니다.,2019.08.10,"180,000",대전광역시 유성구 온천서로 30-6
대전 나무호텔,4,잘 묵고 갑니다!,2019.08.10,"180,000",대전광역시 유성구 온천서로 30-6
대전 나무호텔,4,그럭저럭 괜찮음,2019.08.10,"180,000",대전광역시 유성구 온천서로 30-6
대전 나무호텔,5,여기는 조식이 깡팹니다,2019.08.08,"180,000",대전광역시 유성구 온천서로 30-6
대전 나무호텔,5,자주갑니다.,2019.08.03,"180,000",대전광역시 유성구 온천서로 30-6
대전 나무호텔,5,시설 깨끗하고 좋습니다,2019.08.01,"180,000",대전광역시 유성구 온천서로 30-6
대전 나무호텔,5,잘 머물렀습니다.,2019.08.01,"180,000",대전광역시 유성구 온천서로 30-6
대전 나무호텔,4,세련됐어요,2019.07.31,"180,000",대전광역시 유성구 온천서로 30-6
대전 나무호텔,4,세련됐어요,2019.07.31,"180,000",대전광역시 유성구 온천서로 30-6
대전 나무호텔,4,세련됐어요,2019.07.31,"180,000",대전광역시 유성구 온천서로 30-6
대전 나무호텔,4,세련됐어요,2019.07.31,"180,000",대전광역시 유성구 온천서로 30-6
대전 나무호텔,4,세련됐어요,2019.07.31,"180,000",대전광역시 유성구 온천서로 30-6
대전 나무호텔,4,세련됐어요,2019.07.31,"180,000",대전광역시 유성구 온천서로 30-6
대전 나무호텔,5,이틀을 같은 방에서 지냈는데 방이 너무 이쁘고 깔끔하네요~ 근처에 교통도 너무 편리하고 잘 묵었다 갑니다. 대전에 올 때 다시 올 의향 있어요!!,2019.07.30,"180,000",대전광역시 유성구 온천서로 30-6
대전 나무호텔,4,좋았습니다.,2019.07.29,"180,000",대전광역시 유성구 온천서로 30-6
대전 나무호텔,5,방도예쁘고 좁은거빼놓고는 만족합니다,2019.07.27,"180,000",대전광역시 유성구 온천서로 30-6
대전 나무호텔,4,"급하게 대전에서 숙소를 찾다가 예약했어요
생각보다 번화가인데도 조용하고 깨끗했어요
첫방에 에어컨이 고장?나서 바로다른방으로 
바꿔주시더라고요. 편히 잘 쉬고갑니다~~",2019.07.21,"180,000",대전광역시 유성구 온천서로 30-6
대전 나무호텔,4,괜찬앗어요.좋아요.,2019.07.21,"180,000",대전광역시 유성구 온천서로 30-6
대전 나무호텔,4,깨끗하고 좋았음,2019.07.20,"180,000",대전광역시 유성구 온천서로 30-6
대전 나무호텔,5,깨끗해요~,2019.07.19,"180,000",대전광역시 유성구 온천서로 30-6
대전 나무호텔,5,위치 찾기가 너무 힘드네요ㅠㅠ,2019.07.17,"180,000",대전광역시 유성구 온천서로 30-6
대전 나무호텔,4,깨끗하고 좋아요~~,2019.07.17,"180,000",대전광역시 유성구 온천서로 30-6
대전 나무호텔,5,깔끔하고 좋았습니다,2019.07.08,"180,000",대전광역시 유성구 온천서로 30-6
대전 나무호텔,5,Good😎,2019.06.16,"180,000",대전광역시 유성구 온천서로 30-6
대전 나무호텔,5,깔끔하고 편리했습니다.,2019.06.02,"180,000",대전광역시 유성구 온천서로 30-6
대전 나무호텔,4,깨끗하고 좋아요 재방문의사있습다,2019.05.12,"180,000",대전광역시 유성구 온천서로 30-6
대전 나무호텔,4,인테리어가 이뻤어요,2019.05.12,"180,000",대전광역시 유성구 온천서로 30-6
대전 나무호텔,4,괜찮았어요,2019.04.24,"180,000",대전광역시 유성구 온천서로 30-6
대전 나무호텔,4,유흥가 밀집지역임,2019.04.22,"180,000",대전광역시 유성구 온천서로 30-6
대전 나무호텔,5,깔끔합니다 비싼모텔느낌ㅋㅋ,2019.04.14,"180,000",대전광역시 유성구 온천서로 30-6
대전 나무호텔,4,깨끗하고 주차가 편해요,2019.04.02,"180,000",대전광역시 유성구 온천서로 30-6
대전 나무호텔,5,깔끙하고 너무 괜찮았어요,2019.03.10,"180,000",대전광역시 유성구 온천서로 30-6
대전 나무호텔,3,하루 잘머물기 좋아요,2019.02.28,"180,000",대전광역시 유성구 온천서로 30-6
대전 나무호텔,5,또한번 예약하고싶네요,2019.02.28,"180,000",대전광역시 유성구 온천서로 30-6
대전 나무호텔,3,소박하지만 깨끗하고 좋았습니다,2019.02.22,"180,000",대전광역시 유성구 온천서로 30-6
대전 나무호텔,5,전체적으로 깨끗하고 조식도 괜찮습니다.,2019.02.07,"180,000",대전광역시 유성구 온천서로 30-6
대전 나무호텔,5,괜찮습니다.,2019.02.03,"180,000",대전광역시 유성구 온천서로 30-6
대전 나무호텔,5,깔끔하고 좋네요,2019.01.28,"180,000",대전광역시 유성구 온천서로 30-6
대전 나무호텔,5,괜찮아요 가성비 좋은듯,2019.01.13,"180,000",대전광역시 유성구 온천서로 30-6
대전 나무호텔,4,다른호텔이나 모텔에비해 가격만큼 못하는거같음,2019.01.07,"180,000",대전광역시 유성구 온천서로 30-6
대전 나무호텔,4,좋아요오옹,2019.01.05,"180,000",대전광역시 유성구 온천서로 30-6
대전 나무호텔,5,"객실은 엄청 깨끗하고 청결.
욕실은 뜨거운물이 틀자마자 콸콸나와서 만족.
가격은 저렴.
대만족~",2018.12.29,"180,000",대전광역시 유성구 온천서로 30-6
대전 나무호텔,5,"깔끔하고
시설이좋다",2018.12.25,"180,000",대전광역시 유성구 온천서로 30-6
대전 나무호텔,5,객실안이 더워요 룸은 만족 ㅎㅎ,2018.11.28,"180,000",대전광역시 유성구 온천서로 30-6
대전 나무호텔,5,컴퓨터가 없어요....,2018.10.31,"180,000",대전광역시 유성구 온천서로 30-6
대전 나무호텔,4,방이 좀 좁아요. 가성비 대비 굿.,2018.10.27,"180,000",대전광역시 유성구 온천서로 30-6
대전 나무호텔,4,잘 묵었습니다,2018.09.13,"180,000",대전광역시 유성구 온천서로 30-6
대전 나무호텔,3,고급모텔 정도이네요..,2018.08.27,"180,000",대전광역시 유성구 온천서로 30-6
대전 나무호텔,5,"가족 여행 겸해서 왔는데 생각보다 괜찮네요~
다른것 다 좋았는데 무료로 들어있는 물이 하나가 따져있어서 그거하나 교환했네요 ㅎㅎ 그것말고는 다 좋은것같아요 ㅎㅎㅎ",2018.08.25,"180,000",대전광역시 유성구 온천서로 30-6
대전 나무호텔,5,"최고로 좋은건 청결 입니다. 사용한 시트는 바로바로 새걸로 교체하는거 같아서 너무너무 좋았습니다. 주차공간, 조식 등 다 너무 좋습니다. 호텔에서 제공되는 일회용 칫솔 치약은 따로 구매해야 합니다.",2018.08.23,"180,000",대전광역시 유성구 온천서로 30-6
대전 나무호텔,5,잘 이용했습니다,2018.08.23,"180,000",대전광역시 유성구 온천서로 30-6
대전 나무호텔,2,"환기 시설이 안좋고, 비품도 유료 구매 해야합니다. 가격대비 가성비 안좋습니다.",2018.08.20,"180,000",대전광역시 유성구 온천서로 30-6
대전 나무호텔,2,비품과 추가 수건 구매해야 합니다.,2018.08.19,"180,000",대전광역시 유성구 온천서로 30-6
대전 나무호텔,5,전반적으로 별로입니다,2018.08.11,"180,000",대전광역시 유성구 온천서로 30-6
대전 나무호텔,4,좋아요오오,2018.08.08,"180,000",대전광역시 유성구 온천서로 30-6
대전 나무호텔,4,"시설도 좋고, 접근성도 적당해요",2018.08.08,"180,000",대전광역시 유성구 온천서로 30-6
대전 나무호텔,5,깔끔하고 좋았어요,2018.08.08,"180,000",대전광역시 유성구 온천서로 30-6
대전 나무호텔,1,처음이자 마지막이 되었습니다. 오늘은 다른곳으로예약완료,2018.08.06,"180,000",대전광역시 유성구 온천서로 30-6
대전 나무호텔,4,직원분들이 친절합니다 호텔이라기보다 고급모텔입니다 깔끔한편이고요 조식은 안먹어봤네요 ㅠㅠ,2018.08.01,"180,000",대전광역시 유성구 온천서로 30-6
대전 나무호텔,5,"아주 만족합니다~ 
다시이용하고싶어요!",2018.07.31,"180,000",대전광역시 유성구 온천서로 30-6
대전 나무호텔,4,다 좋은데 비품이 비싸요,2018.07.06,"180,000",대전광역시 유성구 온천서로 30-6
대전 나무호텔,4,주차장이 좁아요. 다른거는 다 좋음,2018.06.22,"180,000",대전광역시 유성구 온천서로 30-6
대전 나무호텔,5,"방도 이쁘고 침대도 푹신해서 잠도 잘왔어요
근데 수압이 좀 약했던것같아 아쉬웠어요",2018.06.16,"180,000",대전광역시 유성구 온천서로 30-6
대전 나무호텔,5,유성 비지니스호텔,2018.06.15,"180,000",대전광역시 유성구 온천서로 30-6
대전 나무호텔,5,편안하게 잘 묵었습니다,2018.06.12,"180,000",대전광역시 유성구 온천서로 30-6
대전 나무호텔,5,오졋다리오졋다용,2018.06.09,"180,000",대전광역시 유성구 온천서로 30-6
대전 나무호텔,5,깔끔하고 정말좋아요 ^^!,2018.05.29,"180,000",대전광역시 유성구 온천서로 30-6
대전 나무호텔,5,너무 좋았어용,2018.05.17,"180,000",대전광역시 유성구 온천서로 30-6
대전 나무호텔,5,매우 만족합니다,2018.05.16,"180,000",대전광역시 유성구 온천서로 30-6
대전 나무호텔,5,정갈하고 좋아요~,2018.05.11,"180,000",대전광역시 유성구 온천서로 30-6
대전 나무호텔,5,잘쉬었습니다,2018.05.02,"180,000",대전광역시 유성구 온천서로 30-6
대전 나무호텔,1,"별로에요
화장실문도없고
비품없는것도많네요
모텔이더낫겠네요",2018.04.23,"180,000",대전광역시 유성구 온천서로 30-6
대전 나무호텔,5,숙소도 편안하고 무엇보다 조식이 제일 좋았어요ㅎ,2018.04.19,"180,000",대전광역시 유성구 온천서로 30-6
대전 나무호텔,5,첫번째로 깔끔하고 침대가너무편해요 잠이 솔솔오는 좋은 숙소였어요,2018.03.25,"180,000",대전광역시 유성구 온천서로 30-6
대전 나무호텔,5,침대폭신좋아요 근데칫솔사야해요..,2018.03.24,"180,000",대전광역시 유성구 온천서로 30-6
대전 나무호텔,5,따뜻하고 맘에들었어요,2018.03.15,"180,000",대전광역시 유성구 온천서로 30-6
대전 나무호텔,4,깔끔하고 괜춘합니다,2018.03.15,"180,000",대전광역시 유성구 온천서로 30-6
대전 나무호텔,5,"위치가 아쉽고 조식신청자가 우리가족뿐이라 간단하게 나와서 아쉬웠다.
차라리 신청하지말걸ㅜㅜ돈아까움
인테리어는 예쁨",2018.03.05,"180,000",대전광역시 유성구 온천서로 30-6
대전 나무호텔,5,조식도 깔끔하게 잘 나오네요,2018.02.28,"180,000",대전광역시 유성구 온천서로 30-6
대전 나무호텔,5,너무 편하게 잘 잤어요,2018.02.28,"180,000",대전광역시 유성구 온천서로 30-6
대전 나무호텔,5,좋았다고 합니다,2018.02.25,"180,000",대전광역시 유성구 온천서로 30-6
대전 나무호텔,2,상당히 깔끔하고 좋았어요!,2018.02.24,"180,000",대전광역시 유성구 온천서로 30-6
대전 나무호텔,4,깔끔하고 좋아요 근데 모든 용품을 사여해서 불편하네요,2018.01.17,"180,000",대전광역시 유성구 온천서로 30-6
대전 나무호텔,5,방도 따듯하고 예쁘고 깔끔한 곳이었습니다 나중에라도 꼭 다시 방문하고 싶을정도로 잘 묵고 갑니다,2018.01.07,"180,000",대전광역시 유성구 온천서로 30-6
대전 나무호텔,5,방 자체도 따뜻하구 좋았어요 침구류도 구새,2018.01.07,"180,000",대전광역시 유성구 온천서로 30-6
대전 나무호텔,5,친구가 썼는데 좋았대요~,2017.12.28,"180,000",대전광역시 유성구 온천서로 30-6
대전 나무호텔,4,친절하고 깨끗했습니다,2017.12.26,"180,000",대전광역시 유성구 온천서로 30-6
대전 나무호텔,5,더울정도로 따듯하고 깔끔합니다 담배냄새도 안나요,2017.12.18,"180,000",대전광역시 유성구 온천서로 30-6
대전 나무호텔,4,좋았습니다,2017.12.13,"180,000",대전광역시 유성구 온천서로 30-6
대전 나무호텔,5,잘 쉬고 돌아갑니다~,2017.10.19,"180,000",대전광역시 유성구 온천서로 30-6
