hotel,star,review,date,price,address
더휴식 아늑호텔 대전 유성 2호점,4,아늑하고 이용하기 좋아요,2024.11.02,"230,000",대전광역시 유성구 계룡로123번길 36
더휴식 아늑호텔 대전 유성 2호점,5,만족스러웠습니다!!,2024.10.14,"230,000",대전광역시 유성구 계룡로123번길 36
더휴식 아늑호텔 대전 유성 2호점,5,침대가 편안해요. 숙면취할 수 있었습니다 재방문 생각있어요,2024.10.12,"230,000",대전광역시 유성구 계룡로123번길 36
더휴식 아늑호텔 대전 유성 2호점,5,"침대에 눕자마자 ㅇ0ㅇ 이 표정 나옴
푹~~~신!!! 중간에 한번도 안깨고 딥슬립 했어요
침대도 좋고 베개도 너무 높지않아서 좋았어요!
안마의자도 굿굿굿
복도 통해서 들어오는 소리들 방음이 안되는 것 같았지만 괜찮았어요~",2024.10.04,"230,000",대전광역시 유성구 계룡로123번길 36
더휴식 아늑호텔 대전 유성 2호점,5,"숙소가 깨끗합니다
직원분들도 친절합니다",2024.09.27,"230,000",대전광역시 유성구 계룡로123번길 36
더휴식 아늑호텔 대전 유성 2호점,5,깔끔하고 좋았어요 다음에 또 갈게요,2024.09.12,"230,000",대전광역시 유성구 계룡로123번길 36
더휴식 아늑호텔 대전 유성 2호점,5,모든게 깔끔해서 좋았던거같아요!,2024.09.10,"230,000",대전광역시 유성구 계룡로123번길 36
더휴식 아늑호텔 대전 유성 2호점,4,깔끔합니다~~~~~,2024.09.07,"230,000",대전광역시 유성구 계룡로123번길 36
더휴식 아늑호텔 대전 유성 2호점,5,나무 깨끗하고좋숩니다,2024.08.26,"230,000",대전광역시 유성구 계룡로123번길 36
더휴식 아늑호텔 대전 유성 2호점,5,깨끗히고 좋았습니다,2024.07.27,"230,000",대전광역시 유성구 계룡로123번길 36
더휴식 아늑호텔 대전 유성 2호점,5,방 깔끔하고 분위기고 좋은 숙소,2024.06.30,"230,000",대전광역시 유성구 계룡로123번길 36
더휴식 아늑호텔 대전 유성 2호점,5,숙소가 깔끔하고 좋았어요,2024.06.17,"230,000",대전광역시 유성구 계룡로123번길 36
더휴식 아늑호텔 대전 유성 2호점,5,깨끗하고 담배냄새 안나고 친절하십니다,2024.06.10,"230,000",대전광역시 유성구 계룡로123번길 36
더휴식 아늑호텔 대전 유성 2호점,5,아이 2명과 성인 2명이 머물렀고 침구도 부드럽고 깨끗했고 실내 청소나 서비스도 모두 만족했어요. 대전오면 고민없이 숙소는 여기로 예약할 것 같아요. 감사합니다🩷,2024.06.09,"230,000",대전광역시 유성구 계룡로123번길 36
더휴식 아늑호텔 대전 유성 2호점,5,"잘 이용했어요

주변 용이해요",2024.05.29,"230,000",대전광역시 유성구 계룡로123번길 36
더휴식 아늑호텔 대전 유성 2호점,4,"잘 이용했어요

주변 용이해요",2024.05.29,"230,000",대전광역시 유성구 계룡로123번길 36
더휴식 아늑호텔 대전 유성 2호점,5,"깨끗하고 침구가 푹신해서 좋아요
자주가는 곳!",2024.05.13,"230,000",대전광역시 유성구 계룡로123번길 36
더휴식 아늑호텔 대전 유성 2호점,5,"깔끔하고 침대가 제일 마음에 드는 아늑!!
룸컨디션이 너무 마음에 들어요 ㅎㅎ",2024.05.13,"230,000",대전광역시 유성구 계룡로123번길 36
더휴식 아늑호텔 대전 유성 2호점,5,역이랑 가까워서 걸어가기 충분합니다. 침대도 푹신푹하고 항상 깔끔해서 근처에서 숙박할 일 있을때 마다 찾게되네요. 퇴실시간도 충분하게 길어서 여유있게 준비하기도 좋아요.~~~~~~,2024.05.13,"230,000",대전광역시 유성구 계룡로123번길 36
더휴식 아늑호텔 대전 유성 2호점,5,"침대가 엄청 푹신하고 내 집같은 분위기였어요!
시설 상태도 청결해서 좋았구요",2024.05.13,"230,000",대전광역시 유성구 계룡로123번길 36
더휴식 아늑호텔 대전 유성 2호점,5,아늑은 믿고 예약합니다 항상 좋아욤,2024.05.13,"230,000",대전광역시 유성구 계룡로123번길 36
더휴식 아늑호텔 대전 유성 2호점,5,깨끗하고 분위기 좋았어요! 1호점 2호점 나눠져있고 침구가 보들보들하니 산뜻하고 구름같았어요 ^^,2024.05.13,"230,000",대전광역시 유성구 계룡로123번길 36
더휴식 아늑호텔 대전 유성 2호점,5,진짜 깔끔하고 리모델링이 잘되어 있어여~ 요즘 감성에 맞는 곳이라 정말 좋고 특히!! 침구류 진짜 좋아요👍🏻,2024.05.13,"230,000",대전광역시 유성구 계룡로123번길 36
더휴식 아늑호텔 대전 유성 2호점,5,"시설이 깨끗해서 좋네요
잘 쉬었다 갑니다!",2024.05.13,"230,000",대전광역시 유성구 계룡로123번길 36
더휴식 아늑호텔 대전 유성 2호점,5,방 업그레이드 시켜주셔서 더 아늑하게 쉬다왔습니다.,2024.05.13,"230,000",대전광역시 유성구 계룡로123번길 36
더휴식 아늑호텔 대전 유성 2호점,5,"항상 친절하시구 깨끗하구 맘에 들오요
자주 가게 됩니다 ㅋㅋ 근방에서 제일인듯",2024.05.13,"230,000",대전광역시 유성구 계룡로123번길 36
더휴식 아늑호텔 대전 유성 2호점,5,대전으로 출장 갈 일이 있을 때 마다 항상 가는 숙소 입니다.,2024.05.13,"230,000",대전광역시 유성구 계룡로123번길 36
더휴식 아늑호텔 대전 유성 2호점,5,유성온천역에 있는곳 중에 여기가 제일 청결하고 좋은거 같아요 입구부터 좋은 향이 나고 담배냄새도 거의 하나도 안나는거 같아요 침구가 너무 푹신하고 좋아서 꿀잠잤어요! 감사합니다🙂,2024.05.13,"230,000",대전광역시 유성구 계룡로123번길 36
더휴식 아늑호텔 대전 유성 2호점,5,심플한방에서 잘 쉬고 왔어요👍🏻👍🏻👍🏻,2024.05.13,"230,000",대전광역시 유성구 계룡로123번길 36
더휴식 아늑호텔 대전 유성 2호점,5,너무 좋은시설입니다. 좋은 추억이되었습니다.,2024.05.13,"230,000",대전광역시 유성구 계룡로123번길 36
더휴식 아늑호텔 대전 유성 2호점,5,이제 여기만 오겠습니다 ㅎㅎ,2024.05.13,"230,000",대전광역시 유성구 계룡로123번길 36
더휴식 아늑호텔 대전 유성 2호점,5,편히쉬다가 갑니다 침구류도 푹신하니 좋아요,2024.05.13,"230,000",대전광역시 유성구 계룡로123번길 36
더휴식 아늑호텔 대전 유성 2호점,5,항상 대전에서 자주 아용하는데 불편한점도 한번 없었고 편하게 쉬다 갑니다!,2024.05.13,"230,000",대전광역시 유성구 계룡로123번길 36
더휴식 아늑호텔 대전 유성 2호점,5,재방문 했는데 깔끔하고 좋았어요,2024.05.13,"230,000",대전광역시 유성구 계룡로123번길 36
더휴식 아늑호텔 대전 유성 2호점,5,너무깨끗하고좋아요요,2024.05.13,"230,000",대전광역시 유성구 계룡로123번길 36
더휴식 아늑호텔 대전 유성 2호점,5,편하고 아늑합니다. 깨끗해요,2024.05.13,"230,000",대전광역시 유성구 계룡로123번길 36
더휴식 아늑호텔 대전 유성 2호점,5,다음에 또 오겠습니다,2024.05.10,"230,000",대전광역시 유성구 계룡로123번길 36
더휴식 아늑호텔 대전 유성 2호점,5,깔끔하고 쾌적해서 잘쉬다갑니다,2024.05.05,"230,000",대전광역시 유성구 계룡로123번길 36
더휴식 아늑호텔 대전 유성 2호점,4,시설좋아요 또 오겠습니다,2024.05.01,"230,000",대전광역시 유성구 계룡로123번길 36
더휴식 아늑호텔 대전 유성 2호점,4,좋아요~~~~~~~~~,2024.04.29,"230,000",대전광역시 유성구 계룡로123번길 36
더휴식 아늑호텔 대전 유성 2호점,5,급하게 잡은 숙소인데 잘보내다 갑니다.,2024.04.22,"230,000",대전광역시 유성구 계룡로123번길 36
더휴식 아늑호텔 대전 유성 2호점,5,깔끔하고 좋아요!,2024.04.17,"230,000",대전광역시 유성구 계룡로123번길 36
더휴식 아늑호텔 대전 유성 2호점,5,하수구물이안내려가요 잘..가운도.,2024.04.05,"230,000",대전광역시 유성구 계룡로123번길 36
더휴식 아늑호텔 대전 유성 2호점,4,",,,,,,",2024.04.04,"230,000",대전광역시 유성구 계룡로123번길 36
더휴식 아늑호텔 대전 유성 2호점,5,너무 친절하시고 좋은 향기 가득해서 좋았어요 편하게 쉬다 갑니다 ㅎㅎ,2024.03.30,"230,000",대전광역시 유성구 계룡로123번길 36
더휴식 아늑호텔 대전 유성 2호점,4,시설이 깨끗하고 주위에 놀거리 먹거리가 많습니다,2024.03.27,"230,000",대전광역시 유성구 계룡로123번길 36
더휴식 아늑호텔 대전 유성 2호점,5,아주좋아요,2024.03.25,"230,000",대전광역시 유성구 계룡로123번길 36
더휴식 아늑호텔 대전 유성 2호점,5,깔끔하고 좋았습니다. 우풍이 살짝 있었지만 장판때문에 따뜻했어요.,2024.03.25,"230,000",대전광역시 유성구 계룡로123번길 36
더휴식 아늑호텔 대전 유성 2호점,5,아늑호텔 역시 아늑했습니다!,2024.03.13,"230,000",대전광역시 유성구 계룡로123번길 36
더휴식 아늑호텔 대전 유성 2호점,4,방 깨끗하고 좋았습니다,2024.03.07,"230,000",대전광역시 유성구 계룡로123번길 36
더휴식 아늑호텔 대전 유성 2호점,3,생각보다 그냥그냥...,2024.02.17,"230,000",대전광역시 유성구 계룡로123번길 36
더휴식 아늑호텔 대전 유성 2호점,4,바닥에 보일러 안들어오는것만 제외하면 다 좋았어요^^ 침구도 편하고 공간도 넓고 만족합니다. 다음에 유성오면 또 이용하고 싶네요,2024.02.15,"230,000",대전광역시 유성구 계룡로123번길 36
더휴식 아늑호텔 대전 유성 2호점,5,괜찮았어요,2024.02.10,"230,000",대전광역시 유성구 계룡로123번길 36
더휴식 아늑호텔 대전 유성 2호점,4,푹 쉬다 갑니다,2024.01.18,"230,000",대전광역시 유성구 계룡로123번길 36
더휴식 아늑호텔 대전 유성 2호점,4,"좋아요 
근데 지하주차장은 별로였어요",2024.01.17,"230,000",대전광역시 유성구 계룡로123번길 36
더휴식 아늑호텔 대전 유성 2호점,5,조금 추워요. 다른건 다좋아요,2024.01.12,"230,000",대전광역시 유성구 계룡로123번길 36
더휴식 아늑호텔 대전 유성 2호점,3,"업무상 출장으로 방문했습니다. 
만족했던 점
1. 위치
- 유성온천역 번화가에 위치하고 있음
2. 청결도
- 책상위에 먼지 없었고, 이불, 욕조가 깨끗했음. 
3. 직원 친절도 
- 예약자를 잘 못찾아서 체크인할 때 좀 헤맸었는데 친절하게 응대해서 기다리는게 짜증나지 않았음. 

아쉬운점
1. 샤워가운
- 객실내 샤워가운이 없어 필요 시 1층 프론트에서 따로 수령해야함.
2. 난방 
- 보일러식이 아니라 시스템 에어컨에 난방모드를 사용하여 난방을 돌려 방이 따듯하지 않고, 매우 건조함. (방에 가습기가 있어 난방과 가습기를 모두 켜야함) 
3. 주차
- 1,2호점이 붙어있어서 주차 공간이 적지는 않았으나 7시쯤 체크인을 했더니 이미 만차였음. 
4. 건식 세면대 & 화장실 내 거울 없음. 
5. 별도의 화장대가 없음.",2024.01.11,"230,000",대전광역시 유성구 계룡로123번길 36
더휴식 아늑호텔 대전 유성 2호점,5,조용하고 깨끗했어요,2023.12.15,"230,000",대전광역시 유성구 계룡로123번길 36
더휴식 아늑호텔 대전 유성 2호점,5,재방문입니다.. 편안색감이라 이름처럼 아늑하게 쉴 수 있렀러요,2023.12.09,"230,000",대전광역시 유성구 계룡로123번길 36
더휴식 아늑호텔 대전 유성 2호점,5,대전 유성 오면 다시 여기에 머물고 싶을 정도 입니다,2023.12.04,"230,000",대전광역시 유성구 계룡로123번길 36
더휴식 아늑호텔 대전 유성 2호점,5,깔끔하니 좋았습니다,2023.11.27,"230,000",대전광역시 유성구 계룡로123번길 36
더휴식 아늑호텔 대전 유성 2호점,4,감사합니다,2023.11.22,"230,000",대전광역시 유성구 계룡로123번길 36
더휴식 아늑호텔 대전 유성 2호점,4,편안한 숙소구요. 친절한직원 덕분에 즐거운 여행의 시작였어요,2023.11.05,"230,000",대전광역시 유성구 계룡로123번길 36
더휴식 아늑호텔 대전 유성 2호점,5,주차 공간이 적어 노상에 주차할 수 있게 해주는데 그거는 조금 불편했어요 그래도 방은 기대했던거보다 좋았고 무비룸 사운드 분위기 등등 모두 갓벽,2023.10.31,"230,000",대전광역시 유성구 계룡로123번길 36
더휴식 아늑호텔 대전 유성 2호점,3,"처음 체크인하고 들어갔을 때, 테이블 위에 정체모를 이물질이 떨어져있었어요. 테이블 위 세팅되어 있는 다기들도 먼지 및 기타 물질들이 묻어있었습니다. 그외 룸 컨디션은 굉장히 만족스러웠어요. 빔프로젝터와 침구류도 마음에 들었습니다.",2023.10.28,"230,000",대전광역시 유성구 계룡로123번길 36
더휴식 아늑호텔 대전 유성 2호점,5,주차가 많이 힘듭니다,2023.10.23,"230,000",대전광역시 유성구 계룡로123번길 36
더휴식 아늑호텔 대전 유성 2호점,5,"프론트 직원분도 너무 친절하시고 객실도 깔끔하고 너무 좋았습니다~
유성에 다시 간다면 재방문 의사 100% 짱짱이에용 ㅎㅎ",2023.10.16,"230,000",대전광역시 유성구 계룡로123번길 36
더휴식 아늑호텔 대전 유성 2호점,4,만족스럽습니다,2023.10.12,"230,000",대전광역시 유성구 계룡로123번길 36
더휴식 아늑호텔 대전 유성 2호점,5,굿 여기 깔꿈하고 좋은 곳이에요!,2023.10.09,"230,000",대전광역시 유성구 계룡로123번길 36
더휴식 아늑호텔 대전 유성 2호점,5,직원분들도 너무 친절하시구 깔끔해서 푹 쉬구가기 너무 좋았어요 감사합니다!!,2023.10.01,"230,000",대전광역시 유성구 계룡로123번길 36
더휴식 아늑호텔 대전 유성 2호점,5,좋습니당.,2023.09.27,"230,000",대전광역시 유성구 계룡로123번길 36
더휴식 아늑호텔 대전 유성 2호점,5,생각보다 작았지만 깨끗하고 좋아요,2023.09.09,"230,000",대전광역시 유성구 계룡로123번길 36
