hotel,star,review,date,price,address
대전 둔산 호텔 위슬리 앤 버번,5,"최근 숙박했던 숙소중에서 가장 만족스러운 곳입니다.

우선 로비에 들어설때부터 최근 신축한 것 같이 시설이 고급지고 깨끗합니다. 셀프라운지도 부족함없이 잘 구비되어있어서 간단하게 조식해결할 수 있고, 카운터에서 셀프라운지 비품을 수시로 채크하면서 채워주십니다.

직원분들도 호텔 컨시어지처럼 친절하게 응접해주십니다.

제일 중요한 룸 컨디션 같은 경우, 어지간한 호텔보다 낫고 침구류, 욕실 등등 매우 깨끗합니다. 공간도 엄청 넓고 대형 티비에 OTT가 종류별로 구비되어있어 밀린 드라마 정주행 하면서 호캉스 하기 너무 딱인 곳입니다.

망설임없이 추천합니다!",2024.07.13,"29,700",대전광역시 서구 둔산로65번길 34
대전 둔산 호텔 위슬리 앤 버번,5,처음 이용해봤습니다 대전권 숙박시설 다 다녀봤습니다 이곳 프론트에 계신분 부터 객실 서비스 객시 상태까지 새로생긴 둔산동 모 호텔보다 더 좋습니다 정장입으시고 그에 맞게 저희도 높임 받는것같아 입실부터 퇴실까지 행복했습니다 3개월 안으로 이곳 분명 둔산동에서 가장 예약 빨리 매진되는곳이 될것같습니다 테라스룸이었는데 다른곳도 숙박해보고 또 리뷰 남기겠습니다,2024.04.30,"29,700",대전광역시 서구 둔산로65번길 34
대전 둔산 호텔 위슬리 앤 버번,5,"완전 호텔같아서 너무 만족했어요
침구도 사각사각 너무 좋고
티비도 정말 커서 영화 보기 좋아요
화장실과 샤워실도 분리되어서 좋고 무엇보다 새 건물 느낌이 나서 너무 좋아요",2024.05.03,"29,700",대전광역시 서구 둔산로65번길 34
대전 둔산 호텔 위슬리 앤 버번,4,위치도 청결도 직원분들 친절도 스낵바도 다 좋았어요~ 다만 처음 객실 들어갈때 찌든담배냄새같은...아저씨냄새가 났어요 새로생긴곳같은데..ㅠ그건어쩔수없겠죠...공기청정기가 있긴하지만 객실 넓이 대비 작아서 냄새 해결이 잘안됐어요 디퓨저나 에어페브리즈 준비해주시면 좋을것같아요...아그리구 침대가 너무 빈약?해서 매트리스가 잘미끄러집니다 그거말고는 전반적으로 갠춘~,2024. 11. 14,"29,700",대전광역시 서구 둔산로65번길 34
대전 둔산 호텔 위슬리 앤 버번,5,"♡만족한부분
-->>직원친절 및 빠른대응,
청결,새건물,친절,비대,큰티비,간단조식,

☆토.일13만원 결제가격대비 만족도는 85프로
※아쉬운만족부분
-->>주차장이 기계식주차장이라 불편
 별한개 빼려다가 그랜드오픈이라서,걍 별5개드렸네요.",2024. 11. 13,"29,700",대전광역시 서구 둔산로65번길 34
대전 둔산 호텔 위슬리 앤 버번,5,아래 후기 작성 이후 또 방문했습니다. 이 숙소의 깨끗한 점을 샤워실 환풍구로 설명해드리고 싶어요. 보통 방이 깨끗해도 저런 곳 구석 한 곳 쯤은 더러울만하고 실제로 더러운 곳이 많아서 애써 외면한 채로 샤워하는 경우가 많은데 이런 곳 까지 깨끗하니 정말 쾌적하게 이용할 수 있었습니다. 어떤 곳른 2성급 호텔임에도 이틀에 한번 청소해준다고 연박시 청소 불가능하다고 하던데 이 곳은 하루마다 청소해주었습니다. 만약 둔산동 근처에서 또 묶게 된다면 전 반드시 이 호텔은 또 이용할 생각입니다.,2024.08.17,"29,700",대전광역시 서구 둔산로65번길 34
대전 둔산 호텔 위슬리 앤 버번,5,"갑작스런 비에 젖은 채로 입장했는데 세탁과 건조를 해주신다고 하실 만큼 친절하셨고, 무료 시그니처룸으로 업글되었는데 넥플릭스 왓챠 디즈니플러스 등등 각종 오티티 즐기기 너무 편한 구조였고, 진심 너무 쾌적했습니다. 외관 및 로비가 멋지니 같이 온 분에게도 더 대접해드리는 듯한 느낌을 줄 수 있었습니다. 본래 다른 곳을 이용할 계획이었으나, 이러한 서비스 및 시설이 마음에 들어서 연박할 때는 시그니처룸이없어서 디럭스룸으로 예약했는데, 디럭스룸도 훌륭했습니다. 가격도 훌륭하니, 대전을 넘어서 전국을 다 뒤져도 이런 만족도 높은 곳을 찾긴 어려울 것 같습니다.",2024.08.11,"29,700",대전광역시 서구 둔산로65번길 34
대전 둔산 호텔 위슬리 앤 버번,5,"아주 좋은 숙소입니다. 우선 깨끗합니다. 내부 침실, 욕실, 비품, 수건(4장제공) 모두 깨끗합니다. 방음도 잘되고 주변에 편의점, 식당도 많아 편리합니다. TV도 너무크고 ott 무료라 완전 편안하게 영화 보고 왔습니다. 그리고 1층에 스타벅스 원두커피(맞좋음), 제빙기, 일회용 프라스틱 컵, 빨대,모닝롤, 식빵, 버터, 딸기잼 공짜 제공되어 진짜 너무 좋았습니다. 아침에 아이스커피와 15초 정도 돌린 모닝빵, 1회용 
버터 및 딸기잼으로 조식 해결했는데 이래도 되나 싶을 정도로 좋았습니다. 딱 한가지불편한 점이 있었다면 변기 물내림방식이 회오리 물살처럼 정화되는데 그때 좀 위로 많이 튀어서 위생상 너무 안좋은것 같습니다 굉장히 좋은 변기를 설치하셨는데 오히려 일반적인 정화방식 변기가 더 좋은것 같습니다. 저는 이점 빼고는 모두 만족합니다.",2024.07.13,"29,700",대전광역시 서구 둔산로65번길 34
대전 둔산 호텔 위슬리 앤 버번,5,"안녕하세요. 오늘 묵고 간 사람 입니다.
시설은 정말 깨끗하고 좋습니다. 
무엇보다 사장님,사모님,직원분들이 너무 친절하셔서 다시 한 번 방문 하고 싶은 곳이라 느껴지네요. 
웃으면서 맞이해주시고 스몰토크 뿐만 아니라 기분 좋아지는 말씀들을 많이 해주시고 퇴실 할 때도 매우 신경 써주셨습니다. 대전에 간다면 무조건 여길 재방문 하고 싶네요. 덕분에 좋은 기억과 추억을 만들어갑니다.",2024.04.21,"29,700",대전광역시 서구 둔산로65번길 34
대전 둔산 호텔 위슬리 앤 버번,5,엄청 잘 묵었어요! 카운터 직원분도 너무 친절하시고 무엇보다 룸 컨디션이 너무너무 좋어요....세련되고 새것 느낌이 날 정도로 깨끗했어요. 침대 어메니티 화장실 티비 등등 다 너무 좋았고 룸에서 술 마시기에도 딱 좋았어요. 책상도 넓고 특히 티비가 진짜 커요ㅋㅋㅋㅋㅋㅋOTT도 개인 계정 없이 다 볼 수 있어요. 연박 하고 싶을 정도로 좋았습니다. 대전 오면 여기만 갈 것 같네요 감사합니다!,2024.10.02,"29,700",대전광역시 서구 둔산로65번길 34
대전 둔산 호텔 위슬리 앤 버번,5,둔산동에 위치하고 있어 접근성이 좋고 주변에 상권이 많아 저녁식사 해결하기 좋았습니다. 리모델링을 한지 얼마 안되서 그런지 객실이 깔끔했습니다. 침구류도 깨끗해서 거부감 없이 쉬기 좋았어요. 주차공간도 여유있는 편이어서 불편함이 없었고요. 로비에 객실 손님들을 위한 커피와 간단히 먹을 거리를 제공해주시는것은 소소한 감동이네요. 출장 혹은 잠깐 쉬고 가기에 가성비 좋은 숙소라고 생각합니다.,2024.08.09,"29,700",대전광역시 서구 둔산로65번길 34
대전 둔산 호텔 위슬리 앤 버번,5,"처음 가보는 숙소였는데 너어무 쾌적하고 좋았어요!
욕실, 침실 다 청결 부분에서 뛰어나고 티비도 엄청 커서 ott 보기 좋았어요 드라이기, 고데기도 다 평균 이상입니다 👍🏻 프런트 직원 분도 친절하셨어요! 최고최고 대전 오면 또 이용할게요 가격대비 최고였어요 추천합니다~",2024.10.02,"29,700",대전광역시 서구 둔산로65번길 34
대전 둔산 호텔 위슬리 앤 버번,5,"먼저 가격대비 시설이 정말 좋습니다 ! 다른 모텔들과 비슷한 가격에 호텔에 묶는 듯한 느낌을 줄 정도로 깨끗하고 사장님께서 친절하세요 ㅎㅎ

추가로 주차는 주차타워 이용하는데 주차장 들어가면 사장님께서 마중 나오시고 다 안내해드립니다 !

다음에 또 묶을 생각 200%요 ~~",2024.09.19,"29,700",대전광역시 서구 둔산로65번길 34
대전 둔산 호텔 위슬리 앤 버번,5,"대전에 제 생일 기념으로 놀러갔는데 여태 갔던 숙소 중에 제일 쾌적하고 깨끗했어요!
1층에 간단히 먹을것도 있어서 너무 좋았고 밝은 느낌이라 너무 좋았어요!
그리고 또 제가 헤드폰을 두고 갔는데 택배 주셔서 정말 감사합니다 🥺
다음애 대전 또 내려가도 여기서 숙박할거같아요!!",2024.10.04,"29,700",대전광역시 서구 둔산로65번길 34
대전 둔산 호텔 위슬리 앤 버번,5,"어디 숙소를 이용하든 욕실을 가장 중요하게 생각하는데 화장실, 샤워부스가 분리형이여서 좋았고 청결 상태 또한 좋았습니다! 다음에 대전에 방문 할 일이 또 생긴다면 이용할 의향이 있을 정도 입니다!",2024.10.14,"29,700",대전광역시 서구 둔산로65번길 34
대전 둔산 호텔 위슬리 앤 버번,5,매우 청결함. 직원들이 매우 친절함. TV도 엄청 커서 홈시어터로써 최상. 이런 신축 시설을 이런 가격에 이용할 수 있다는 것은 엄청 이득보는 일이라고 생각함. 재방문 의사 200%,2024.05.10,"29,700",대전광역시 서구 둔산로65번길 34
대전 둔산 호텔 위슬리 앤 버번,5,"들어갔을때 호텔로비처럼 깔끔하고 방 컨디션도 너무 좋았어요! 장마철이라 방이 좀 습하긴 했지만 수건도 6개 있고 만족스러웠습니다👍
안과때문에 대전 종종 가는데 또 이용할 것 같아요!☺️",2024.07.09,"29,700",대전광역시 서구 둔산로65번길 34
대전 둔산 호텔 위슬리 앤 버번,5,"정말 잘 쉬고 왔어요.
직원분들이 매우 친절하시고 인테리어도 깔끔해요.
위치도 좋아서 백화점이나 맛집들 도보로 방문 가능하고 엑스포, 과학관도 가까워서 좋았어요.
다음에 대전 간다면 재방문 의사 1000%에요!",2024.10.17,"29,700",대전광역시 서구 둔산로65번길 34
대전 둔산 호텔 위슬리 앤 버번,5,아직 마무리가 좀 덜 된 느낌이지만 새로 생긴 곳이라 무척 깨끗했어요 금연으로 관리되는 부분도 좋고 위치가 좋아서 더더욱 좋습니다! 시간 지나면 더욱 좋아질 거 같아요~~,2024.04.20,"29,700",대전광역시 서구 둔산로65번길 34
대전 둔산 호텔 위슬리 앤 버번,5,둔산동 인근에서 가장 가성비 좋은 호텔이라고 생각이 드네요. 리모델링을 한지 얼마 되지않아 깨끗하고 침구류도 쾌적해서 편안하게 이용할수 있었습니다.,2024.09.11,"29,700",대전광역시 서구 둔산로65번길 34
대전 둔산 호텔 위슬리 앤 버번,5,객실 전체가 깔끔하고 직원 서비스 친절도도 높고 조식도 제공되는 점 너무 편안하고 좋았습니다. 추후 대전 방문 시 이곳만 이용할 것 같았습니다.,2024.08.16,"29,700",대전광역시 서구 둔산로65번길 34
대전 둔산 호텔 위슬리 앤 버번,5,"카운터에 상주하는 직원이 없어서 당황했지만 적혀있는 번호로 연락드리니 바로 오셔서 체크인 도와주셨습니다. 새로 오픈한 곳이라 그런지 청결했습니다! 방도 생각보다는 넓었어요
재방문 의사 있습니다👍👍",2024.05.08,"29,700",대전광역시 서구 둔산로65번길 34
대전 둔산 호텔 위슬리 앤 버번,5,"직원분이 정말 친절하시고 들어오는 투숙객 한 명 한 명을 확인하시기 때문에 보안도 좋다고 느꼈습니다. 객실 내 티비가 크고 OTT 서비스가 가능해서 좋았고, 고데기랑 헤어스프레이까지 있어서 따로 안 챙겨가도 되는 점이 좋았습니다.",2024.07.13,"29,700",대전광역시 서구 둔산로65번길 34
대전 둔산 호텔 위슬리 앤 버번,5,"이제껏 간 호텔중에 최고였어요 !
가장 깨끗하고 방 자체가 예뻤습니다❤️
이제 대전 가면 여기만 사용할 것 같아용
사장님도 친절하구 너무 훈훈하셨어요!",2024.06.02,"29,700",대전광역시 서구 둔산로65번길 34
대전 둔산 호텔 위슬리 앤 버번,5,다시 방문했습니다! 2달쯔음 지났지만 룸컨디션과 직원분들 서비스 최고였습니다 저의 실수로 문제가 있었지만 사장님과 지원분들께서 잘 해결해 주셨습니다 여전히 대전 지역 최곱니다!,2024.06.06,"29,700",대전광역시 서구 둔산로65번길 34
대전 둔산 호텔 위슬리 앤 버번,5,건물 자체도 쾌적하고 준비된 물품들 또한 잘 분류되어 있었습니다. 방도 깨끗하고 직원 분도 너무 친절하게 응대해주셔서 편히 쉬다 갈 수 있었습니다 감사합니다,2024.05.15,"29,700",대전광역시 서구 둔산로65번길 34
대전 둔산 호텔 위슬리 앤 버번,5,신식이라 정말 좋고 티비가 엄청 커서 좋습니다. 특히 ott가 다양하게 되다보니까 1인 영화관에 온 기분입니다 진짜 좋아요,2024.10.15,"29,700",대전광역시 서구 둔산로65번길 34
대전 둔산 호텔 위슬리 앤 버번,5,간단한 아침을 먹을수 있는 셀프 라운지가 있어서 아주 좋았습니다. 직원분들도 친절하시고 객실도 깔끔했어요. 출장차 왔는데 위치도 좋았어요.,2024.10.09,"29,700",대전광역시 서구 둔산로65번길 34
대전 둔산 호텔 위슬리 앤 버번,5,"냄새도 하나도 안나고 안에도 이쁘고 무엇보다 티비가 엄청 커서 넷플보기도 좋았어요
씻는공간 세면대 분리되어 있어서 이것도 장점이라고 봅니다",2024.10.07,"29,700",대전광역시 서구 둔산로65번길 34
대전 둔산 호텔 위슬리 앤 버번,5,"직원 분이 친절하시고
로비나 방이 깔끔해서 아주 잘 사용했습니다!
처음에 리모컨 사용법으로 조금 애먹었네요!",2024.07.31,"29,700",대전광역시 서구 둔산로65번길 34
대전 둔산 호텔 위슬리 앤 버번,4,"시설, 직원분 서비스 정말 다 만족스러웠는데.. 딱하나 배게가 좀 많이 높아서 목이 좀 아팠어요 ㅜ 진짜 옥의 티 하나만 빼고는 만족입니다!",2024.06.22,"29,700",대전광역시 서구 둔산로65번길 34
대전 둔산 호텔 위슬리 앤 버번,5,"깔끔하구 인테리어두 예뻣어요 그런데 화장실이 분리가 안되오서 민망했오요 
변기있는데는 문이 있긴한데 약간 투명문이라소 살짝쿵 민망합니다",2024.05.29,"29,700",대전광역시 서구 둔산로65번길 34
대전 둔산 호텔 위슬리 앤 버번,5,직원분도 정말 친절하시고 무엇보다 룸 컨디션이 너무 놓아요 깔끔하고 tv도 정말 크고 진짜 편하게 잘 쉬다 갑니다. 앞으로 둔산동 방문하면 매번 갈것 같아요👍🏻,2024.05.26,"29,700",대전광역시 서구 둔산로65번길 34
대전 둔산 호텔 위슬리 앤 버번,5,정말 꺄끗하고 직원분들도 친절해서 아주 마음에 들었숩니다 또 대전을 가게 되면 다시 예약 할 거 같아요,2024.05.20,"29,700",대전광역시 서구 둔산로65번길 34
대전 둔산 호텔 위슬리 앤 버번,5,"깔끔하고 좋습니다 다만 전체적으로 손잡이가 이상해서 테라스 밖에서 문을 닫을 수가 없고, 화장실 안에서도 문을 닫을 수가 없습니다",2024.06.28,"29,700",대전광역시 서구 둔산로65번길 34
대전 둔산 호텔 위슬리 앤 버번,5,"깔끔하고 직원분들도 친절하시고 잘 쉬다 왔습니다!
대전 방문시 재방문 하겠습니다!
1층 라운지 토스트도 잘 먹었어요 ㅎㅎ",2024.05.14,"29,700",대전광역시 서구 둔산로65번길 34
대전 둔산 호텔 위슬리 앤 버번,5,"직원분들 다 친절하시고
객실은 넓고 깨끗해요
욕실도 깨끗하구요
2번째 방문했습니다 강추요~!",2024.10.05,"29,700",대전광역시 서구 둔산로65번길 34
대전 둔산 호텔 위슬리 앤 버번,5,"대전 처음 놀러갔는데 시설도 깔끔하고 직원분들도 친절하고 편안하게 있다가 왔습니다. 대만족입니다. 
 감사합니다",2024.08.31,"29,700",대전광역시 서구 둔산로65번길 34
대전 둔산 호텔 위슬리 앤 버번,5,"직원분도 친절하시고 무엇보다 깨끗해서 좋았어요!
OTT도 다양하게 다 되고 고데기까지 있더라구요!
다음번에도 이용하려고 합니다:)",2024.06.24,"29,700",대전광역시 서구 둔산로65번길 34
대전 둔산 호텔 위슬리 앤 버번,5,확실히 신설이라 너무 좋았고 객실 내부도 너무 깨끗하고 직원분들도 너무 친절하여 좋았습니다,2024.08.28,"29,700",대전광역시 서구 둔산로65번길 34
대전 둔산 호텔 위슬리 앤 버번,4,리모델링해서 깨끗하고 좋네요 위치도 도심지 접근성이 좋고 ott도 다 되서 잘 이용하다 갑니다,2024.06.22,"29,700",대전광역시 서구 둔산로65번길 34
대전 둔산 호텔 위슬리 앤 버번,5,"로비부터 신축한 듯 깨끗한 곳이라고 해서 기대했는데 진짜 탑급이었음 카운터 담당하는 분도 친절하셨고, 무엇보다 방이 어지간한 호텔방 저리가라 할 정도로 깨끗+넓음+쾌적. 방이 진짜 넓음 요즘 2인실 호텔 가도 가격은 금방 십몇만에 강제로 상대랑 친하게 지내야하는 급인데 여기는 거의 격리 가능한 수준으로 넓은 편. 그리고 화장실 변기랑 욕실+세면대가 따로 나뉘어져 있어서 좋았음 담에 친구들 대전 놀라오면 데려올 의향O",2024.07.16,"29,700",대전광역시 서구 둔산로65번길 34
대전 둔산 호텔 위슬리 앤 버번,4,"일회용슬리퍼가 있으면 더 좋을 것 같아요
베개가 높은 게 조금 아쉬웠어요
신축이라 건물 깨끗하고 방 넓은 건 좋았어요
도보특가로 예약했는데 기차 예매를 못해서 어쩔 수 없이 자차를 이용해서 주차비 1만원을 냈어요
자체 건물인데 서비스로 주차 1대 무료는 안되나봐요 ㅠ
전체적으로 괜찮았어요. 재방문 의사 있어요",2024.05.06,"29,700",대전광역시 서구 둔산로65번길 34
대전 둔산 호텔 위슬리 앤 버번,5,"일단 로비 들어서면서부터 완전 호텔느낌 뿜뿜.뭔가 리모델링한 곳 같은데 그래서 너무 깨끗하고 심지어 방에서 새것 냄새가 남 ㅋㅋ 룸 컨디션 좋고 침대도 좋고 티비도 엄청 크네요.
1층엔 커피머신과 토스트, 우유도 있네요.
재방문 의사 100%입니다.
단, 지상 주차 공간이 많지는 않아보이고 기계식 주차장이 있었어요.",2024.06.20,"29,700",대전광역시 서구 둔산로65번길 34
대전 둔산 호텔 위슬리 앤 버번,5,"명절연휴기간에 잠시 머물기 위해 1박했습니다. 이 숙소의 장점으로는, 

1. 객실이 깨끗합니다. 비품이나 시설이 상당히 깔끔하고 신식입니다.
2. 직원분이 친절하십니다. 밝고 편안하게 대응해주시고 주차 등 필요한 사항에 대해 친절하게 안내하고 도와주십니다.
3. OTT 이용이 편리합니다. 침대에 누워만 있어도 지루할 일이 없겠어요😀

이렇게 유지관리 된다고 하면 언제든 재방문하고 싶은 숙소입니다.",2024.09.19,"29,700",대전광역시 서구 둔산로65번길 34
대전 둔산 호텔 위슬리 앤 버번,5,"직장근처라 몸이 안 좋을때마다 너무 잘 쉬고있습니다
이 위치에 이 가격에
이정도 숙소가 생겨서 매우매우 만족중입니다 ㅎㅎ
장마기간이라 그런지 저번보다는 꿉꿉한 냄새가 나서 세탁이 조금 아쉬운데 어쩔 수 없는거겠죠 ㅠㅠ 저번에는 좋은 냄새가 났거든요 ㅠㅠ
그래도 너무 깔끔하고 예뻐서 대만족합니다 ㅎㅎ",2024.07.16,"29,700",대전광역시 서구 둔산로65번길 34
대전 둔산 호텔 위슬리 앤 버번,5,"객실도 넓고 응대해주시는 직원분도 거의 호텔 서비스처럼 유니폼 입고 응대해주시는데 놀랐고 좋았습니다.
주차는 1층 주차대수가 얼마 없어도 타워주차가 있어서 주차하기 좋았고 생긴지 얼마 안됐는지 객실도 깨끗하고 욕실도 엄청 넓고 기본 일회용품이 비용 추가 없이 객실에 비치되어 있어 좋았습니다.
굳이 단점은 욕실은 엄청 넓은데 칸막이나 문이 없는게 굳이 단점이라면 단점이겠습니다.
전체적으로 다 만족하고 잘 머무르다 갑니다.",2024.10.04,"29,700",대전광역시 서구 둔산로65번길 34
대전 둔산 호텔 위슬리 앤 버번,5,"숙소도 깨끗하고 직원분들도 친절합니다!
로비에서 만들어먹을 수 있는 커피 서비스도 아주 좋았구 OTT도 잘 되어있어 아주 굳굳👍🏻👍🏻
다음에 대전 올 일 있으면 또 방문하겠습니다:)",2024.07.16,"29,700",대전광역시 서구 둔산로65번길 34
대전 둔산 호텔 위슬리 앤 버번,5,"카운터 선생님이 너무 친절하시고, 시설도 너무 좋습니다! 단골 될거 같습니다~ 감사합니다~",2024.06.30,"29,700",대전광역시 서구 둔산로65번길 34
대전 둔산 호텔 위슬리 앤 버번,5,"넷플보기 너무 편했고 화장실이 넓어서 좋았어요 다만.. 변기가.. 화장실 입구에 있고 투명문이라서.. 살짝 꽤나 민망쓰 할 수 있습니다,,",2024.08.06,"29,700",대전광역시 서구 둔산로65번길 34
대전 둔산 호텔 위슬리 앤 버번,5,"리뷰안쓰는데여
대전출장 4박5일 왓다가 너무 괜찮아서 리뷰남깁니다
직원분들 감사했습니다",2024.05.24,"29,700",대전광역시 서구 둔산로65번길 34
대전 둔산 호텔 위슬리 앤 버번,5,"화장실 문에 알수없는 틴트(?) 빨간색(?)이 발려져있었는데 무엇인지 알수없으니 찝찝하긴하더라구요... 하지만 문에 손닿는 부분도 아니고, 놓칠만한 부분에 소량이라 이해했습니다!! 이해하고 넘어갈 수 있을만큼 다른 부분에 대한 청결과 서비스가 좋았어요 :)",2024.05.12,"29,700",대전광역시 서구 둔산로65번길 34
대전 둔산 호텔 위슬리 앤 버번,5,"새건물이라 좋아요 침대가 다소 딱딱한편이고
화장실 안쪽 손잡이가 없어 불편했네요
침대가 움직이면 소리가 나는것도 불편했어요
1층에는 먹거리와 쥬스가 있어 좋았습니당",2024.05.31,"29,700",대전광역시 서구 둔산로65번길 34
대전 둔산 호텔 위슬리 앤 버번,5,처음으로 후기써보는데 .. 진짜 너무 좋습니다.. 둔산동가면 여기만 갈거같아요 !!!!! 어메니티도 좋고 깔끔하고 너무 좋습니당,2024.04.30,"29,700",대전광역시 서구 둔산로65번길 34
대전 둔산 호텔 위슬리 앤 버번,3,"리뷰에 비해 실망 스러움, 타워주차, 침대 헤드쪽에 앉아 있으면 메트리스가 자꾸 밀림, 심플한 인테리어, 2층 테라스 전망이 없는데 너무 오픈되어있음, 중문 있음, 샤워실-화장실-세면대 공간 모두 분리되어있음, 샤워실 화장실 문 손잡이가 한쪽에만 있음+문이 쾅 닫힐 수 있음, 샤워기 미세 살수판 따가움, 밤늦게까지 아마도 윗층?에서 너무 쿵쿵거렸음. 뒤꿈치 소리인듯, 청결함, 로비가 깔끔함, 직원 친절함, 편의점 매우 가까움, 어디든 가기 좋은 대전 중앙에 위치함, 밖에 주차 자리 있는데도 타워에 넣으라함(보통 대형차 때문에 남겨 두려고 하기때문에 이해하는데, 대실 손님 때문이라고 말해서 기분이 좋지 않았음. 본인 입출차 업무 편하게 하려고 그러나?라는 생각이들었음, 그 전에 내가 더 많이 왔다 갔다 할 수도 있는데..)",2024.06.27,"29,700",대전광역시 서구 둔산로65번길 34
대전 둔산 호텔 위슬리 앤 버번,4,방도 크고 전반적으로 깔끔했는데 입실 하고 화장실 세면대에 커피 버린 자국? 같은 게 있어서 좀 아쉬웠고 칫솔도 없어서 가져다 주셨습니다 청소하고 한번 더 확인해주세용 ㅠㅠ,2024.08.20,"29,700",대전광역시 서구 둔산로65번길 34
대전 둔산 호텔 위슬리 앤 버번,5,리모델링한지 얼마 안되고 깨끗해서 매번 출장시 이용하는 숙소인데 최근에 방문했을때 객실 청소가 미흡했어요. 전에 이용하던 객실 손님이 버리고간 쓰레기 등 그대로 있었습니다. 이런점은 개선하면 좋겠네요.,2024.10.26,"29,700",대전광역시 서구 둔산로65번길 34
대전 둔산 호텔 위슬리 앤 버번,5,"굉장히 깨끗하고 어매니티도 다 좋았는데 화장실이 침대에서 바라보는 방향에 반투명이라 볼일보는 모습이 다 비칩니다.
씻는 공간은 침대에서 보이진 않았지만 문 자체가 없는 열린 공간이어서 당황스러웠습니다. 이외엔 가격대비 굉장히 좋은 숙소였습니다.",2024.06.25,"29,700",대전광역시 서구 둔산로65번길 34
대전 둔산 호텔 위슬리 앤 버번,2,일반 모텔보단 깨끗하지만 조금 더 비싼 가격을 낼만큼 깨끗하진 않았어요.. 티비크고 조식있는건 큰 장점 같아요,2024.10.21,"29,700",대전광역시 서구 둔산로65번길 34
대전 둔산 호텔 위슬리 앤 버번,4,"깨끗하고 담배냄새안나서 좋았어요~
주차편하고 친절합니다. 
침대헤드가없어서 기대기가 불편하고 매트리스가 고정이 거의 안되는게 .조금 불편했어요",2024.05.10,"29,700",대전광역시 서구 둔산로65번길 34
대전 둔산 호텔 위슬리 앤 버번,2,평이 너무 좋아서 묵었는데 생각보단 못미쳐요 바닥에 머리카락 몇개 밥풀 굳은거도 떨어져있고 수건걸이도 없고 목욕타월같이 큰것도 없어요 평만보고 가심 실망할수 있어요,2024.06.26,"29,700",대전광역시 서구 둔산로65번길 34
대전 둔산 호텔 위슬리 앤 버번,3,사진을 기대하고 가시면 실망합니다. 다른 숙소들에 비해 가격도 꽤 높은편인데... 그 값을 못합니다. 티비하나는 크고 좋습니다,2024.07.05,"29,700",대전광역시 서구 둔산로65번길 34
대전 둔산 호텔 위슬리 앤 버번,5,"중심가에 이동이편하고, 조식제공되요",2024. 11. 14,"29,700",대전광역시 서구 둔산로65번길 34
대전 둔산 호텔 위슬리 앤 버번,5,"별4점
깔끔 친절
방음이 안된다는 단점 새벽에 화장실물내리는소리가 잘들림",2024. 11. 13,"29,700",대전광역시 서구 둔산로65번길 34
대전 둔산 호텔 위슬리 앤 버번,4,처음 갔는데 벌레가 나와서 당황했지만 바로 방 바꿔주셔서 감사했어요! 만족합니다,2024. 11. 13,"29,700",대전광역시 서구 둔산로65번길 34
대전 둔산 호텔 위슬리 앤 버번,5,방이 넓어서 친구들과 지내기 좋았습니다.,2024. 11. 13,"29,700",대전광역시 서구 둔산로65번길 34
대전 둔산 호텔 위슬리 앤 버번,5,"새벽에 윗층에서 나는 소음때문에 잠을 설치긴했지만요
방은 무난했어요..",2024. 11. 13,"29,700",대전광역시 서구 둔산로65번길 34
대전 둔산 호텔 위슬리 앤 버번,5,아주 잘 이용했음요,2024. 11. 13,"29,700",대전광역시 서구 둔산로65번길 34
대전 둔산 호텔 위슬리 앤 버번,5,깨끗하고 주변에 먹을곳이 많아서 좋아요,2024. 11. 13,"29,700",대전광역시 서구 둔산로65번길 34
대전 둔산 호텔 위슬리 앤 버번,5,깨끗하고 조용해서 좋아요,2024. 11. 13,"29,700",대전광역시 서구 둔산로65번길 34
대전 둔산 호텔 위슬리 앤 버번,4,쾌적하게 잘머물다갑니다~~,2024.11.08,"29,700",대전광역시 서구 둔산로65번길 34
대전 둔산 호텔 위슬리 앤 버번,4,쾌적하게 잘머물다갑니다,2024.11.08,"29,700",대전광역시 서구 둔산로65번길 34
대전 둔산 호텔 위슬리 앤 버번,5,숙소가 아주 깨긋해서 대전 출장시에 많이 이용 했습니다.,2024.11.07,"29,700",대전광역시 서구 둔산로65번길 34
대전 둔산 호텔 위슬리 앤 버번,5,숙소가 깨긋하고 좋습니다,2024.11.07,"29,700",대전광역시 서구 둔산로65번길 34
대전 둔산 호텔 위슬리 앤 버번,4,"둔산동에 몇안돠는 숙소중에 괜찮앗어요
화장실 문이없는거랑 방음안되는거만 빼면요 ㅎㅎ",2024.11.07,"29,700",대전광역시 서구 둔산로65번길 34
대전 둔산 호텔 위슬리 앤 버번,5,잘 쉬다 갑니다~~~,2024.11.05,"29,700",대전광역시 서구 둔산로65번길 34
대전 둔산 호텔 위슬리 앤 버번,5,계속 이용하게되네요 쾌적하고좋아요,2024.11.04,"29,700",대전광역시 서구 둔산로65번길 34
대전 둔산 호텔 위슬리 앤 버번,5,숙소 내부 되게 깔끔하고 잘 쉬다 갑니다,2024.11.04,"29,700",대전광역시 서구 둔산로65번길 34
대전 둔산 호텔 위슬리 앤 버번,5,좋았어요. 깔끔하고 위치 적절합니다,2024.11.04,"29,700",대전광역시 서구 둔산로65번길 34
대전 둔산 호텔 위슬리 앤 버번,5,깨끗하고 위치좋고 냄새안나고 굿굿,2024.11.03,"29,700",대전광역시 서구 둔산로65번길 34
대전 둔산 호텔 위슬리 앤 버번,5,짱짱 너무 좋습니다,2024.11.03,"29,700",대전광역시 서구 둔산로65번길 34
대전 둔산 호텔 위슬리 앤 버번,5,이동네 최고입니다. 너무너무좋아요,2024.11.03,"29,700",대전광역시 서구 둔산로65번길 34
대전 둔산 호텔 위슬리 앤 버번,5,"깨끗해요.
출장으로 제격입니다.
가격은 조금 있어요.",2024.11.03,"29,700",대전광역시 서구 둔산로65번길 34
대전 둔산 호텔 위슬리 앤 버번,5,시설이 안과 밖 모두 깨끗하게 냄새도 좋고 너무 좋았어요,2024.11.02,"29,700",대전광역시 서구 둔산로65번길 34
대전 둔산 호텔 위슬리 앤 버번,5,좋아요 편해요 깨끗해요,2024.11.02,"29,700",대전광역시 서구 둔산로65번길 34
대전 둔산 호텔 위슬리 앤 버번,5,리모델링한지 얼마안되어 깨끗하게 편하게 이용하기 좋았습니다. 감사합니다.,2024.11.01,"29,700",대전광역시 서구 둔산로65번길 34
대전 둔산 호텔 위슬리 앤 버번,5,깨끗하고 시설이 좋습니다,2024.10.31,"29,700",대전광역시 서구 둔산로65번길 34
대전 둔산 호텔 위슬리 앤 버번,5,숙소가 신축이라 깔끔해서 매우좋아요,2024.10.31,"29,700",대전광역시 서구 둔산로65번길 34
대전 둔산 호텔 위슬리 앤 버번,5,ㅣㅣ비베미ㅡㅡ크크크크크느ㅏㅡ,2024.10.30,"29,700",대전광역시 서구 둔산로65번길 34
대전 둔산 호텔 위슬리 앤 버번,5,편하게 잘 쉬다 갑니다.,2024.10.27,"29,700",대전광역시 서구 둔산로65번길 34
대전 둔산 호텔 위슬리 앤 버번,5,외관도 깨끗하고 방도 깨끗해요. 직원분도 엄청 친절했습니다! 다음에 또 오고싶어요!,2024.10.26,"29,700",대전광역시 서구 둔산로65번길 34
대전 둔산 호텔 위슬리 앤 버번,5,편하게 잘 머물다갑니다,2024.10.24,"29,700",대전광역시 서구 둔산로65번길 34
대전 둔산 호텔 위슬리 앤 버번,5,"직원분이 너무 친절하시고, 깔끔해요",2024.10.22,"29,700",대전광역시 서구 둔산로65번길 34
대전 둔산 호텔 위슬리 앤 버번,5,감사합니다! 또 이용할께요,2024.10.21,"29,700",대전광역시 서구 둔산로65번길 34
대전 둔산 호텔 위슬리 앤 버번,5,출장 와서 편하게 잘 쉬다가 갑니다,2024.10.17,"29,700",대전광역시 서구 둔산로65번길 34
대전 둔산 호텔 위슬리 앤 버번,5,너무 깔끔하게 잘 이용하고 나왔습니다,2024.10.16,"29,700",대전광역시 서구 둔산로65번길 34
대전 둔산 호텔 위슬리 앤 버번,4,위치랑 시설 괜찮네요,2024.10.15,"29,700",대전광역시 서구 둔산로65번길 34
대전 둔산 호텔 위슬리 앤 버번,4,숙소가 전반적으로 깜끔하고 직원분이 친절해요,2024.10.15,"29,700",대전광역시 서구 둔산로65번길 34
대전 둔산 호텔 위슬리 앤 버번,5,완전 깔끔하고 예쁘고 좋아요 ! 또 방문하고 싶은 곳 ㅎ,2024.10.14,"29,700",대전광역시 서구 둔산로65번길 34
대전 둔산 호텔 위슬리 앤 버번,5,객실이 너무 깨끗하고 담배냄새가 안나서 너무 좋았습니다!! 다음에도 또 이용하겠습니다ㅎㅎ,2024.10.14,"29,700",대전광역시 서구 둔산로65번길 34
대전 둔산 호텔 위슬리 앤 버번,5,담배냄새도 안나고 항상 좋아요~~,2024.10.13,"29,700",대전광역시 서구 둔산로65번길 34
대전 둔산 호텔 위슬리 앤 버번,5,숙소가 깨끗하고 편안합니다,2024.10.12,"29,700",대전광역시 서구 둔산로65번길 34
대전 둔산 호텔 위슬리 앤 버번,5,깨끗하고 아침조식 좋았습니다,2024.10.11,"29,700",대전광역시 서구 둔산로65번길 34
대전 둔산 호텔 위슬리 앤 버번,5,지하철과 가까워서 편해요,2024.10.07,"29,700",대전광역시 서구 둔산로65번길 34
대전 둔산 호텔 위슬리 앤 버번,4,"방은 깔끔하고좋은데, 차로 들어가기 좀 애매한 곳에있네요ㅠ 한바퀴돌아서 입구찾았어요 ㅋㅋ",2024.10.04,"29,700",대전광역시 서구 둔산로65번길 34
대전 둔산 호텔 위슬리 앤 버번,5,깔끔하고 친절하세요,2024.10.02,"29,700",대전광역시 서구 둔산로65번길 34
대전 둔산 호텔 위슬리 앤 버번,5,매번 잘 이용합니다. 출장때마다 편하게 이용해요,2024.10.02,"29,700",대전광역시 서구 둔산로65번길 34
대전 둔산 호텔 위슬리 앤 버번,5,좋아용용용용요요요요,2024.09.30,"29,700",대전광역시 서구 둔산로65번길 34
대전 둔산 호텔 위슬리 앤 버번,5,깨끗하구 좋아용 ㅎㅎ,2024.09.30,"29,700",대전광역시 서구 둔산로65번길 34
대전 둔산 호텔 위슬리 앤 버번,5,새로 리모델링해서 그런지 매우 청결하고 특히 담배 냄새 없는 것이 너무 좋습니다!,2024.09.30,"29,700",대전광역시 서구 둔산로65번길 34
대전 둔산 호텔 위슬리 앤 버번,5,야구 보러가면서 이용했는데 정말 깨끗하고 친절하세요!,2024.09.29,"29,700",대전광역시 서구 둔산로65번길 34
대전 둔산 호텔 위슬리 앤 버번,5,깨끗하고 좋았습니다,2024.09.26,"29,700",대전광역시 서구 둔산로65번길 34
대전 둔산 호텔 위슬리 앤 버번,5,잘쉬었다가갑니다아아~~,2024.09.22,"29,700",대전광역시 서구 둔산로65번길 34
대전 둔산 호텔 위슬리 앤 버번,5,대전 서구 출장시 묵을만한 두곳중 하나,2024.09.20,"29,700",대전광역시 서구 둔산로65번길 34
대전 둔산 호텔 위슬리 앤 버번,5,"냄새 전혀 안나고,
모든게 깨끗하고,
넓고,
대만족",2024.09.19,"29,700",대전광역시 서구 둔산로65번길 34
대전 둔산 호텔 위슬리 앤 버번,5,청결좋고 가격대비 엄청좋아요,2024.09.19,"29,700",대전광역시 서구 둔산로65번길 34
대전 둔산 호텔 위슬리 앤 버번,5,방이 넓고 깨끗해서 너무 좋았음,2024.09.17,"29,700",대전광역시 서구 둔산로65번길 34
대전 둔산 호텔 위슬리 앤 버번,5,너무 깔끔하고 컨디션 최고에요!!,2024.09.17,"29,700",대전광역시 서구 둔산로65번길 34
대전 둔산 호텔 위슬리 앤 버번,5,새로 생긴 곳이라 넘 깔꿈 추천,2024.09.16,"29,700",대전광역시 서구 둔산로65번길 34
대전 둔산 호텔 위슬리 앤 버번,5,너무 친절하셔서 편했습니다,2024.09.15,"29,700",대전광역시 서구 둔산로65번길 34
대전 둔산 호텔 위슬리 앤 버번,5,자주 이용하는 곳인데 키트가 조금 부족하고 객실내 내선전화 연결이 잘 안됐었어요.,2024.09.15,"29,700",대전광역시 서구 둔산로65번길 34
대전 둔산 호텔 위슬리 앤 버번,5,깨꿋하고 너무 좋습니다,2024.09.15,"29,700",대전광역시 서구 둔산로65번길 34
대전 둔산 호텔 위슬리 앤 버번,5,깨끗하고 이용ㅎ기 너무좋았습니다.,2024.09.14,"29,700",대전광역시 서구 둔산로65번길 34
대전 둔산 호텔 위슬리 앤 버번,5,"첫 방문인데 너무 만족합니다
친절한 직원분들과 넓고 깨끗한방까지 모두 만족합니다",2024.09.14,"29,700",대전광역시 서구 둔산로65번길 34
대전 둔산 호텔 위슬리 앤 버번,5,편안하게 잘 쉬다가 갑니다,2024.09.13,"29,700",대전광역시 서구 둔산로65번길 34
대전 둔산 호텔 위슬리 앤 버번,5,깨끗하고 진짜 좋았어요! 객실도 넓구요~~ 다음에 또가려구요!!,2024.09.13,"29,700",대전광역시 서구 둔산로65번길 34
대전 둔산 호텔 위슬리 앤 버번,5,잘 쉬다갑니다 감사합니다,2024.09.11,"29,700",대전광역시 서구 둔산로65번길 34
대전 둔산 호텔 위슬리 앤 버번,5,깨끗하고 좋습니다.,2024.09.07,"29,700",대전광역시 서구 둔산로65번길 34
대전 둔산 호텔 위슬리 앤 버번,5,자주 이용하는 숙소입니다.,2024.09.05,"29,700",대전광역시 서구 둔산로65번길 34
대전 둔산 호텔 위슬리 앤 버번,5,좋은 숙소 적극 추천,2024.09.04,"29,700",대전광역시 서구 둔산로65번길 34
대전 둔산 호텔 위슬리 앤 버번,4,잘쉬다갑니다.깨끗합니다.,2024.09.04,"29,700",대전광역시 서구 둔산로65번길 34
대전 둔산 호텔 위슬리 앤 버번,5,"청결도 굿
친절도 굿
위치 굿",2024.09.03,"29,700",대전광역시 서구 둔산로65번길 34
대전 둔산 호텔 위슬리 앤 버번,5,고객대응이 좋고 커피 맛나요,2024.08.31,"29,700",대전광역시 서구 둔산로65번길 34
대전 둔산 호텔 위슬리 앤 버번,5,좋았습니다........!,2024.08.31,"29,700",대전광역시 서구 둔산로65번길 34
대전 둔산 호텔 위슬리 앤 버번,5,정말 깨끗하고 직원분 친절해서 또 이용할 생각입니다.,2024.08.29,"29,700",대전광역시 서구 둔산로65번길 34
대전 둔산 호텔 위슬리 앤 버번,5,출장으로 이용하는데 친절하고 깨끗합니ㅣ드,2024.08.29,"29,700",대전광역시 서구 둔산로65번길 34
대전 둔산 호텔 위슬리 앤 버번,5,객실이 깨끗하고 좋습니다! :),2024.08.22,"29,700",대전광역시 서구 둔산로65번길 34
대전 둔산 호텔 위슬리 앤 버번,5,"편하게 자고갑니다!!
깨끗하고 좋았어용",2024.08.22,"29,700",대전광역시 서구 둔산로65번길 34
대전 둔산 호텔 위슬리 앤 버번,5,출장중에 잘 묵고 갑니다,2024.08.21,"29,700",대전광역시 서구 둔산로65번길 34
대전 둔산 호텔 위슬리 앤 버번,5,대전올때마다 여기로왔어여!사장님이랑 직원분도 친절하시고 방이 깨끗해서 너무 좋아여~,2024.08.21,"29,700",대전광역시 서구 둔산로65번길 34
대전 둔산 호텔 위슬리 앤 버번,4,너무 깔끔하고 주변에 밥먹을 곳이 많아서 좋았어요,2024.08.19,"29,700",대전광역시 서구 둔산로65번길 34
대전 둔산 호텔 위슬리 앤 버번,5,"직원분도 친절하시고 깔꼼합니당~
잘쉬다갑니다아:)",2024.08.18,"29,700",대전광역시 서구 둔산로65번길 34
대전 둔산 호텔 위슬리 앤 버번,5,객실이 깨끗하고 좋아요,2024.08.16,"29,700",대전광역시 서구 둔산로65번길 34
대전 둔산 호텔 위슬리 앤 버번,5,넘. 좋았구 또 가고싳어요,2024.08.16,"29,700",대전광역시 서구 둔산로65번길 34
대전 둔산 호텔 위슬리 앤 버번,5,언제나 잘 이용하고 있어요 💕 큰 티비가 가장 맘에 듭니다 ㅎㅎ,2024.08.15,"29,700",대전광역시 서구 둔산로65번길 34
대전 둔산 호텔 위슬리 앤 버번,5,둔산동 갈 땐 여기밖에 안 가요,2024.08.14,"29,700",대전광역시 서구 둔산로65번길 34
대전 둔산 호텔 위슬리 앤 버번,5,깔끔하고 편하게 있을 수 있었어요!,2024.08.13,"29,700",대전광역시 서구 둔산로65번길 34
대전 둔산 호텔 위슬리 앤 버번,4,호텔도 깨끗하고 주변에 밥 먹을 맛집도 많아서 괜찮았어요.,2024.08.11,"29,700",대전광역시 서구 둔산로65번길 34
대전 둔산 호텔 위슬리 앤 버번,5,담배 냄새 안 나고 객실이 너무 청결해서 좋아요,2024.08.07,"29,700",대전광역시 서구 둔산로65번길 34
대전 둔산 호텔 위슬리 앤 버번,5,사장님이 친절하시고 방도 깔끔했습니다,2024.08.06,"29,700",대전광역시 서구 둔산로65번길 34
대전 둔산 호텔 위슬리 앤 버번,5,깔끔하고 좋았습니다,2024.08.04,"29,700",대전광역시 서구 둔산로65번길 34
대전 둔산 호텔 위슬리 앤 버번,5,좋았습니디~~~~~,2024.08.02,"29,700",대전광역시 서구 둔산로65번길 34
대전 둔산 호텔 위슬리 앤 버번,5,방도 넓고 시설도 쾌적해서 잘 이용했습니다.,2024.07.30,"29,700",대전광역시 서구 둔산로65번길 34
대전 둔산 호텔 위슬리 앤 버번,4,좋았어용 근데 사진보다는 좀 좁았어요,2024.07.29,"29,700",대전광역시 서구 둔산로65번길 34
대전 둔산 호텔 위슬리 앤 버번,5,직원분이 너무 친절하셨어요 잘 이용하다 갑니다!,2024.07.29,"29,700",대전광역시 서구 둔산로65번길 34
대전 둔산 호텔 위슬리 앤 버번,5,"예약한시간보다 조금 일찍 방문했는데도
잘 응대해 주셨습니다.
잘쉬었다가 갑니다.",2024.07.22,"29,700",대전광역시 서구 둔산로65번길 34
대전 둔산 호텔 위슬리 앤 버번,5,새로 오픈해서 좋습니다 주차타워가 조금 아쉽네요,2024.07.22,"29,700",대전광역시 서구 둔산로65번길 34
대전 둔산 호텔 위슬리 앤 버번,5,너무 좋았습니다 최고,2024.07.20,"29,700",대전광역시 서구 둔산로65번길 34
대전 둔산 호텔 위슬리 앤 버번,5,"시설 깔끔하고, 조식은 아니지만 간단히 먹을 수 있는 빵 등이 비치되어 좋았습니다.",2024.07.18,"29,700",대전광역시 서구 둔산로65번길 34
대전 둔산 호텔 위슬리 앤 버번,5,위치도 좋고 깔끔하고 좋아요,2024.07.17,"29,700",대전광역시 서구 둔산로65번길 34
대전 둔산 호텔 위슬리 앤 버번,5,에어컨 시원하고 침구도 좋은거같습니다. 위치는 살짝 골모에 있어요.,2024.07.15,"29,700",대전광역시 서구 둔산로65번길 34
대전 둔산 호텔 위슬리 앤 버번,5,깔끔하고 티비도 크고 좋습니당 잘이용하고 갑니다ㅎㅎ,2024.07.14,"29,700",대전광역시 서구 둔산로65번길 34
대전 둔산 호텔 위슬리 앤 버번,5,조아요조아요조아요조아요,2024.07.12,"29,700",대전광역시 서구 둔산로65번길 34
대전 둔산 호텔 위슬리 앤 버번,5,조아요조아요조아요조아요,2024.07.12,"29,700",대전광역시 서구 둔산로65번길 34
대전 둔산 호텔 위슬리 앤 버번,5,"직원분들과 사장님인지 모르겠지만 모두 너무 친절합니다. 
주차도 넘 편해요",2024.07.12,"29,700",대전광역시 서구 둔산로65번길 34
대전 둔산 호텔 위슬리 앤 버번,5,건물이 새거이며 직원이 친절합니다,2024.07.12,"29,700",대전광역시 서구 둔산로65번길 34
대전 둔산 호텔 위슬리 앤 버번,4,"리모델링하여 깔끔한 편임
군데 군데 리모델링 마감이 덜 된곳이 있음",2024.07.10,"29,700",대전광역시 서구 둔산로65번길 34
대전 둔산 호텔 위슬리 앤 버번,5,시설이 굉장히 깨끗합니다 프론트 직원분도 친절해요,2024.07.09,"29,700",대전광역시 서구 둔산로65번길 34
대전 둔산 호텔 위슬리 앤 버번,5,편하게 잘쉬었네요 추천드려요,2024.07.08,"29,700",대전광역시 서구 둔산로65번길 34
대전 둔산 호텔 위슬리 앤 버번,5,깔끔하고 좋았습니다 !!,2024.07.07,"29,700",대전광역시 서구 둔산로65번길 34
대전 둔산 호텔 위슬리 앤 버번,5,리모델링은 한지 얼마 안된 숙소여서 청결하고 거부감없이 이용할수있었습니다.,2024.07.05,"29,700",대전광역시 서구 둔산로65번길 34
대전 둔산 호텔 위슬리 앤 버번,5,비오는데 우산없어서 말씀드리니 하루 빌려주셨습니다. 너무 친절하시고 숙소도 좋아요!,2024.07.04,"29,700",대전광역시 서구 둔산로65번길 34
대전 둔산 호텔 위슬리 앤 버번,5,전체적으로 깨끗 욕실 문은 없으니 참고,2024.07.02,"29,700",대전광역시 서구 둔산로65번길 34
대전 둔산 호텔 위슬리 앤 버번,4,저번 남직원의 친절함이 좋았는데 여직원은 좀 더 서비스 교육을 받아야 할 듯 하네요...,2024.07.02,"29,700",대전광역시 서구 둔산로65번길 34
대전 둔산 호텔 위슬리 앤 버번,5,완전 깨끗하고 좋아요. 대전 나중에 올라오면 무조건 갈 듯.,2024.06.28,"29,700",대전광역시 서구 둔산로65번길 34
대전 둔산 호텔 위슬리 앤 버번,5,깨끗하고 좋아요👍 자주 이용하겠습니다.,2024.06.25,"29,700",대전광역시 서구 둔산로65번길 34
대전 둔산 호텔 위슬리 앤 버번,5,직원분들도 너무 친절하고 시설도 좋았어요,2024.06.24,"29,700",대전광역시 서구 둔산로65번길 34
대전 둔산 호텔 위슬리 앤 버번,5,방도 넓고 깨끗하고 해서 둔산쪽 가게되면 거기만 예약할려구요,2024.06.24,"29,700",대전광역시 서구 둔산로65번길 34
대전 둔산 호텔 위슬리 앤 버번,5,완전 깨끗하고 사장님도 친절해요! 또 들릴게요,2024.06.24,"29,700",대전광역시 서구 둔산로65번길 34
대전 둔산 호텔 위슬리 앤 버번,5,직원분들이 친절하고 만족도가 높습니다,2024.06.21,"29,700",대전광역시 서구 둔산로65번길 34
대전 둔산 호텔 위슬리 앤 버번,5,전반적으로 만족스러웠습니다,2024.06.20,"29,700",대전광역시 서구 둔산로65번길 34
대전 둔산 호텔 위슬리 앤 버번,5,깔끔하고 주차도 가능해서 좋았습니다,2024.06.19,"29,700",대전광역시 서구 둔산로65번길 34
대전 둔산 호텔 위슬리 앤 버번,5,깨끗하고 사장님이 친절하세요!,2024.06.19,"29,700",대전광역시 서구 둔산로65번길 34
대전 둔산 호텔 위슬리 앤 버번,5,너무 친절하게 응대해주셔서 감사했습니다!,2024.06.18,"29,700",대전광역시 서구 둔산로65번길 34
대전 둔산 호텔 위슬리 앤 버번,5,진짜 정말좋아요 계속 이용하고싶어요!!,2024.06.17,"29,700",대전광역시 서구 둔산로65번길 34
대전 둔산 호텔 위슬리 앤 버번,5,엄청깔끔하고 좋아요,2024.06.17,"29,700",대전광역시 서구 둔산로65번길 34
대전 둔산 호텔 위슬리 앤 버번,5,깔끔하고 좋았습니다!,2024.06.16,"29,700",대전광역시 서구 둔산로65번길 34
대전 둔산 호텔 위슬리 앤 버번,5,깔끔하고 환경 자체가 너무 좋았습니다,2024.06.11,"29,700",대전광역시 서구 둔산로65번길 34
대전 둔산 호텔 위슬리 앤 버번,5,너무 쾌적하고 좋았습니다. 숙박도 해보고 싶었던 곳,2024.06.09,"29,700",대전광역시 서구 둔산로65번길 34
대전 둔산 호텔 위슬리 앤 버번,5,내부가 너무 깔끔하고 넓었습니다 프론트에서도 친철한 안내덕분에 좋았습니다!,2024.06.09,"29,700",대전광역시 서구 둔산로65번길 34
대전 둔산 호텔 위슬리 앤 버번,5,깔끔하고 친절하세요,2024.06.08,"29,700",대전광역시 서구 둔산로65번길 34
대전 둔산 호텔 위슬리 앤 버번,5,둔산동 가면 여기가 짱입니다 !!!!!,2024.06.08,"29,700",대전광역시 서구 둔산로65번길 34
대전 둔산 호텔 위슬리 앤 버번,5,정말 쾌적하고 너무 편안해여 앞으로도 쭈욱 이용할 예정입니다,2024.06.07,"29,700",대전광역시 서구 둔산로65번길 34
대전 둔산 호텔 위슬리 앤 버번,5,담엔 여기서 숙박하려고요,2024.06.07,"29,700",대전광역시 서구 둔산로65번길 34
대전 둔산 호텔 위슬리 앤 버번,5,새로 리모델링해서 모든 게 다 깨끗하고 좋네요.,2024.06.06,"29,700",대전광역시 서구 둔산로65번길 34
대전 둔산 호텔 위슬리 앤 버번,5,숙소가 정말 깨끗하고 직원분들도 친절하시고 위치도 좋고 모든 것이 다 좋았습니다.,2024.06.02,"29,700",대전광역시 서구 둔산로65번길 34
대전 둔산 호텔 위슬리 앤 버번,5,궁금해서 한번 이용해봤는데 깔끔해서 좋았급니다~,2024.05.30,"29,700",대전광역시 서구 둔산로65번길 34
대전 둔산 호텔 위슬리 앤 버번,5,"가본 숙소 중 넘버 3안에 드는듯요
대실만 했는데 다음번엔 숙박도 해볼려고요",2024.05.30,"29,700",대전광역시 서구 둔산로65번길 34
대전 둔산 호텔 위슬리 앤 버번,4,너무 깨끗하고 위치도 좋아요,2024.05.29,"29,700",대전광역시 서구 둔산로65번길 34
대전 둔산 호텔 위슬리 앤 버번,5,만족합이다 깔끔해요!,2024.05.27,"29,700",대전광역시 서구 둔산로65번길 34
대전 둔산 호텔 위슬리 앤 버번,5,위치 좋고 룸 컨디션도 좋고 직원분들도 친절하세요 재방문의사 매우 있음,2024.05.26,"29,700",대전광역시 서구 둔산로65번길 34
대전 둔산 호텔 위슬리 앤 버번,5,진짜 여기 주변 가본곳 중에 제일 좋아요!!!,2024.05.26,"29,700",대전광역시 서구 둔산로65번길 34
대전 둔산 호텔 위슬리 앤 버번,5,너무 좋았어용 최고 다음에 또 오고 싶어요,2024.05.26,"29,700",대전광역시 서구 둔산로65번길 34
대전 둔산 호텔 위슬리 앤 버번,4,시설도 깨끗하고 조용한 편이며 잘 쉬고 갑니다.,2024.05.26,"29,700",대전광역시 서구 둔산로65번길 34
대전 둔산 호텔 위슬리 앤 버번,5,벌레 있긴했는데 가격싸고 괜찮은것같아요,2024.05.26,"29,700",대전광역시 서구 둔산로65번길 34
대전 둔산 호텔 위슬리 앤 버번,5,청결하고 따뜻해서 좋았습니다,2024.05.24,"29,700",대전광역시 서구 둔산로65번길 34
대전 둔산 호텔 위슬리 앤 버번,5,"대전에서 제일 좋은 숙박시설!
깔끔해서 모텔 느낌 안남",2024.05.21,"29,700",대전광역시 서구 둔산로65번길 34
대전 둔산 호텔 위슬리 앤 버번,5,이번 주말에 잘 쉬고갑니다…! 😊 다음에도 또 이용하겠습니다~,2024.05.20,"29,700",대전광역시 서구 둔산로65번길 34
대전 둔산 호텔 위슬리 앤 버번,5,친절하고 좋았습니다 다음에 또 방문할게용,2024.05.20,"29,700",대전광역시 서구 둔산로65번길 34
대전 둔산 호텔 위슬리 앤 버번,5,완조니뎁 너무 맘에 들어서 다음에 또 올듯요 컴터 없는것만 조큼 아쉬움,2024.05.19,"29,700",대전광역시 서구 둔산로65번길 34
대전 둔산 호텔 위슬리 앤 버번,5,깨끗하고 편하게 잘 쉬다 갑니다 ㅎ,2024.05.18,"29,700",대전광역시 서구 둔산로65번길 34
대전 둔산 호텔 위슬리 앤 버번,5,"친절하시고 방도 깨끗하고 넘 좋아요 ㅎㅎ 
둔산동이라 더 좋습니당 !!",2024.05.17,"29,700",대전광역시 서구 둔산로65번길 34
대전 둔산 호텔 위슬리 앤 버번,5,"시설도 깨끗하고
직원분도 친절하셨고
만족합니다",2024.05.16,"29,700",대전광역시 서구 둔산로65번길 34
대전 둔산 호텔 위슬리 앤 버번,5,ㅇㅇㅇㅇㅇㅇㅇㅇㅇㅇ,2024.05.15,"29,700",대전광역시 서구 둔산로65번길 34
대전 둔산 호텔 위슬리 앤 버번,4,친절하고 깨끗하고 좋습니다,2024.05.15,"29,700",대전광역시 서구 둔산로65번길 34
대전 둔산 호텔 위슬리 앤 버번,5,넘 친절하고 깨끗하고 담에 재방문 있습니당,2024.05.14,"29,700",대전광역시 서구 둔산로65번길 34
대전 둔산 호텔 위슬리 앤 버번,5,너무 좋아요 또 갈게요,2024.05.13,"29,700",대전광역시 서구 둔산로65번길 34
대전 둔산 호텔 위슬리 앤 버번,5,남자직원분도 너무 친절하시고 방상태도 너무 좋고 넓었어요~👍,2024.05.13,"29,700",대전광역시 서구 둔산로65번길 34
대전 둔산 호텔 위슬리 앤 버번,5,여기만 다닐려고요 너무 쾌적하고 시설 위치 다 좋았습니다.,2024.05.12,"29,700",대전광역시 서구 둔산로65번길 34
대전 둔산 호텔 위슬리 앤 버번,5,아주깨끗하고 좋았습니다,2024.05.11,"29,700",대전광역시 서구 둔산로65번길 34
대전 둔산 호텔 위슬리 앤 버번,5,기존 리모델링 전부터 출장가면 항상 묵는곳인데 리모델링 하시고 완전 좋아졌어요,2024.05.10,"29,700",대전광역시 서구 둔산로65번길 34
대전 둔산 호텔 위슬리 앤 버번,5,깨끗해요 잘 이용했어요,2024.05.10,"29,700",대전광역시 서구 둔산로65번길 34
대전 둔산 호텔 위슬리 앤 버번,5,다음애도 이용항것같은 곳,2024.05.07,"29,700",대전광역시 서구 둔산로65번길 34
대전 둔산 호텔 위슬리 앤 버번,5,깨끗하고 좋아요오오,2024.05.07,"29,700",대전광역시 서구 둔산로65번길 34
대전 둔산 호텔 위슬리 앤 버번,5,직원들이 친절하고 깔끔했습니다,2024.05.07,"29,700",대전광역시 서구 둔산로65번길 34
대전 둔산 호텔 위슬리 앤 버번,5,시설이 깨끗해서 좋았어요,2024.05.05,"29,700",대전광역시 서구 둔산로65번길 34
대전 둔산 호텔 위슬리 앤 버번,5,너무 만족했습니다.,2024.05.05,"29,700",대전광역시 서구 둔산로65번길 34
대전 둔산 호텔 위슬리 앤 버번,5,완존 감사합니더.....,2024.05.03,"29,700",대전광역시 서구 둔산로65번길 34
대전 둔산 호텔 위슬리 앤 버번,5,청결도랑 서비스가 너무 맘에 들어요 ㅎㅎ,2024.05.03,"29,700",대전광역시 서구 둔산로65번길 34
대전 둔산 호텔 위슬리 앤 버번,3,"새건물 냄새가 아직 많이 나요
시설은 깔끔하고,
신분증 검사 빡세요",2024.05.03,"29,700",대전광역시 서구 둔산로65번길 34
대전 둔산 호텔 위슬리 앤 버번,5,신축이라 깨끗하고 편했습니다,2024.05.01,"29,700",대전광역시 서구 둔산로65번길 34
대전 둔산 호텔 위슬리 앤 버번,5,직원분들 친절하시고 돌발상황에 대한 연락이나 대처도 잘해주셨습니다.,2024.05.01,"29,700",대전광역시 서구 둔산로65번길 34
대전 둔산 호텔 위슬리 앤 버번,5,수압 약한 편 빼고는 만족합니다,2024.04.30,"29,700",대전광역시 서구 둔산로65번길 34
대전 둔산 호텔 위슬리 앤 버번,4,다 좋았는데.. 배관 터져서 찬물밖에 안나와서 너무 아쉬웠습니다..,2024.04.29,"29,700",대전광역시 서구 둔산로65번길 34
대전 둔산 호텔 위슬리 앤 버번,5,깻긋하고 좋았어요 굿,2024.04.29,"29,700",대전광역시 서구 둔산로65번길 34
대전 둔산 호텔 위슬리 앤 버번,4,"친절하시고 방도 괜찮았어요!
근데 샤워기 물줄기가 너무 쌔서 살에 닿을 때 좀 아팠어요",2024.04.28,"29,700",대전광역시 서구 둔산로65번길 34
대전 둔산 호텔 위슬리 앤 버번,5,전체적으로 깔끔하고 만족스러웠습니다.,2024.04.27,"29,700",대전광역시 서구 둔산로65번길 34
대전 둔산 호텔 위슬리 앤 버번,3,"사장님 친절 하십니다. 
방음이 좀 ㅠ 아쉬워요",2024.04.24,"29,700",대전광역시 서구 둔산로65번길 34
대전 둔산 호텔 위슬리 앤 버번,5,깔끔 친절 시설 좋아요,2024.04.21,"29,700",대전광역시 서구 둔산로65번길 34
