hotel,star,review,date,price,address
대전 호텔 룩,5,게임하기 최적이네요,2024.10.22,"80,000",대전광역시 동구 한밭대로 1316-16
대전 호텔 룩,5,객실도 조용하고 컴이 두개라 펹리합니다,2024.10.14,"80,000",대전광역시 동구 한밭대로 1316-16
대전 호텔 룩,4,주차가 조금 불편합니다.,2024.07.30,"80,000",대전광역시 동구 한밭대로 1316-16
대전 호텔 룩,5,"기대이상 만적하고 편히
쉬다갑니다",2024.05.13,"80,000",대전광역시 동구 한밭대로 1316-16
대전 호텔 룩,5,기대이상 깔끔 하고 좋습니다,2024.05.13,"80,000",대전광역시 동구 한밭대로 1316-16
대전 호텔 룩,5,새로 가본 곳인데 좋았습니대,2024.04.05,"80,000",대전광역시 동구 한밭대로 1316-16
대전 호텔 룩,4,생각했던 것보다 쾌적했고 좋았습니다. 사진과 비슷하게 깨끗했구요 다만 흡연냄새가 종종 느껴졌습니다. 애너미티도 괜찮았습니다. 비지니스용으로 한번 잔다면 괜찮을것 같습니다.,2023.06.19,"80,000",대전광역시 동구 한밭대로 1316-16
대전 호텔 룩,1,"본집이 보일러가 터져서 집이랑 가까워서 이용했습니다 아이들 두명 포함하니깐 이 호텔만 숙박이 가능하더라구요 
일단 추가요금 1만원 지불했습니다 정확한 정책은 안읽어서 몰라요 그거 다읽는 사람 있는지도 모르겠고 기분상하기 싫어서 그냥 이체해드리고 입실했는데 입구 들어가면서부터 담배쩐내가 엄청 심합니다 청소상태도 먼지덩어리 굴러다니고 방도 엄청추워요 난방을 최소한으로 해주는거 같더군요
다시는 가고싶지 않습니다 최악이에요",2023.01.28,"80,000",대전광역시 동구 한밭대로 1316-16
대전 호텔 룩,5,나쁘지않고 좋았어요,2023.01.06,"80,000",대전광역시 동구 한밭대로 1316-16
대전 호텔 룩,5,조아용용 굿,2022.11.16,"80,000",대전광역시 동구 한밭대로 1316-16
대전 호텔 룩,5,"만족스럽습니다
출장갈때 여기로정할거같애요
깔끔하고좋아요",2022.10.27,"80,000",대전광역시 동구 한밭대로 1316-16
대전 호텔 룩,5,애기들데리고 늦게갔는데 배려해주시고 너무 감사했어요 최고,2022.09.16,"80,000",대전광역시 동구 한밭대로 1316-16
대전 호텔 룩,2,"위치는 좋으나 나머지가 다 별로
 깨끗하지도 않고 화장실에 찬물밖에 안나오고 배그pc라 써놓고 그래픽카드가 gt730??ㅋㅋㅋㅋㅋ 엄청 렉걸림. 변기에 휴지도 이상한거 놔두고... 샤워기는 또 커버다 벗겨져 있어요...",2022.09.01,"80,000",대전광역시 동구 한밭대로 1316-16
대전 호텔 룩,4,터미널 근처 숙소에요.,2022.09.01,"80,000",대전광역시 동구 한밭대로 1316-16
대전 호텔 룩,1,"숙박으로 3명 추가 요금 냈는데 처음에 이불을 안주신다고 하더군요...
계속 달라고 하니 주시긴 했는데 이불에 토를 하거나 더럽히면 청구 할꺼라고 뭐라 하셔서 기분이 좋지 않았네요.
노래방 이용은 안했지만 마이크도 없더군요.
다시는 오고싶지 않습니다.",2022.08.29,"80,000",대전광역시 동구 한밭대로 1316-16
대전 호텔 룩,5,"가격대비 좋았는데 아이들 비용을 받지 않으셔서
ㅜㅜ 좋았습니다",2022.08.24,"80,000",대전광역시 동구 한밭대로 1316-16
대전 호텔 룩,3,담배냄새나고 시트는 머가 묻어있고 컴퓨터는 버벅대고 별루였음~,2022.08.04,"80,000",대전광역시 동구 한밭대로 1316-16
대전 호텔 룩,4,시설도 좋고 한데 수건이 너무적게 비치된거 빼고는 괜찮아요,2022.07.05,"80,000",대전광역시 동구 한밭대로 1316-16
대전 호텔 룩,5,깔끙하고 좋았습니다.,2022.04.16,"80,000",대전광역시 동구 한밭대로 1316-16
대전 호텔 룩,5,시설 좋습니다,2022.04.11,"80,000",대전광역시 동구 한밭대로 1316-16
대전 호텔 룩,3,적당합니다 냉장고 소음때문에 냉장고는 못 썼어요,2022.03.28,"80,000",대전광역시 동구 한밭대로 1316-16
대전 호텔 룩,5,친절하시고 방도 깨끗하고 좋았습니다,2022.03.21,"80,000",대전광역시 동구 한밭대로 1316-16
대전 호텔 룩,4,잘쉬다갑니다,2022.03.01,"80,000",대전광역시 동구 한밭대로 1316-16
대전 호텔 룩,3,"방 냉장고에 누군가 먹고 남긴... 흔적이 있었어요.
노래방 기계 최신곡이.... 2020년 3월에 멈춰있었어요.... 이거만 제외하면 괜찮았어요.",2022.02.23,"80,000",대전광역시 동구 한밭대로 1316-16
대전 호텔 룩,5,너무 친절하고 편의시설(1층) 커피머신과 라면도 끓여먹을수 있어요,2022.02.14,"80,000",대전광역시 동구 한밭대로 1316-16
대전 호텔 룩,5,적당합니다,2021.12.27,"80,000",대전광역시 동구 한밭대로 1316-16
대전 호텔 룩,5,좋아요 👍🏻👍🏻👍🏻👍🏻,2021.12.10,"80,000",대전광역시 동구 한밭대로 1316-16
대전 호텔 룩,5,우연히 대전에서 1박을 하게되었는데 좋아요,2021.11.22,"80,000",대전광역시 동구 한밭대로 1316-16
대전 호텔 룩,5,금연룸이었는데 담배냄새가 좀 납니다 연박했는데 청소는 따로 요청해야합니다 깨끗하고 위치좋습니다 편하게 쉬다가 갑니다,2021.10.11,"80,000",대전광역시 동구 한밭대로 1316-16
대전 호텔 룩,5,깨끗해요 ~!,2021.09.05,"80,000",대전광역시 동구 한밭대로 1316-16
대전 호텔 룩,5,깔끔하고 좋네요,2021.08.26,"80,000",대전광역시 동구 한밭대로 1316-16
대전 호텔 룩,5,"사장님 엄청 친절하시고,좋았습니다!",2021.06.14,"80,000",대전광역시 동구 한밭대로 1316-16
대전 호텔 룩,5,깔끔하네요,2021.06.14,"80,000",대전광역시 동구 한밭대로 1316-16
대전 호텔 룩,5,직원분 정말 친절하시구요 너무나 편하게 잘 쉬다 갑니다,2021.06.12,"80,000",대전광역시 동구 한밭대로 1316-16
대전 호텔 룩,5,직원분 너무 친절하시구요 정말 편하게 잘 쉬다왔습니다,2021.06.12,"80,000",대전광역시 동구 한밭대로 1316-16
대전 호텔 룩,5,아주 좋아요,2021.04.16,"80,000",대전광역시 동구 한밭대로 1316-16
대전 호텔 룩,5,안마의자실 너무 좋았어요 잘 쉬고 갑니다.,2021.02.20,"80,000",대전광역시 동구 한밭대로 1316-16
대전 호텔 룩,4,잘놀다가갑니다~,2020.12.14,"80,000",대전광역시 동구 한밭대로 1316-16
대전 호텔 룩,5,수압이 약해요...ㅜㅠ,2020.11.30,"80,000",대전광역시 동구 한밭대로 1316-16
대전 호텔 룩,5,"객실이 깨끗하고 직원분들 친절함이 좋았습니다.
6명이서 잤는데 충분한 객실 이었습니다.
친구들과 좋은 추억 만들고 갑니다 ㅎ",2020.11.14,"80,000",대전광역시 동구 한밭대로 1316-16
대전 호텔 룩,1,최악이다 ㅎ,2020.11.13,"80,000",대전광역시 동구 한밭대로 1316-16
대전 호텔 룩,4,무난하니 가성비 대비 묵을만 했습니다..! 터미널이랑 가까워서 좋아요^^,2020.11.13,"80,000",대전광역시 동구 한밭대로 1316-16
대전 호텔 룩,5,데스크에 계신 사장님이 너무 친절하고 좋습니다....새벽 늦게 전화드렸는데도 친절하게 받아주시구 방도 생각보다 넓고 노래방도 재밌었어요! 와인 냉장고도 있어서 잘 사용했습니다~ 화장실두 깨끗하고 넘 좋았어요! 8명이 모여서 놀았는데도 충분한 넓이였습니다!,2020.11.08,"80,000",대전광역시 동구 한밭대로 1316-16
대전 호텔 룩,5,좋아요!!,2020.10.31,"80,000",대전광역시 동구 한밭대로 1316-16
대전 호텔 룩,5,방도 아늑하고 깨끗하고 게임도 잘되서 너무 좋았습니당,2020.10.06,"80,000",대전광역시 동구 한밭대로 1316-16
대전 호텔 룩,2,"우선 청소불량.
변기에 오줌얼룩이 그대로.
뜨거운 물 부어 소독해서 썼음.

바닥 얼룩에 먼지 들러붙어 굳은지 오래되보임.
가구며 비품에 먼지 뽀얌.

침구 수건 락스 냄새 지독.
에어컨 약하고 조절기능 고장.
환기하려고 창문열면 찻길이라 시끄러움.

옆방서 젊은이들이 친구들과 모여 새벽까지 떠들면서 놈.

결과적으로 두시간 잠.

조식은 편의점 도시락 줌.",2020.08.08,"80,000",대전광역시 동구 한밭대로 1316-16
대전 호텔 룩,5,물이 좀 차가웠다 뜨거웠다 했습니다ㅠ 지난번 방이 더 좋았지만 직원분은 늘 친절해서 좋습니다ㅎ,2020.07.12,"80,000",대전광역시 동구 한밭대로 1316-16
대전 호텔 룩,2,좋아요 여기ㅋ 깨끗해요,2020.06.12,"80,000",대전광역시 동구 한밭대로 1316-16
대전 호텔 룩,5,사장님이 너무 친절하고 깔끔하고 냄새도 안 나요,2020.06.06,"80,000",대전광역시 동구 한밭대로 1316-16
대전 호텔 룩,5,너무 좋았습니다 최고!!,2020.05.11,"80,000",대전광역시 동구 한밭대로 1316-16
대전 호텔 룩,5,깔끔하고 좋아요,2020.05.03,"80,000",대전광역시 동구 한밭대로 1316-16
대전 호텔 룩,5,너무 깔끔하고 좋았습니다,2020.04.28,"80,000",대전광역시 동구 한밭대로 1316-16
대전 호텔 룩,5,너무 깔끔하고 좋았습니다,2020.04.28,"80,000",대전광역시 동구 한밭대로 1316-16
대전 호텔 룩,5,깨끗하고 좋았습니다,2020.04.13,"80,000",대전광역시 동구 한밭대로 1316-16
대전 호텔 룩,4,늦은 퇴실이 맘에 듬.,2020.04.03,"80,000",대전광역시 동구 한밭대로 1316-16
대전 호텔 룩,5,아주좋아욧,2020.03.23,"80,000",대전광역시 동구 한밭대로 1316-16
대전 호텔 룩,5,깔끔하고좋았어요,2020.03.18,"80,000",대전광역시 동구 한밭대로 1316-16
대전 호텔 룩,5,좋아요아주,2020.01.21,"80,000",대전광역시 동구 한밭대로 1316-16
대전 호텔 룩,3,저녁 늦게 윗층에서 쿵쿵 거려서 조금 시끄러웠습니다,2019.11.11,"80,000",대전광역시 동구 한밭대로 1316-16
대전 호텔 룩,5,새로 오픈한 호텔이라 깔끔하고 깨끗합니다. 화장실도 마음에 들어요. 다음에도 또 이용하고 싶은 곳입니다~,2019.11.03,"80,000",대전광역시 동구 한밭대로 1316-16
대전 호텔 룩,5,"내부 시설이 깨끗하고, 침대 매트리스가 편안해서 좋았습니다.",2019.08.14,"80,000",대전광역시 동구 한밭대로 1316-16
대전 호텔 룩,4,너무 좋아요,2019.08.12,"80,000",대전광역시 동구 한밭대로 1316-16
대전 호텔 룩,4,잘 쉬다 갑니다,2019.08.10,"80,000",대전광역시 동구 한밭대로 1316-16
대전 호텔 룩,5,편히 쉬다 갑니다!!,2019.07.05,"80,000",대전광역시 동구 한밭대로 1316-16
대전 호텔 룩,5,"여러군델 가밧지만 가격이 싼거치곤 시설이며 서비스며 좋았음
한가지 아쉬웟던건 샴프가 한번짜면 두번짼 잘 안 짜진다는..
다른건 잘 짜지는데...
그 왼 전체적으로 맘에 들엇음~
담에 또 이쪽 동네로 오게되면 또 오고싶다!",2019.07.05,"80,000",대전광역시 동구 한밭대로 1316-16
대전 호텔 룩,5,교통이 매우,2019.07.02,"80,000",대전광역시 동구 한밭대로 1316-16
대전 호텔 룩,5,"새로생긴 깔끔한 모텔같아요! 원래 후기 잘 읽어보고 고민하고 예약해서 가는편인데, 이날은 진짜 갑자기 모텔에서 자야해서 알아봤는데 다른곳은 다 마감...그러다가 우연히 간곳인데 좋았어요ㅎㅎㅎ모텔도 깔끔하고 컴퓨터는 한대는 모니터가 나중에 고장나긴했는데...그래도 술롤도 하고ㅋㅋㅋ아 욕조가 이쁘고 깔끔했어요! 혹시 거품목욕 좋아하신다면 추천해드립니다♡(카운터에서 버블욕조제 파는듯요!) 아무튼 잘 묶다갑니당ㅎㅎㅎ그리고 26살인데 민증검사해주셔서 감사합니다♡♡♡기분 좋네욬ㅋㅋㅋㄲㅋㅋ",2019.06.28,"80,000",대전광역시 동구 한밭대로 1316-16
대전 호텔 룩,5,좋아요오오옹,2019.06.23,"80,000",대전광역시 동구 한밭대로 1316-16
대전 호텔 룩,1,소음이 너무심하고 시설이 낙후,2019.05.21,"80,000",대전광역시 동구 한밭대로 1316-16
대전 호텔 룩,3,호텔인줄 알았지만 오래된 모텔,2019.05.18,"80,000",대전광역시 동구 한밭대로 1316-16
대전 호텔 룩,5,"진짜 너무 좋음
일단 청결 친절은 기본
피씨방온것처럼 투컴에 키보드도짱이고 
1층에 아이스크림 커피 아이스티등등있고
메니큐어 향수 고객이쓰도록되있고
물4개 음료4개있고
스파있고 입욕제에
비품세서하게다챙겨져있고
위치좋고
디자인도이쁘고
가족끼리왛ㅇ는데 괜찮았고
그냥 모든게 최고 ㅇ
대전놀러왔는데 내가대전사람이면 맨날올듯
침대푹신하고
지금까지 가본 타지 숙소중에 가장 맘에들었음
이런거 남기는성격이 아닌데 넘나좋아서 안ㄴㅏㅁ길수없었음
최고",2019.05.05,"80,000",대전광역시 동구 한밭대로 1316-16
대전 호텔 룩,5,룩 항상 깔끔하고 좋아요 ㅎㅎ,2019.04.30,"80,000",대전광역시 동구 한밭대로 1316-16
대전 호텔 룩,5,룩 항상 너무 좋아요 ^.^,2019.04.25,"80,000",대전광역시 동구 한밭대로 1316-16
대전 호텔 룩,3,주차공간이 좀 협소하지만 대중교통등 이용하기엔 위치가 좋고 편의 시설도 잘 되어 있는데 한가지 아쉬운 점은 청소 상태가 별로예요.외국사람이라 그런지 구석구석 먼지가 많아요.그점만 해결된다면 좋아요,2019.04.25,"80,000",대전광역시 동구 한밭대로 1316-16
대전 호텔 룩,3,"서비스,친절도 완젼좋아요",2019.04.17,"80,000",대전광역시 동구 한밭대로 1316-16
대전 호텔 룩,2,사진으론 훨씬 좋아보였는데 사진에 나온 장소랑 다른 곳 같았어요 그래도 나쁘진 않은 것 같습니다,2019.03.12,"80,000",대전광역시 동구 한밭대로 1316-16
대전 호텔 룩,5,"스타일러가 있어서 좋았고 깔끔해서 좋았습니다
직원분 도 친절하세요",2019.03.05,"80,000",대전광역시 동구 한밭대로 1316-16
대전 호텔 룩,5,되게 넓고 안마의자도 있어서 피로풀기엔 딱이엇던 것 같아요,2019.03.02,"80,000",대전광역시 동구 한밭대로 1316-16
대전 호텔 룩,5,대전복합터미널이랑 정말 가까워서 접근성 굳이고! 트윈 사용했는데 가격도 다른 호텔에 비해 저렴! 추가인원비용도 저렴! 편의점도 바로 앞에 있고 너무너무 좋았어용ㅠㅠ 사장님도 친절하시고 드라이기만 있을줄 알았는데 고데기도 있어서 완전 감동ㅠㅠ 글고 와안전 따듯해서 찜질방인줄 알았어용ㅎㅎ 잘 묵고 갑니당!!,2019.03.01,"80,000",대전광역시 동구 한밭대로 1316-16
대전 호텔 룩,3,"호텔? No, 모텔",2019.02.28,"80,000",대전광역시 동구 한밭대로 1316-16
대전 호텔 룩,4,전체적으로 만족스럽습니다. 터미널이랑 위치도 가깝습니다.,2019.02.28,"80,000",대전광역시 동구 한밭대로 1316-16
대전 호텔 룩,5,시설도 깨끗하고 좋은 편이네여,2019.01.20,"80,000",대전광역시 동구 한밭대로 1316-16
대전 호텔 룩,5,사장님도 너무 친절 하시고 좋았어요,2019.01.19,"80,000",대전광역시 동구 한밭대로 1316-16
대전 호텔 룩,5,교토미 ㅂ견,2019.01.14,"80,000",대전광역시 동구 한밭대로 1316-16
대전 호텔 룩,5,접근성 이,2019.01.09,"80,000",대전광역시 동구 한밭대로 1316-16
대전 호텔 룩,5,최고입니다,2019.01.09,"80,000",대전광역시 동구 한밭대로 1316-16
대전 호텔 룩,5,"난방해달랬더니 해주지도 않음 
불친절 한거 같아요 
서비스 정신이 부족한듯.",2019.01.06,"80,000",대전광역시 동구 한밭대로 1316-16
대전 호텔 룩,5,지내기 나쁘지 않아요,2019.01.01,"80,000",대전광역시 동구 한밭대로 1316-16
대전 호텔 룩,5,바닥은 너무 차가웠는데 온수 매트가있어서 좋았어요 가성비 좋습니다 ㅎㅎ,2018.12.23,"80,000",대전광역시 동구 한밭대로 1316-16
대전 호텔 룩,5,추가요금도 다른곳에 비해 저렴하고 저희는 특실트윈 3명이용했고요 다만 겨울이라 상관없었는데 방충망 여름되기전에 바꾸셔야될거같아요 다뜯어졌더라구요.. 추가로 주신 가운은 좀 더러웠어요 ㅠㅠ 그거말곤 다 좋았습니다,2018.12.22,"80,000",대전광역시 동구 한밭대로 1316-16
대전 호텔 룩,2,생각보다 별로에요 너무 춥고 더러워요,2018.12.12,"80,000",대전광역시 동구 한밭대로 1316-16
대전 호텔 룩,5,깨끗하고좋아요,2018.12.09,"80,000",대전광역시 동구 한밭대로 1316-16
대전 호텔 룩,5,짱 좋앗어요,2018.12.05,"80,000",대전광역시 동구 한밭대로 1316-16
대전 호텔 룩,5,서비스 청결 시설 교통 다좋아요,2018.11.20,"80,000",대전광역시 동구 한밭대로 1316-16
대전 호텔 룩,5,매우 좋아요,2018.11.10,"80,000",대전광역시 동구 한밭대로 1316-16
대전 호텔 룩,5,"사장님도 친절하시고 평일이라서 시간도 많이 주셔서 감사합니다! 샤워시설도 좋아요
영화도 많아서 좋았습니당",2018.11.09,"80,000",대전광역시 동구 한밭대로 1316-16
대전 호텔 룩,5,시설좋고 쾌적하ㅂ니다.,2018.11.09,"80,000",대전광역시 동구 한밭대로 1316-16
대전 호텔 룩,5,호텔이 아니고 모텔이네요?,2018.11.04,"80,000",대전광역시 동구 한밭대로 1316-16
대전 호텔 룩,5,되게 깔끔하고 좋았어요!!!재이용할거에요!!,2018.11.02,"80,000",대전광역시 동구 한밭대로 1316-16
대전 호텔 룩,5,아주 좋아요. 샤워꼭지가 조금 새긴했지만...,2018.10.30,"80,000",대전광역시 동구 한밭대로 1316-16
대전 호텔 룩,5,최고의 시설과 휴식공간,2018.10.29,"80,000",대전광역시 동구 한밭대로 1316-16
대전 호텔 룩,5,ㅋㅋㅎㅋㅋ,2018.10.13,"80,000",대전광역시 동구 한밭대로 1316-16
대전 호텔 룩,5,나쁘지 않습니다.,2018.10.03,"80,000",대전광역시 동구 한밭대로 1316-16
대전 호텔 룩,5,"시내라서 접근성도 좋고, 서비스도 좋았습니다.",2018.09.20,"80,000",대전광역시 동구 한밭대로 1316-16
