hotel,star,review,date,price,address
호텔 디에디션,5,"침대 푹신하고
어딘가에서 떠들면 들리긴하는데 크게 거슬리는 소음 없어요!
무인이긴한데 프론트에 직원 항상 계셨고 상당히 친절하셨습니다
추천!!",2024. 11. 13,"200,000",대전광역시 서구 둔산남로91번길 13
호텔 디에디션,5,"일단 위치가 기가 멕힘! 
대전 시가지 한가운데 있으니 어디든 가기가 좋았다. 
호텔 건물이 겉보기엔 언뜻 비즈니스 호텔 같이 생겼지만 내부는 충분히 가족여행용 숙소로 부족함이 없었다.
로비 직원분들도 친절하고 응대도 좋았다.
이번이 두번째 방문인데 올때마다 호텔 지하 주차장은 항상 만차였고 호텔 뒷편에 야외주차장에 주차했다.
넓고 주자 간격도 적당해서 오히려 주차하기 편했다.
우리 가족 모두 대 만족 이었다.",2024.10.02,"200,000",대전광역시 서구 둔산남로91번길 13
호텔 디에디션,5,"12월에 투숙하고 좋아서 재방문했습니다! 

🅿️ 주차
호텔 예약이 완료되면 문자로 주차 안내를 친절하게 해주세요. 호텔 지하, 호텔 뒤편 주차장, 대로변 공영주차장 및 시청 주차장 등 주차할 곳이 많습니다. 두 번의 방문 모두 금요일 저녁 늦게 체크인을 하게 돼서 늘 만차라 근처 대로변 공영주차장에 했어요. 

📍시설&편의
주변에 음식점과 카페가 많아서 차를 두고 다녀도 좋은 위치에 있습니다. 호텔 1층에도 베이커리 카페가 있어서 찾기 쉬워요. 키오스크로 체크인도 할 수 있고, 조식 먹는 곳과 헬스장도 2층에 있어서 비즈니스 차원에서 방문하는 분들이 와도 좋을 거 같았어요.

🛌 숙소&객실 청결도
첫 방문에서는 스탠다드 더블룸이었고, 이번엔 할리우드 킹이었어요. 다른 점은 침대 사이즈와 데스크, 쇼파의 유무였습니다. 호텔 예약 시 사진에서도 확인할 수 있어요. 개인적으로 더블룸의 구성(데스크와 쇼파)이 더 편했던 거 같아요! 객실은 전체적으로 깔끔했으나 화장실에 미처 정리되지 않은 머리카락과 베딩에 검은 먼지들?이 많이 붙어 있어서 아쉬웠습니다. 그러나 찝찝할 정도가 아니라 괜찮았어요. 무엇보다 바닥이 카펫이 아니라 마루인 게 좋아요.

🙆🏻‍♀️ 서비스&친절도
드라이기를 사용하다가 바닥에 떨어뜨려 고장이 나서 로비에 전화를 드렸습니다. 직원분께서 제일 먼저 다치신 곳은 없는지, 혹시 새 드라이기가 필요한지 물어봐 주셔서 감사했습니다. 이후 보상에 대한 안내도 해주시고, 다른 불편한 점은 없었는지 체크해 주셔서 인상 깊었습니다! 체크인/체크아웃 할 때도 직원분께서 친절하게 응대해주셨습니다.

내돈내산 후기였구요, 다음에도 방문할 의사가 있습니다.",2024.03.04,"200,000",대전광역시 서구 둔산남로91번길 13
호텔 디에디션,5,"쪼아요 3연박함 

친절함
깨끗함
수압 굿, 물 잘 빠지고 금방 마름
단점은 그만큼 겨울엔 살짝 건조함
그래도 객실 창 크고 문 쉽게 여닫을 수 있음
냉장고 작음 냉동 불가
1층 카페 아아 절라 마싯음 맨날 사먹음
헬스장 생각보다 시설 굿

다음에 또 일주일씩 묵고싶다 헉헉",2023.12.29,"200,000",대전광역시 서구 둔산남로91번길 13
호텔 디에디션,5,"장점
- 객실 깔끔하고 직원 친절합니다.
- 번화가 중심에 위치해서 술한잔 하거나 밥먹기 좋습니다.
- 어매니티 다 있어서 가져갈 것 없습니다.
- 조식 맛있습니다.
- 외부 2중창 방음 잘 됩니다.
- 주차 편리합니다.
- 화장실 생각만큼 좁지 않습니다.
- TV 큼직합니다.
- 호텔 시설이 전반적으로 깔끔합니다.

단점
- 휴대폰 충전기 없습니다.
- 화장실에서 꿉꿉한 냄새납니다.
- 층간소음 있습니다.",2024.02.29,"200,000",대전광역시 서구 둔산남로91번길 13
호텔 디에디션,5,"로비부터 너무 깔끔하고, 침대도 크고 너무 편하고 컨디션이 쾌적하니 좋아서 잠을 잘 잤어요!
2층에 헬스장도 있어서 운동 좋아하시면 가볼만 해요!
친구랑 밥먹고 운동하고 영화보고 자니 아주 만족스런 대전여행이였습니다.",2024.10.10,"200,000",대전광역시 서구 둔산남로91번길 13
호텔 디에디션,5,"시설도 너무 깨끗하고 ott도 다양하게 즐길수 있어서 너무 좋았어요
전날은 근처에서 영화관람하고 스파게티 맛집 이용했고여. 영화 관람후 근처 삼겹 맛집에서 술한잔했습니다. 다음날 아침은 칼국수 맛집에 오픈런했구여ㅎ 주차공간이 협소하여 기다리는데 고생스러웠지만 다음에 또 이용할예정이예요~^^",2024.07.30,"200,000",대전광역시 서구 둔산남로91번길 13
호텔 디에디션,5,호텔 위치가 번화가에 있어 식당가 접근성이 좋고 엄청 깨끗하고. 셀프체크인으로 방문후 바로 키수령 가능함 담에 또 교육오면 예약 예정임,2024.07.12,"200,000",대전광역시 서구 둔산남로91번길 13
호텔 디에디션,5,호텔 위치가 번화가에 있어 식당가 접근성이 좋고 엄청 깨끗하고. 셀프체크인으로 방문후 바로 키수령 가능함 담에 또 교육오면 예약 예정임,2024.07.12,"200,000",대전광역시 서구 둔산남로91번길 13
호텔 디에디션,5,여기 좋다~~지하주차장은 자리가 부족했지만 야외주차장이 있어 다행이었다.매우 추운날 이었지만 단열이 잘되어있어 따뜻한 객실에서 잘 쉬었다. 친절한 직원분들은 최고!! 아침은 평범,2023.12.18,"200,000",대전광역시 서구 둔산남로91번길 13
호텔 디에디션,5,"지하주차장 너무 협소하였지만 지상 옥외 주차장 있었고, 객실도 청결하였습니다~ 다음에 출장가면 또 이용할 의사 있습니다~",2024.10.02,"200,000",대전광역시 서구 둔산남로91번길 13
호텔 디에디션,5,"가격대비 정말 좋았어요!! 모텔 갈바에 돈 조금 더 내고 여기 가는게 훨씬 좋아요 엄청 고급지고 헬스장도 있고 친절하시고 청소해주시는 이모님들도 친절하시고 조식도 엄청 맛있어요!!
프런트 직원분들도 너무 친절하세요! 
진짜 너무 고급스러워요",2024.01.02,"200,000",대전광역시 서구 둔산남로91번길 13
호텔 디에디션,5,"주차장도 외부 주차장 쓸 수 있어서 좋고, 조식이 매우 훌륭 했습니다.

방음도 잘 되는것 같구요, 다만 샤워실이 조금 좁은게 아쉽네요.

전체적으로는 만족합니다.",2024.10.02,"200,000",대전광역시 서구 둔산남로91번길 13
호텔 디에디션,4,"샤워 공간이 좀 좁긴 했지만 쇼파와 테이블, 책상도 있어서 마음에 들었어용 다만 침구에 까만 먼지가 많아서 가지고 간 테이프로 정리하고 누웠습니당",2024.01.04,"200,000",대전광역시 서구 둔산남로91번길 13
호텔 디에디션,5,숙소 정말 깨끗하고 좋아요~! 저는 조식도 개인적으로 너무 잘먹었습니다 ㅎㅎ (객실에 유튜브나 넷플은 케이블을 따로 대여해야합니다 체크인시 미리 가져가세용~ ),2024.06.11,"200,000",대전광역시 서구 둔산남로91번길 13
호텔 디에디션,5,진짜 좋았어요 ㅠㅠ ❤️ 대만족!! 위치도 좋고 방도 넓고 스타일러도 있고 !!! 조금 아쉬운 점은 화장실이 좁고 클렌징폼이나 칫솔 같은 어메니티가 없어서 따로 챙겨가야해요 !(물론 법이 바뀌어서 그렇지만 ㅠㅠ),2024.06.10,"200,000",대전광역시 서구 둔산남로91번길 13
호텔 디에디션,5,여태껏 가본 숙소중에 제일 좋았어요~!! 다음에 또 이용하려구요 주차가 조금 어려운 거 빼면 최고입니다!!,2024.08.05,"200,000",대전광역시 서구 둔산남로91번길 13
호텔 디에디션,5,"시청, 지하철역옆 위치도 좋고 깔끔한데 화장실이 좁은것과 욕실 화장실전용 슬리퍼가 없이 맨발? 로 다녀야해요",2023.12.03,"200,000",대전광역시 서구 둔산남로91번길 13
호텔 디에디션,5,"너무 좋았어요!
사진 찍었어야 했는데 깜빡할 정도로 진짜 좋았구 따뜻하구 좋았어요! 기념일에 갔는데ㅎㅎ 다음에도 또 이용예정입니다 ㅎㅎ",2023.11.20,"200,000",대전광역시 서구 둔산남로91번길 13
호텔 디에디션,5,"가격은 좀 있었지만 깨끗하고 넓어 좋았어요.
1층에 베이커리가 있는 것도 마음에 드는 점이에요.",2024.09.30,"200,000",대전광역시 서구 둔산남로91번길 13
호텔 디에디션,5,아침에 캘니포니아 빵을 조식으로 내줘서 맛있게 먹었어요 카페가 1층에 같이 있어서 너무 좋습니다 객실은 조용하고 깨끗합니다 창문도 커서 좋구요 주차는 체크인시간에 가서 자리가 좀 있었는데 늦게가면 자리없어서 야외에 주차해야 될것같아요 위치도 시청역 바로 옆이라 좋습ㄹ더,2023.08.22,"200,000",대전광역시 서구 둔산남로91번길 13
호텔 디에디션,4,"가성비 괜찮구 생각했던 것보다 더 기대이상이었어요! 화장실은 좁았는데 하루이틀 머물거면 별로 신경 안 쓰일 거 같아용
오픈 이벤트로 조식 쿠폰 주셔서 이용했는데 종류는 많지는 않았던 것 같은데 맛은 맛있었어용
1층에 맛있는 빵집 있어서 너무 좋았고 잘 쉬었습니다~!",2023.05.08,"200,000",대전광역시 서구 둔산남로91번길 13
호텔 디에디션,5,진짜 너무 최고였어요 담배냄새 등 냄새에 민감한데 정말 공기도 쾌적하고 쉬기에 너무 좋았습니다. 룸 컨디션도 최고구 화장실도 생각보다 좁지 않아요 잘 쉬다 갑니다,2023.09.17,"200,000",대전광역시 서구 둔산남로91번길 13
호텔 디에디션,5,새로 생긴곳이어서 그런지 깨끗했고 시설도 좋았습니다. 방에 달려있는 티비가 스마트뷰를 지원해서 편하게 보고싶은거 봤습니다. 조식도 무난하니 괜찮았어요. 다음에 또 대전갈 일이 생기면 재방문하겠습니다.,2023.08.15,"200,000",대전광역시 서구 둔산남로91번길 13
호텔 디에디션,5,"숙소도 깨끗하고 직원분들도 친절하셔서 너무 좋았어요.
무엇보다 숙소 위치가 역근처이 주변에 편의시설이 많아서 푹 쉬기에 더할나위 없었어요.",2023.07.30,"200,000",대전광역시 서구 둔산남로91번길 13
호텔 디에디션,5,"주변에 먹을 것도 많고 편의점도 옆에 있어요!
아주 청결한 편이고 하나 아쉬운 점은 샤우ㅓ공간이 조금 협소해용",2023.05.16,"200,000",대전광역시 서구 둔산남로91번길 13
호텔 디에디션,4,되게 좋은데 침구가 먼지때매 조금 찐덕거리고 방 온도가 뭔가 편하지가 않았어요 그거 말곤 최고입니다~,2023.05.10,"200,000",대전광역시 서구 둔산남로91번길 13
호텔 디에디션,4,너무 깔끔해서 개인적으로는 만족감이 많이 높았습니다! 시설도 너무 좋았고요. 다만 화장실은 환풍기를 통해 들어오는 담배냄새가 좀 괴롭긴해서 그거 빼고는 좋았어요!!,2023.11.03,"200,000",대전광역시 서구 둔산남로91번길 13
호텔 디에디션,5,룸 턴디션은 최상이구 직원과 연락할 수 있는 탭이 있다는게 가장 만족스러웠어요! 제 기준 대전에서 상위권에 드는 숙소에요!!,2023.10.30,"200,000",대전광역시 서구 둔산남로91번길 13
호텔 디에디션,5,시청역에서도 가깝고 주변이 먹거리가 많아서 좋아요 룸컨디션도 깨끗하고 침실이랑 거실이 따로 분리되어있어서 좋고 스타일러도 있어서 편리하고 좋네요 직원부들도 모두 친절해요,2024.07.30,"200,000",대전광역시 서구 둔산남로91번길 13
호텔 디에디션,5,주차장도 지하랑 야외에 있고 직원분들 친절하시고 방컨디션도 좋고 주변에 식당도 다이소도 있어서 편했어요,2024.05.06,"200,000",대전광역시 서구 둔산남로91번길 13
호텔 디에디션,5,"생각보다 깨끗해서 너무 좋았어요~~
또 이용할 기회가 있음 당근 ~~주변에도 
적극 추천해줄 의향이 있습니다~
조식도 만족스러웠다고 하네요~~",2023.11.27,"200,000",대전광역시 서구 둔산남로91번길 13
호텔 디에디션,5,"역에서 조금 떨어져있지만 걸어서 가면 금방입니다! 조식도 맛있고, 1층에 카페가 있어서 좋았어요 ㅎㅎ 직원분들도 친절하십니다~",2023.07.19,"200,000",대전광역시 서구 둔산남로91번길 13
호텔 디에디션,5,청결하고 침대가 편해요. 화장실은 좀 좁은 편이지만 바닥이 카페트가 아니라서 좋아요. 조식 맛있어요!,2024.03.06,"200,000",대전광역시 서구 둔산남로91번길 13
호텔 디에디션,5,"대전시청역 바로앞에 있어서 대중교통으로 오기 편했어요
새로 생긴지 얼마 안되서 그런지 깔끔했고 조식도 잘 되어있어 좋았습니다.",2023.11.06,"200,000",대전광역시 서구 둔산남로91번길 13
호텔 디에디션,5,"가까운곳에 먹자골목이있어 참 편리했어요. 로비에는 맛있는 빵집과 카페가 있구요.
조식도 아침으로 먹기에는 좋은 구성이어서 잘 먹었답니다!",2023.09.15,"200,000",대전광역시 서구 둔산남로91번길 13
호텔 디에디션,4,매번 방문합니다. 이번에 체크인이 늦어서인지 배정받은 방에서 물소리가...ㅠ 그래도 좋습니다.,2023.12.15,"200,000",대전광역시 서구 둔산남로91번길 13
호텔 디에디션,5,시청역에서 가깝고 새건물이라 깔끔한 시설이 돋보입니다. 화장실이 조금 작긴 한데 조용하고 깔끔해서 아주 만족스러웠습니다.,2023.06.20,"200,000",대전광역시 서구 둔산남로91번길 13
호텔 디에디션,5,깨끗하고 깔끔하고 편했어요 무엇보다 커튼이 제대로된 암막커튼인 것 같아요 아주 좋아요 근데 샤워실이 너무 협소해요 이것만 빼면 완벽해요,2023.06.12,"200,000",대전광역시 서구 둔산남로91번길 13
호텔 디에디션,4,"전반적으로 깨끗하고 만족스러웠습니다!
교통 접근성너무 좋고 주변에 편의시설,음식점 많아서 좋았습니다!",2023.06.19,"200,000",대전광역시 서구 둔산남로91번길 13
호텔 디에디션,5,호텔이 새로 생겨서 그런지 깨끗하고 깔끔했어용 조식도 맛잇고 주변에 식당들이 많아서 좋았어요~~~!!,2023.09.11,"200,000",대전광역시 서구 둔산남로91번길 13
호텔 디에디션,5,신축이라 엄청 깨끗했어요. 위치도 좋고 뷰도 좋았어요. 욕실에 실내화가 없어서 아쉬운거 말고는 다 좋았어요.,2023.04.18,"200,000",대전광역시 서구 둔산남로91번길 13
호텔 디에디션,5,사실 좀 깔끔하고 호텔급 모텔정도라고 생각하고 주말이라 비싼가 싶은 생각으로 예약하고 갔는데 생각과는 전혀 다르게 정말 제대로 된 호텔이네요. 시설도 너무 깔끔하구요. 우선 시청역 주변이라 교통도 편하고 번화가 중앙에 있어서 주변 갈 곳도 많네요. 조금 아쉬웠던건 에어컨이 켜면 자꾸 22도로 설정돼서 너무 춥고 엘레베이터가 좁다 정도? 1층 베이커리 카페도 너무 괜찮습니다. 다음 대전에 숙박할 때 다시 예약할거같아요.,2023.06.12,"200,000",대전광역시 서구 둔산남로91번길 13
호텔 디에디션,5,침대도 좋고 쾌적하고 좋았어요. 다만 아쉬웠던 점은 샤워부스가 협소하고 변기가 유리문(불투명이긴하지만 형체잘비침) 바로 옆에 붙어있어서 오픈된 공간에서 일보는 부끄러운 느낌…,2024.07.29,"200,000",대전광역시 서구 둔산남로91번길 13
호텔 디에디션,3,호텔 주차장 좁다고 되어있어서 걱정 많이 했는데 다행히 외부주차장있어서 외부주차장 이용했어요. 아침 조식 구성도 좋고 맛도 좋습니다. 객실 컨디션 좋구 내부는 좁은감이 있습니다.,2024.09.19,"200,000",대전광역시 서구 둔산남로91번길 13
호텔 디에디션,5,"룸 컨디션 정말 좋았고, 이불이 부들부들해서 잠도 잘왔어요. 외부 주차장 이용시 문제가 있었는데 빠르고 정확하게 처리해주셔서 감사했습니다!",2024.07.23,"200,000",대전광역시 서구 둔산남로91번길 13
호텔 디에디션,4,"객실내부가 깔끔하고 좋았어요. 직원분들도 친절하시고 전체적으로 만족했는데.. 아침에 쿵쿵거리는 시끄러운소리에 잠에서 일찍깼는데 청소를 7?8시쯤부터 하시는건지…😶
아침에 많이 시끄러웠어요ㅠㅠ 객실은 만족했어요!",2024.09.20,"200,000",대전광역시 서구 둔산남로91번길 13
호텔 디에디션,4,"숙소 위치나 침실 등 구성은 좋습니다.
다만, 샤워부스가 너무 좁아서 그게 흠이긴 합니다.
위치도 역에서 멀지 않구요",2024.09.24,"200,000",대전광역시 서구 둔산남로91번길 13
호텔 디에디션,5,"1. 조식 기대 이상, 아래 유명 카페 2층과 연결되어있음, 밥과 국이 있어서 좋았어요
2. 청결도 만족, 침구 깨끗, 수전에 물때하나 없고 신경쓴게 느껴짐. 
3. 헐리우드킹 침대 = 싱글 2개 붙인 것 
4. 방음은 안좋았어요
5. 주차 자리 부족해서 야외에 댔고, 익일 15:00까지 출차 필요",2024.10.02,"200,000",대전광역시 서구 둔산남로91번길 13
호텔 디에디션,4,고데기 대여가 가능해서 좋았어요! 다만 객실 모서리 군대군대 머리카락과 쿠션에 먼지가 많이 붙어있어서 객실 관리는 필요해 보이네요,2024.08.14,"200,000",대전광역시 서구 둔산남로91번길 13
호텔 디에디션,4,"호텔도 깔끔했고, 위치도 좋아요. 그러나 레이트 체크아웃이 불가 시, 미리 말씀해주셨으면 좋았을 것 같습니다",2024.08.05,"200,000",대전광역시 서구 둔산남로91번길 13
호텔 디에디션,4,깨끗하고 좋은데 가격대비 퇴실시간이 11시인게 좀 그랬음.또 대전에 간다면 재방문할 확률은 희박할듯..,2024.02.16,"200,000",대전광역시 서구 둔산남로91번길 13
호텔 디에디션,5,"다음에도 대전 놀러가면 꼭 이숙소 다시 잡으려구요 지하,지상 주차시설은 다소 협소하긴 한데 근처 노상주차장 많고 노상주차장 불호하시는 분들은 호텔 바로 뒤편에 대로변 건너가 시청이라 시청에 주차하셔도 됩니다!! 지하철역도 가까워서 저희는 자차로 체크인하고 지하철타고 대전 돌아다녔어요!! 호텔 내부도 깔끔하고 침대도 엄청 넓구 편했습니다. 다만 화장실 슬리퍼가 없는건 조금 아쉬웠고 따로 조작 안했는데도 티비 채널이 바뀌거나 설정이 켜지는등 놀랄일이 몇번 있었네요..",2023.10.12,"200,000",대전광역시 서구 둔산남로91번길 13
호텔 디에디션,5,전반적으로 만족스러웠으나 방음이 잘 되지 않아 복도 발소리는 물론 다른 방 이불 뒤척이는 소리까지도 바로 옆에 있는 것처럼 들렸습니다. 하지만 방은 깨끗하고 서비스도 마음에 들었습니다.,2023.11.17,"200,000",대전광역시 서구 둔산남로91번길 13
호텔 디에디션,5,불편한점은 화장실 유리문 정도같아요 볼일보는게 밖에서 다 비쳐요.. 그거빼고는 다 좋았습니다,2024.10.07,"200,000",대전광역시 서구 둔산남로91번길 13
호텔 디에디션,2,"세번째 방문. 최근 가성비 급하락. 
룸 컨디션 : 담배냄새로 룸 체인지. 체인지한 룸도 담배냄새가 있었으나, 바꿔 준 성의로 해당 룸 숙박.
머리카락 무더기 발견. 프론트에 이야긴 해 줬지만, 다른 조치는 없었음.
조식 : 초등학교 수학여행단체 손님들, 그건 문제되지 않았으나, 너무 부실한 조식. 조식 추가한 비용이 너무 아까웠음
총평 : 처음 숙박하고, 동료 직원에게 추전할 정도로 괜찮은 호텔이었으니, 2번째 3번째 묵을수록 만족도가 떨어짐.",2024.10.21,"200,000",대전광역시 서구 둔산남로91번길 13
호텔 디에디션,4,"프론트의 새로 교육 받으시는 여성 직원분의 미소와 친절함에 호텔의 이미지가 더 좋아졌습니다.
호텔이 신축이라 침구류와 수건에 먼지가 많은 부분은 아쉬웠지만 이 부분은 앞으로 세탁 횟수가 늘어갈 수록 해결될 것으로 보입니다.
만약 해결이 안된다면 공기청정기기 꼭 필요할 정도로 호흡기에 무리가 있는 정도입니다.
객실 현관문 도어클로져의 조절이 필요합니다. 문이 너무 세게 닫혀서 주변 객실의 문소리에 잠이 깨거나 놀라는 경우가 많습니다.
화장실은 좁은편인데 수압과 온수는 매우 만족했습니다.
65인치 삼성TV도 쉬면서 보기에 참 좋았습니다.
조식은 평소 카페로 운영되는 곳에서 먹을 수 있어서 분위기가 괜찮았습니다.
대전 중심지에 오노마 호텔을 제외하면 가장 나은 곳 같습니다.
앞으로 더 나은 서비스와 품질로 둔산을 대표하는 호텔이 되었으면 합니다.",2023.05.14,"200,000",대전광역시 서구 둔산남로91번길 13
호텔 디에디션,5,"다 너무 좋았는데 넷플은 안되고 유튜브를 tv에서 보려면 예약해서 오천원 지불해야 하는 부분은, 아예 그냥 처음부터 오천원 추가해서 예약받는게 어떨까 싶었습니다. 예약하기 번거롭고 이미 지불한 돈에 추가로 더 내야한다는 게 조금 의아했어요. 그래도 지하철과 가깝고 청결도 좋았기에 추천합니다.",2023.11.08,"200,000",대전광역시 서구 둔산남로91번길 13
호텔 디에디션,5,진짜 깔끔하고 괜찮습니다. 다만 주차 공간이 협소해 늦게가면 다른곳에 주차해야 할수도 있습니다.,2023.07.28,"200,000",대전광역시 서구 둔산남로91번길 13
호텔 디에디션,5,"직원분들도 친절하시고, 시설도 너무 깨끗하고 만족스러웠습니다. 아쉬운 점이라고 하면 조식 관리하시는 직원분에게 필요한 걸 말씀드리기가 애매하더라고요.",2024.04.28,"200,000",대전광역시 서구 둔산남로91번길 13
호텔 디에디션,1,"지하 주차공간도 좁고 방은 좁고 넷플릭스도 없고 침대 근처에 콘센트도 없습니다
겉만 번쩍번쩍하지 좋은 점이 하나도 없습니다
심지어 여기는 화장실도 반투명창이라 다른사람이 똥 싸는 것도 블러처리된 모습으로 볼 수 있네요
인간적으로 화장실은 왜 반투명창 처리했는지 이해할 수가 없네요
다시는 안 갈라구요",2024.08.22,"200,000",대전광역시 서구 둔산남로91번길 13
호텔 디에디션,5,"장점
1. 호텔 그 자체

단점
1. 방은 큰데 침대는 퀸 사이즈인 것이 살짝 아쉬움
2. 유튜브가 안되는 점 (못찾은 것일 수도 있음)",2023.10.20,"200,000",대전광역시 서구 둔산남로91번길 13
호텔 디에디션,3,"호텔인데 무슨 숙소가 만차라고 500m 떨어진 곳으로 주차 안내합니까
발렛이라도 하던 / 예약시 차량 정보 받아 요금 차등 적용해야하는거 아니에요?
레이트 체크아웃 별 메리트 없습니다. 다른 분들 참고하세요",2024.06.02,"200,000",대전광역시 서구 둔산남로91번길 13
호텔 디에디션,3,"생긴지 얼마 안된곳이라 좋았어요. 위치도 좋고 주차도 편하게 했어요. 객실은 좋았고 수건은 락스냄새가 많이 나는 편이라 불편했어요. 설연휴기간이라 그런지 비싼게 단점ㅜㅜ
객실내 스타일러는 잘 이용했어요",2024.02.12,"200,000",대전광역시 서구 둔산남로91번길 13
호텔 디에디션,4,"대전 시청역에서 멀지 않고 주볌 맛집 많고 내부 청결도, 서비스 등 좋았어요.
방이 좀 작긴한데 더 충격인건 샤워실이 정말 작습니다!
그래도 주변 모텔싫고 호텔 느낌 원한다면 추천이에요~
조식 포함이라 먹었는데.. 많이 부실하더라구요.
가지수보단 이용객이 적어서 그런지 관리 등이…",2023.12.19,"200,000",대전광역시 서구 둔산남로91번길 13
호텔 디에디션,3,"호텔찾기도어렵고 옆방 문열고닫는소리 소음이심하고요 ,그리고화장실,방등,전체적으로작아요 모텔가는게나은듯 합니다",2024.02.12,"200,000",대전광역시 서구 둔산남로91번길 13
호텔 디에디션,3,"불편했던 점만 적겠습니다.
1. 주차장 너무 협소함
2. 방음 잘 안됨 - 복도에서 다른방 소리 다들림
3. 방에서 뭔가 꿉꿉한 냄새남",2024.05.06,"200,000",대전광역시 서구 둔산남로91번길 13
호텔 디에디션,2,"2박3일 있었는데 체크인 할때부터 체크아웃 할때 까지 상당히 별로였어요 많은 일들이 있었지만 ㅎㅎㅎㅎ제일 화가났던 부분은 체크아웃이 오전 11시로 알고 있는데 아침 9시에 자고있는데 누가 벨을 누르시더라구여 잠결이여서 누가 잘못 눌렀겠지 했는데 갑자기 도어락에 키를 인식하고 문을 따고 들어오시더니 신발장에 신발이 있는걸 보셨는지 문을 황급히 닫으시더라구여 이걸 대체 어떻게 받아들여야 할지..ㅎㅎ 바로 프런트에 전화했더니 직원분이 이해가 안가는 말씀만 하시고 ㅎㅎ 체크아웃할때 프런트에서 사과 한마디도 없으시더라구여 
두번 다시는 갈 일이 없을거 같네요",2023.12.25,"200,000",대전광역시 서구 둔산남로91번길 13
호텔 디에디션,3,"다 좋아요. 주차만 빼고요. 지하주차장이 너무 협소해요.
내려가는 램프구간도 넘 비좁아요. 객실은 깔끔하고 약간 이국적으로 지으신것 같아서 좋았어요! 조식도 무난했어요~",2024.04.08,"200,000",대전광역시 서구 둔산남로91번길 13
호텔 디에디션,3,큰 불편함은 없는데 침구가 처움에 좀 더럽고 ㅠ 화장실에서 좀 냄새가 났어오. 침대는 할리우드킹 엄청 커서 좋아오,2023.11.13,"200,000",대전광역시 서구 둔산남로91번길 13
호텔 디에디션,2,"지인 소개로 갔는데, 방이 넓고 조식은 괸찬음. 침대 베개는 누렇고, 침대에서 냄새가 잠을 제대로 못잤습니다. 해남에서 제일 좋은 호텔이라고 들었는데, 실망입니다.",2024.04.03,"200,000",대전광역시 서구 둔산남로91번길 13
호텔 디에디션,5,오후6시 이후로 실외 주차를 해야하는데 그것마저도 오전 10시에 차 빼야 하는곳은 난생 처음 경험해 보네요 .. 주차 스트레스가 없다면 진짜 여긴 완벽한곳입니다 친절하고 깨끗하고 정말 아쉽네요,2023.08.20,"200,000",대전광역시 서구 둔산남로91번길 13
호텔 디에디션,3,"숙소 깔끔하고 좋았습니다. 위치도 좋고.
화장실 벽이 불투명이라...화장실에서 볼일보는게 비춰지는..그런거 빼곤..
그리고 인원이 추가를 할것 같아 체크인할 때는 15000원추가라고 했는데
정말 인원이 추가되서 추가비용 지불하려고 카운터에 얘기했는데 66000원이라하셨습니다. 인원추가+침구류추가,조식추가 비용이라고...ㅎ..ㅎ
조식 안 먹는데.. 직원이 체크인할때 조식요금(15000원)으로 잘못 알려준거라하던데...
뭐가 맞는지는 모르겠어요... 놀러왔으니 그냥 그러려니했엉..66천원쯤.. 놀러온비용이다 생각하고.
또한, 사람추가됐는데 어메니티 및 침구류도 늦게 전달주시고..직원들은 친절하지만 아직 미흡한게 많아 보입니다...
에어컨끄면 뭔가 습합니다...하...",2023.05.22,"200,000",대전광역시 서구 둔산남로91번길 13
호텔 디에디션,4,직원 친절도. 접근성 좋았음. 일부 객실 청소불량과 주차시설 부족이 아쉬웠음. 외부주차시 내부 주차시간과 동일하게 해주는것이 바람직하겠음,2023.08.24,"200,000",대전광역시 서구 둔산남로91번길 13
호텔 디에디션,2,"체크인 하고 객실로 올라갔는데 아직 청소가 안끝나서 밖에서 대기했어요. 준비도 안됐는데 체크인은 왜 해준거죠? 그리고 화장실에서 냄새가... 넷플릭스 지원 안되는 부분도 좀 불편했음..
조식은 비추입니다.
위치는 좋은편이에요.",2023.12.14,"200,000",대전광역시 서구 둔산남로91번길 13
호텔 디에디션,3,"욕실 좁은것은 새로운 시설이라고 칠께요.
그런데 퇴실시간전에 너무 요란하게 청소 하는건 나가라는건지 이해가 안가더라구요.",2023.11.16,"200,000",대전광역시 서구 둔산남로91번길 13
호텔 디에디션,3,"첫날 입실을 늦게했는데 쇼파 사이에 과자부스러기 있고 가운도 없었던 거 보니 아마 대실했던 호실인가 아니면 청소가 덜된 호실인가 모르겠네요
다음날 청소한 후 과자 부스러기는 쇼파 사이에 그대로 있었지만 가운은 생겼어요
더 섬세한 관리가 필요하겠네요..
위치랑 내부시설은 다 좋았어요
근데 옆방이 새벽에 들어와서 대화하는데 대화소리까지 다들리더라구요 방음은 잘 안된듯
다음날은 조용했어요
케바케인듯
방을 잘 뽑으시길 바랍니다",2023.06.22,"200,000",대전광역시 서구 둔산남로91번길 13
호텔 디에디션,3,지하철 바로 옆에 있어서 접근성도 좋고 깨끗했는데 객실이 많이 좁습니다 지금껏 여러 호텔을 가봤지만 일본에서도 이렇게까지 좁은 호텔은 못 봤는데 화장실도 협소하고 전체적으로 너무 작아서 재방문 의사는 없습니다,2023.05.07,"200,000",대전광역시 서구 둔산남로91번길 13
호텔 디에디션,1,"방음1도 안되고 방도욕실도 작아도 너무 작습니다.
주차장 주차공간 부족합니다.
나머지는 방깔끔하고 친절해서 괜찮은데 방음과주차장때문에 두번은 안갈듯 합니다",2023.09.22,"200,000",대전광역시 서구 둔산남로91번길 13
호텔 디에디션,4,위치도 좋고 근처에 걸어서 밥 먹으러 가기도 좋아요. 단지 화장실이 상당히 협소해서 샤워할 때 좀 불편하네요. 그것만 제외하면 깔끔하고 추천할만 합니다.,2023.06.05,"200,000",대전광역시 서구 둔산남로91번길 13
호텔 디에디션,5,편하게 잘 쉬고 갑니다~,2024. 11. 16,"200,000",대전광역시 서구 둔산남로91번길 13
호텔 디에디션,5,"금액대비 추천합니다
깨끗하고 침구류도 깔끔합니다",2024.11.05,"200,000",대전광역시 서구 둔산남로91번길 13
호텔 디에디션,5,좋아요~~~~~~~~,2024.11.04,"200,000",대전광역시 서구 둔산남로91번길 13
호텔 디에디션,5,친절한 응대와 깨끗한 룸컨디션 그리고 한식과 양식으로 구성된 조식까지 최고네요,2024.11.01,"200,000",대전광역시 서구 둔산남로91번길 13
호텔 디에디션,5,처음이었지만 깨끗하고 단정하여 좋았습니다,2024.10.31,"200,000",대전광역시 서구 둔산남로91번길 13
호텔 디에디션,5,"잠이 진짜 어마어마하게 잘 왔어요
조식도 주차도 친절도 좋았어요",2024.10.30,"200,000",대전광역시 서구 둔산남로91번길 13
호텔 디에디션,5,시청옆 먹거리도 좋고 깨끗합니다,2024.10.29,"200,000",대전광역시 서구 둔산남로91번길 13
호텔 디에디션,5,좋아요좋아 꼭가보셔요,2024.10.24,"200,000",대전광역시 서구 둔산남로91번길 13
호텔 디에디션,5,위치가 정말 좋았는데 주차장이 너무 협소했습니다 ㅜ,2024.10.22,"200,000",대전광역시 서구 둔산남로91번길 13
호텔 디에디션,5,"주변. 먹거리 많고 교통 편리하고 
직원분들 친절합니다",2024.10.21,"200,000",대전광역시 서구 둔산남로91번길 13
호텔 디에디션,4,급하게 당일 예약해서 감. 주차가 협소한거 빼고 괜찮았음,2024.10.17,"200,000",대전광역시 서구 둔산남로91번길 13
호텔 디에디션,5,깔끔합니다 만족합니다,2024.10.11,"200,000",대전광역시 서구 둔산남로91번길 13
호텔 디에디션,5,굿!!!!!!!!!!!,2024.10.09,"200,000",대전광역시 서구 둔산남로91번길 13
호텔 디에디션,3,"주차장 좁고
방도 좁아요...

시설은 깨끗",2024.10.07,"200,000",대전광역시 서구 둔산남로91번길 13
호텔 디에디션,5,너무 좋아요. 대전에서 손꼽는 곳.,2024.10.06,"200,000",대전광역시 서구 둔산남로91번길 13
호텔 디에디션,3,사진과 다르게..좀 마니 좁은 객실..아쉽네요,2024.10.05,"200,000",대전광역시 서구 둔산남로91번길 13
호텔 디에디션,5,깔끔하고 기분좋은 숙박했어요^^,2024.10.03,"200,000",대전광역시 서구 둔산남로91번길 13
호텔 디에디션,5,숙박 잘 이용하고 갑니다,2024.09.29,"200,000",대전광역시 서구 둔산남로91번길 13
호텔 디에디션,5,시설 너무 좋아요!!,2024.09.26,"200,000",대전광역시 서구 둔산남로91번길 13
호텔 디에디션,5,출장으로 방문 재방문 의사 있어요,2024.09.23,"200,000",대전광역시 서구 둔산남로91번길 13
호텔 디에디션,5,위치도 좋고 전반적으로 좋아요~~~~~~,2024.09.22,"200,000",대전광역시 서구 둔산남로91번길 13
호텔 디에디션,5,매우만족한 여행이었습니다.,2024.09.19,"200,000",대전광역시 서구 둔산남로91번길 13
호텔 디에디션,4,화장실이 좀 좁아서 불편하긴 했지만 객실도 깔끔하고 침구도 깨끗하고 좋았어요,2024.09.18,"200,000",대전광역시 서구 둔산남로91번길 13
호텔 디에디션,5,주차가 조금 힘들었지만 다른 부분이 다 좋았어요,2024.09.18,"200,000",대전광역시 서구 둔산남로91번길 13
호텔 디에디션,5,대체적으로 다 좋았어요~,2024.09.18,"200,000",대전광역시 서구 둔산남로91번길 13
호텔 디에디션,5,주변. 식당이많고 교통도 편리하고 조식. 맛있어요~^^,2024.09.16,"200,000",대전광역시 서구 둔산남로91번길 13
호텔 디에디션,5,친철하고 깨끗하게 사용함,2024.08.29,"200,000",대전광역시 서구 둔산남로91번길 13
호텔 디에디션,5,깔끔하고 친절하셨습니다~~,2024.08.27,"200,000",대전광역시 서구 둔산남로91번길 13
호텔 디에디션,5,넘 좋았어요! 다음에도 대전 온다면 여기 이용할 예정입니다😊,2024.08.25,"200,000",대전광역시 서구 둔산남로91번길 13
호텔 디에디션,5,위치가 너무 좋아요~~~!!,2024.08.21,"200,000",대전광역시 서구 둔산남로91번길 13
호텔 디에디션,5,1234568756,2024.08.13,"200,000",대전광역시 서구 둔산남로91번길 13
호텔 디에디션,5,항상 잘 쉬고 갑니다,2024.08.12,"200,000",대전광역시 서구 둔산남로91번길 13
호텔 디에디션,5,다음에 또 이용할게요,2024.08.07,"200,000",대전광역시 서구 둔산남로91번길 13
호텔 디에디션,5,너무 만족했어요~~,2024.08.07,"200,000",대전광역시 서구 둔산남로91번길 13
호텔 디에디션,5,좋아요~~~~~~~,2024.08.06,"200,000",대전광역시 서구 둔산남로91번길 13
호텔 디에디션,5,여기밥맛있네요 또올게요,2024.08.05,"200,000",대전광역시 서구 둔산남로91번길 13
호텔 디에디션,5,"숙소도 너무 깨끗하고 좋고
조식도 은근 알차고 맛있습니다",2024.08.01,"200,000",대전광역시 서구 둔산남로91번길 13
호텔 디에디션,5,아주 잘 쉬다 갑니다,2024.07.30,"200,000",대전광역시 서구 둔산남로91번길 13
호텔 디에디션,5,여기만 매주사용중인데 밥이 맛나요,2024.07.28,"200,000",대전광역시 서구 둔산남로91번길 13
호텔 디에디션,5,너무좋네용ᆢ카장좋아요,2024.07.22,"200,000",대전광역시 서구 둔산남로91번길 13
호텔 디에디션,5,좋아요~~~~~~~~,2024.07.22,"200,000",대전광역시 서구 둔산남로91번길 13
호텔 디에디션,5,12345678910,2024.07.16,"200,000",대전광역시 서구 둔산남로91번길 13
호텔 디에디션,5,좋아요좋이요좋아요좋,2024.07.16,"200,000",대전광역시 서구 둔산남로91번길 13
호텔 디에디션,3,"위치접근성도 좋고 객실 컨디션도 좋았지만
화장실에서 냄새가 나고 좁았어요.",2024.07.15,"200,000",대전광역시 서구 둔산남로91번길 13
호텔 디에디션,5,잘 쉬었습니다. 감사합니다,2024.07.10,"200,000",대전광역시 서구 둔산남로91번길 13
호텔 디에디션,5,되게 깔끔하고 괜찮았습니다,2024.07.08,"200,000",대전광역시 서구 둔산남로91번길 13
호텔 디에디션,5,직원들출장시좋아합니다,2024.07.08,"200,000",대전광역시 서구 둔산남로91번길 13
호텔 디에디션,5,출장시 매번이용합니다,2024.07.08,"200,000",대전광역시 서구 둔산남로91번길 13
호텔 디에디션,5,대전출장시 매번이용합니다.,2024.07.08,"200,000",대전광역시 서구 둔산남로91번길 13
호텔 디에디션,5,위치도 좋고 방도 깔끔해요~,2024.07.05,"200,000",대전광역시 서구 둔산남로91번길 13
호텔 디에디션,5,교통도 좋고 시설도 좋았어요~~!,2024.06.30,"200,000",대전광역시 서구 둔산남로91번길 13
호텔 디에디션,4,잘 쉬다 갑니다..,2024.06.30,"200,000",대전광역시 서구 둔산남로91번길 13
호텔 디에디션,5,항상 잘 쉬다가요 ㅇ,2024.06.29,"200,000",대전광역시 서구 둔산남로91번길 13
호텔 디에디션,5,항상 잘 쉬다 가요,2024.06.29,"200,000",대전광역시 서구 둔산남로91번길 13
호텔 디에디션,5,매번 출장으로 방문하는데 깔끔하고 좋아요,2024.06.28,"200,000",대전광역시 서구 둔산남로91번길 13
호텔 디에디션,5,깔끔하고 좋네요 잘 쉬다 가요,2024.06.20,"200,000",대전광역시 서구 둔산남로91번길 13
호텔 디에디션,5,좋았습니다 다음에 또 가려구요,2024.06.19,"200,000",대전광역시 서구 둔산남로91번길 13
호텔 디에디션,5,시청근처 먹을것도 많고 교통편도 좋았음,2024.06.17,"200,000",대전광역시 서구 둔산남로91번길 13
호텔 디에디션,3,좁지만 좋았어요 ....,2024.06.17,"200,000",대전광역시 서구 둔산남로91번길 13
호텔 디에디션,5,여기좃아요조아요조아요,2024.06.16,"200,000",대전광역시 서구 둔산남로91번길 13
호텔 디에디션,5,킹사이즈로 예약했는데 엄청 편안하게 잘잤어요,2024.06.16,"200,000",대전광역시 서구 둔산남로91번길 13
호텔 디에디션,5,전체적으로 청결하고 조식도 맛있었어요~!,2024.06.16,"200,000",대전광역시 서구 둔산남로91번길 13
호텔 디에디션,5,"객실 청결, 시설 편의성, 교통 위치 접근성 좋습니다.",2024.06.16,"200,000",대전광역시 서구 둔산남로91번길 13
호텔 디에디션,5,너무 깔끔하고 좋았습니다. 흠잡을곳이 없네요!!,2024.06.13,"200,000",대전광역시 서구 둔산남로91번길 13
호텔 디에디션,5,깨끗하고 밥이 맛나요,2024.06.11,"200,000",대전광역시 서구 둔산남로91번길 13
호텔 디에디션,4,직원들숙소잡아줫는데 좋아하네요,2024.06.11,"200,000",대전광역시 서구 둔산남로91번길 13
호텔 디에디션,3,직원들숙소 잡아줫는데 좋아하네요,2024.06.11,"200,000",대전광역시 서구 둔산남로91번길 13
호텔 디에디션,5,편안하게 잘 쉬다가 갑니다,2024.06.09,"200,000",대전광역시 서구 둔산남로91번길 13
호텔 디에디션,5,"숙소 퀄리티도 좋았고 조식도 맛있었어요
다만 주차장은 아쉬었습니다",2024.06.08,"200,000",대전광역시 서구 둔산남로91번길 13
호텔 디에디션,5,깨끗하고 좋아요 다음에 또 방문하고 싶네요,2024.06.05,"200,000",대전광역시 서구 둔산남로91번길 13
호텔 디에디션,5,"숙소 쾌적하고 서비스 좋았네요
주차장 걱정 많이했는데 일찍가서 주차 잘 했어요",2024.06.03,"200,000",대전광역시 서구 둔산남로91번길 13
호텔 디에디션,5,"여기는 조식이맛남
조식때문에여기감",2024.06.02,"200,000",대전광역시 서구 둔산남로91번길 13
호텔 디에디션,4,가성비 좋아요~~~~~,2024.06.02,"200,000",대전광역시 서구 둔산남로91번길 13
호텔 디에디션,5,접근성도 편하고 시설도 만족합니다.,2024.05.29,"200,000",대전광역시 서구 둔산남로91번길 13
호텔 디에디션,5,방도 침대도 컨디션 좋았음 욕실 샤워시설이 좁아서 덩치 큰 사람한텐 좀 힘들겠다 싶긴함,2024.05.28,"200,000",대전광역시 서구 둔산남로91번길 13
호텔 디에디션,5,조식이 맛나네요짱짱,2024.05.26,"200,000",대전광역시 서구 둔산남로91번길 13
호텔 디에디션,1,시설이 약해서 별로였어요,2024.05.25,"200,000",대전광역시 서구 둔산남로91번길 13
호텔 디에디션,1,주차도 힘들고 서비스 친절도 잘 모르겠네요,2024.05.23,"200,000",대전광역시 서구 둔산남로91번길 13
호텔 디에디션,5,여기 조식이 맛나요,2024.05.22,"200,000",대전광역시 서구 둔산남로91번길 13
호텔 디에디션,5,여기 밥맛이좋아요~~~,2024.05.18,"200,000",대전광역시 서구 둔산남로91번길 13
호텔 디에디션,5,밥이 너무 맛있어요,2024.05.11,"200,000",대전광역시 서구 둔산남로91번길 13
호텔 디에디션,5,너무 만족스럽게 잘 쉬다 갑니다. 조식 서비스도 먹을거많고 좋았어요!,2024.05.06,"200,000",대전광역시 서구 둔산남로91번길 13
호텔 디에디션,5,"만족스러웠네요
기대 이상이었습니다!",2024.04.30,"200,000",대전광역시 서구 둔산남로91번길 13
호텔 디에디션,4,좋아요 깔끔하고 ~,2024.04.30,"200,000",대전광역시 서구 둔산남로91번길 13
호텔 디에디션,5,너무조아요조아요조아,2024.04.28,"200,000",대전광역시 서구 둔산남로91번길 13
호텔 디에디션,4,깨끗해서 너무 만족해요,2024.04.23,"200,000",대전광역시 서구 둔산남로91번길 13
호텔 디에디션,5,밥이맛나요,2024.04.15,"200,000",대전광역시 서구 둔산남로91번길 13
호텔 디에디션,5,잘 쉬다갑니다.,2024.04.12,"200,000",대전광역시 서구 둔산남로91번길 13
호텔 디에디션,5,조아요조아,2024.04.08,"200,000",대전광역시 서구 둔산남로91번길 13
호텔 디에디션,5,잘 쉬고 갑니다,2024.04.07,"200,000",대전광역시 서구 둔산남로91번길 13
호텔 디에디션,5,잘 쉬고갔어요 ~~!,2024.04.07,"200,000",대전광역시 서구 둔산남로91번길 13
호텔 디에디션,5,"친절하고 위치도 주위에 편의시설 많아 좋아요
조식도 골고루 있을 건 다 있습니다",2024.03.25,"200,000",대전광역시 서구 둔산남로91번길 13
호텔 디에디션,5,.....,2024.03.18,"200,000",대전광역시 서구 둔산남로91번길 13
호텔 디에디션,5,방이 깨끘하고 좋았어요. 다만 매트가 싱글두개를 붙여놔서 불편했어요,2024.03.09,"200,000",대전광역시 서구 둔산남로91번길 13
호텔 디에디션,5,깔끔하고 좋아요,2024.03.09,"200,000",대전광역시 서구 둔산남로91번길 13
호텔 디에디션,5,깔끔한 객실,2024.03.07,"200,000",대전광역시 서구 둔산남로91번길 13
호텔 디에디션,5,깨끗하고 서비스 좋았습니다,2024.03.04,"200,000",대전광역시 서구 둔산남로91번길 13
호텔 디에디션,5,딱 좋앗어요,2024.03.03,"200,000",대전광역시 서구 둔산남로91번길 13
호텔 디에디션,5,아주 깔끔하고 분위기가 편안해서 푹 잤어요. 침구가 푹신해요,2024.03.03,"200,000",대전광역시 서구 둔산남로91번길 13
호텔 디에디션,4,잘.쉬었습니다,2024.03.01,"200,000",대전광역시 서구 둔산남로91번길 13
호텔 디에디션,5,푹쉬다갑니다,2024.02.28,"200,000",대전광역시 서구 둔산남로91번길 13
호텔 디에디션,5,접근성이 최고입니다.,2024.02.27,"200,000",대전광역시 서구 둔산남로91번길 13
호텔 디에디션,5,잘 쉬고 갑니다,2024.02.27,"200,000",대전광역시 서구 둔산남로91번길 13
호텔 디에디션,5,주차장 되게 작아요 차가지고 방문하시는분은 일찍 차량주차하세요,2024.02.18,"200,000",대전광역시 서구 둔산남로91번길 13
호텔 디에디션,5,"연휴에 편안하게 푹쉬었습니다 
빙이 조금 작은거 빼고는
다 좋았습니다 :)",2024.02.13,"200,000",대전광역시 서구 둔산남로91번길 13
호텔 디에디션,5,깔끔한 숙소 및 침구가 깨끗 하여 너무 만족하였습니다.~^^,2024.02.13,"200,000",대전광역시 서구 둔산남로91번길 13
호텔 디에디션,5,여기 시설도좋고 조식도좋아요,2024.02.12,"200,000",대전광역시 서구 둔산남로91번길 13
호텔 디에디션,5,"굿
시설과 친절도 위치 모두 좋았습니다",2024.02.11,"200,000",대전광역시 서구 둔산남로91번길 13
호텔 디에디션,5,불편함 없이 깔끔하고 좋았습니다,2024.02.05,"200,000",대전광역시 서구 둔산남로91번길 13
호텔 디에디션,5,전반적으로 좋아요~,2024.02.05,"200,000",대전광역시 서구 둔산남로91번길 13
호텔 디에디션,5,여기 깨끗하고좋아요,2024.01.28,"200,000",대전광역시 서구 둔산남로91번길 13
호텔 디에디션,5,방도 깨끗하고 넓어서 좋았습니다. 친절도 하셨구요. 다음에도 이용할 마음이 있습니다.,2024.01.25,"200,000",대전광역시 서구 둔산남로91번길 13
호텔 디에디션,5,깨끗하고 역과 가까워 좋음,2024.01.22,"200,000",대전광역시 서구 둔산남로91번길 13
호텔 디에디션,5,"깔끔하고 위치도 좋습니다
주차장이 좁은게 아쉽네요",2024.01.16,"200,000",대전광역시 서구 둔산남로91번길 13
호텔 디에디션,5,"대전 놀러갈때마다 묵는 숙소
대전 내 최고 숙소",2024.01.10,"200,000",대전광역시 서구 둔산남로91번길 13
호텔 디에디션,5,친절하고 깨끗해요,2024.01.09,"200,000",대전광역시 서구 둔산남로91번길 13
호텔 디에디션,5,"룸 컨디션도 너무 좋았고,조식도 맛있었어요",2024.01.05,"200,000",대전광역시 서구 둔산남로91번길 13
호텔 디에디션,5,깔끔하고 꽤 괜찮았습니다 번창하세요,2024.01.02,"200,000",대전광역시 서구 둔산남로91번길 13
호텔 디에디션,5,직원들이 다들 친절했지만 특히 하우스키퍼님 최고입니다^^엄청 친절하심 잘쉬다 왔어요,2024.01.01,"200,000",대전광역시 서구 둔산남로91번길 13
호텔 디에디션,5,시내에 있어서 접근성 최고,2023.12.31,"200,000",대전광역시 서구 둔산남로91번길 13
호텔 디에디션,5,시설 깔끔하고 좋아요~대전 잘 즐기다 왔습니당,2023.12.31,"200,000",대전광역시 서구 둔산남로91번길 13
호텔 디에디션,5,침구도 깨끗하고 푹신했고 샤워실도 넓고 깨끗했어요!,2023.12.26,"200,000",대전광역시 서구 둔산남로91번길 13
호텔 디에디션,5,좋았다 친절했음,2023.12.25,"200,000",대전광역시 서구 둔산남로91번길 13
호텔 디에디션,5,좋았오엻ㅇ,2023.12.18,"200,000",대전광역시 서구 둔산남로91번길 13
호텔 디에디션,5,두번째 방문 좋았습니다.,2023.11.30,"200,000",대전광역시 서구 둔산남로91번길 13
호텔 디에디션,5,깔끔하고 가성비좋은 숙소에요,2023.11.26,"200,000",대전광역시 서구 둔산남로91번길 13
호텔 디에디션,5,좋았습니다,2023.11.22,"200,000",대전광역시 서구 둔산남로91번길 13
호텔 디에디션,5,깔끔하고 너무 좋아요.,2023.11.20,"200,000",대전광역시 서구 둔산남로91번길 13
호텔 디에디션,5,위치도 좋고 깨끗하고 좋았습니다,2023.11.19,"200,000",대전광역시 서구 둔산남로91번길 13
호텔 디에디션,5,깔끔하고 친절합니다,2023.11.19,"200,000",대전광역시 서구 둔산남로91번길 13
호텔 디에디션,5,덕분에 너무 잘 쉬고 갑니다!,2023.11.13,"200,000",대전광역시 서구 둔산남로91번길 13
호텔 디에디션,5,쾌적하고 방이 넓어서 좋았어요,2023.11.12,"200,000",대전광역시 서구 둔산남로91번길 13
호텔 디에디션,5,깔끔하고 좋았어요,2023.11.12,"200,000",대전광역시 서구 둔산남로91번길 13
호텔 디에디션,5,나만알고싶은곳,2023.11.07,"200,000",대전광역시 서구 둔산남로91번길 13
호텔 디에디션,4,샤워커튼을 없애거나 교체해야 할 것 같아요 물 찌든내가 나네요ㅠㅠ,2023.11.06,"200,000",대전광역시 서구 둔산남로91번길 13
호텔 디에디션,5,교통도 편리하고 객실 깨끗해서 좋았습니다,2023.11.05,"200,000",대전광역시 서구 둔산남로91번길 13
호텔 디에디션,5,지하철과도 가깝고 숙소 깔끔 친절 합니다,2023.11.03,"200,000",대전광역시 서구 둔산남로91번길 13
호텔 디에디션,3,"옆벽뷰였어요
다른 부분들은 다 만족스러웠습니다",2023.10.31,"200,000",대전광역시 서구 둔산남로91번길 13
호텔 디에디션,5,넓고 깔끔하고 좋앗습니다,2023.10.30,"200,000",대전광역시 서구 둔산남로91번길 13
호텔 디에디션,5,아주 좋아요,2023.10.30,"200,000",대전광역시 서구 둔산남로91번길 13
호텔 디에디션,5,깨끗해요.,2023.10.30,"200,000",대전광역시 서구 둔산남로91번길 13
호텔 디에디션,5,위치 편리해요,2023.10.30,"200,000",대전광역시 서구 둔산남로91번길 13
호텔 디에디션,5,위치도 괜찮고 좋았습니다,2023.10.30,"200,000",대전광역시 서구 둔산남로91번길 13
호텔 디에디션,5,아주 만족했습니다~!!,2023.10.30,"200,000",대전광역시 서구 둔산남로91번길 13
호텔 디에디션,5,"깨끗하고 좋아요
하지만 화장실 샤워부스ㅠㅠ 너무너무 작어요",2023.10.28,"200,000",대전광역시 서구 둔산남로91번길 13
호텔 디에디션,5,"나쁘지않아요!
근처 부여여행갔다가 대전여행하려고 잡은 숙소에요
가격대비 좋네요",2023.10.27,"200,000",대전광역시 서구 둔산남로91번길 13
호텔 디에디션,4,친절하고 청결해요! 단 화장실이 좀 좁고 조식도 그저그래요ㅠ,2023.10.20,"200,000",대전광역시 서구 둔산남로91번길 13
호텔 디에디션,5,대전놀러온 동생에게 잡아준 숙소인데 너무너무 좋데요,2023.10.15,"200,000",대전광역시 서구 둔산남로91번길 13
호텔 디에디션,5,4성급 부럽지 않는 퀄리티였습니다. 깔끔해서 출장 갈 일 있으면 또 예약할 것 같아요.,2023.10.15,"200,000",대전광역시 서구 둔산남로91번길 13
호텔 디에디션,2,"이벤트에 기간중 숙박하는사람은 조식포함이라 적혀있어 간건데, 불포함이라 하여 매우 당황",2023.10.14,"200,000",대전광역시 서구 둔산남로91번길 13
호텔 디에디션,5,"숙소도 편안했고 1,2층에 있는 빵집도 맛있었습니다. 조식도 괜찮았어요!!",2023.10.14,"200,000",대전광역시 서구 둔산남로91번길 13
호텔 디에디션,5,출장으로 연박했는데 무난했습니다,2023.10.12,"200,000",대전광역시 서구 둔산남로91번길 13
호텔 디에디션,5,잘 쉬고 갑니다,2023.10.09,"200,000",대전광역시 서구 둔산남로91번길 13
호텔 디에디션,5,모든게 완벽한 숙소였어요 대전은 무조건 여기입니다,2023.10.06,"200,000",대전광역시 서구 둔산남로91번길 13
호텔 디에디션,5,좋았습니다,2023.10.03,"200,000",대전광역시 서구 둔산남로91번길 13
호텔 디에디션,5,너무 좋았습니다,2023.10.03,"200,000",대전광역시 서구 둔산남로91번길 13
호텔 디에디션,4,대전에서의 첫 호텔인데 만족합니다:),2023.10.02,"200,000",대전광역시 서구 둔산남로91번길 13
호텔 디에디션,5,"모든시설 만족하는데 주차공간이 협소해서
노상주차했답니다ㅠㅠ이부분만 빼면 괜찮았어요",2023.10.02,"200,000",대전광역시 서구 둔산남로91번길 13
호텔 디에디션,5,"아주 좋았어요
요즘 신축이오히려 안좋은곳이 많은데
시설과 위치 서비스 모두 만족합니다",2023.09.30,"200,000",대전광역시 서구 둔산남로91번길 13
호텔 디에디션,5,잘 쉬다가 갑니다,2023.09.24,"200,000",대전광역시 서구 둔산남로91번길 13
호텔 디에디션,5,지하철역에서 가까워서 좋아요,2023.09.18,"200,000",대전광역시 서구 둔산남로91번길 13
호텔 디에디션,5,숙소 위치 좋구요. 무엇보다 객실이 정말 깨끗했습니다~,2023.09.12,"200,000",대전광역시 서구 둔산남로91번길 13
호텔 디에디션,5,굉장히 좋았습니다 ㅎ,2023.09.05,"200,000",대전광역시 서구 둔산남로91번길 13
호텔 디에디션,5,굿굿굿굿굿,2023.09.04,"200,000",대전광역시 서구 둔산남로91번길 13
호텔 디에디션,5,감사합니다.,2023.09.03,"200,000",대전광역시 서구 둔산남로91번길 13
호텔 디에디션,5,두번째 방문! 주변에 식당도 많고 깔끔하고 조용히 잘 쉬고 왔습니다,2023.08.27,"200,000",대전광역시 서구 둔산남로91번길 13
호텔 디에디션,5,넷플릭스(아이폰) 보려면 따로결재해야된다는 부분 빼고 만족하네요,2023.08.27,"200,000",대전광역시 서구 둔산남로91번길 13
호텔 디에디션,5,방이 넓고 좋았습니다,2023.08.24,"200,000",대전광역시 서구 둔산남로91번길 13
호텔 디에디션,5,매우 만족합니다,2023.08.19,"200,000",대전광역시 서구 둔산남로91번길 13
호텔 디에디션,5,"깔끔하고 좋았습니다.
조식 좋아요-!",2023.08.18,"200,000",대전광역시 서구 둔산남로91번길 13
호텔 디에디션,4,주차장 요금이 비싸요,2023.08.17,"200,000",대전광역시 서구 둔산남로91번길 13
호텔 디에디션,5,헬스장이 있는게 가장 큰 장점,2023.08.14,"200,000",대전광역시 서구 둔산남로91번길 13
호텔 디에디션,4,좋습니다.,2023.08.05,"200,000",대전광역시 서구 둔산남로91번길 13
호텔 디에디션,5,아주 좋았습니다!!,2023.08.05,"200,000",대전광역시 서구 둔산남로91번길 13
호텔 디에디션,4,주차장을 제외하고는 넘 완벽했습니다!,2023.07.31,"200,000",대전광역시 서구 둔산남로91번길 13
호텔 디에디션,5,너무 편안하게 쉬고 왔습니다 다음에 대전에 간다면 다시한번 갈 것 같아요~^.^,2023.07.26,"200,000",대전광역시 서구 둔산남로91번길 13
호텔 디에디션,5,너무 좋아요!,2023.07.22,"200,000",대전광역시 서구 둔산남로91번길 13
호텔 디에디션,5,굿굿굿굿굿,2023.07.20,"200,000",대전광역시 서구 둔산남로91번길 13
호텔 디에디션,5,"깨끗하고 침구 상태 최상, 아주 좋았어요. 대전 출장 시에는 이곳으로 정합니다.",2023.07.13,"200,000",대전광역시 서구 둔산남로91번길 13
호텔 디에디션,5,잘 머물다 갑니다~,2023.07.11,"200,000",대전광역시 서구 둔산남로91번길 13
호텔 디에디션,5,개깔끔합니다. 비지니슷호테로도 만족합니다,2023.07.09,"200,000",대전광역시 서구 둔산남로91번길 13
호텔 디에디션,5,"좋았습니당! 시청과 가까워요! 룸은 많이 작지만, 좋아요! 잘 쉬었습니다.",2023.07.04,"200,000",대전광역시 서구 둔산남로91번길 13
호텔 디에디션,4,샤워부스가 좁아서 아쉬운거 빼곤 전체적으로 만족합니다.,2023.07.01,"200,000",대전광역시 서구 둔산남로91번길 13
호텔 디에디션,4,편안하였습니다.,2023.06.30,"200,000",대전광역시 서구 둔산남로91번길 13
호텔 디에디션,5,깔끔하고 평일이라 조용했네요 헬스장도 작게 있고 다음엔 조식도 이용해보고싶어여 추천,2023.06.30,"200,000",대전광역시 서구 둔산남로91번길 13
호텔 디에디션,5,신축 호텔이라 깨끗하고 좋아요!!,2023.06.29,"200,000",대전광역시 서구 둔산남로91번길 13
호텔 디에디션,5,숙소가 깔끔하고 너무 좋았습니다. 기관지가 민감한데 자면서 못 안아프고 꿀잠잤습니다.,2023.06.16,"200,000",대전광역시 서구 둔산남로91번길 13
호텔 디에디션,5,새건물이라 쾌적하고 좋았습니다,2023.06.13,"200,000",대전광역시 서구 둔산남로91번길 13
호텔 디에디션,4,"주차장은 조금 불편했고, 
시설은 깨끗하니 만족합니다.",2023.06.12,"200,000",대전광역시 서구 둔산남로91번길 13
호텔 디에디션,5,깔끔 청결 안락!,2023.06.10,"200,000",대전광역시 서구 둔산남로91번길 13
호텔 디에디션,5,가격대비 서비스가 좋아요,2023.06.07,"200,000",대전광역시 서구 둔산남로91번길 13
호텔 디에디션,5,굉장히 깔끔하고 좋았습니다,2023.06.07,"200,000",대전광역시 서구 둔산남로91번길 13
호텔 디에디션,5,깨끗하고 접근성 좋고 다 만족했어요 욕실 샤워부스는 좀 많이 작아요..,2023.06.01,"200,000",대전광역시 서구 둔산남로91번길 13
호텔 디에디션,5,잘 이용했어요,2023.05.31,"200,000",대전광역시 서구 둔산남로91번길 13
호텔 디에디션,5,너무 좋았어요,2023.05.30,"200,000",대전광역시 서구 둔산남로91번길 13
호텔 디에디션,5,깔끔하고 편안했습니다.,2023.05.28,"200,000",대전광역시 서구 둔산남로91번길 13
호텔 디에디션,5,대박이네용,2023.05.23,"200,000",대전광역시 서구 둔산남로91번길 13
호텔 디에디션,5,번화가랑 가깝고 좋아요,2023.05.21,"200,000",대전광역시 서구 둔산남로91번길 13
호텔 디에디션,5,조아용 자주이용하고싶어영,2023.05.07,"200,000",대전광역시 서구 둔산남로91번길 13
호텔 디에디션,5,깨끗하고 좋습니다,2023.05.04,"200,000",대전광역시 서구 둔산남로91번길 13
호텔 디에디션,5,좋습니다 푹쉬었습니다,2023.05.01,"200,000",대전광역시 서구 둔산남로91번길 13
호텔 디에디션,4,침구류 편하고 좋아요 방음은 별로 시청앞 집회있는 날은 피하세요,2023.05.01,"200,000",대전광역시 서구 둔산남로91번길 13
호텔 디에디션,3,위치가 좋습니다 신상이라 깔끔합니다 객실은 넓은 편은 아닙니다,2023.05.01,"200,000",대전광역시 서구 둔산남로91번길 13
호텔 디에디션,4,신상호텔이라 깔끔해요,2023.04.30,"200,000",대전광역시 서구 둔산남로91번길 13
호텔 디에디션,5,신축 호텔이라 깔끔했고 위치도 좋았어요!,2023.04.23,"200,000",대전광역시 서구 둔산남로91번길 13
호텔 디에디션,5,완벽그잡체,2023.04.17,"200,000",대전광역시 서구 둔산남로91번길 13
