hotel,star,review,date,price,address
대전 유성 보보스,5,"동료와 출장으로 하루 묵었습니다
가격에 비해 청결하고 나쁘지 않았습니다",2024.11.08,"20,000",대전광역시 유성구 계룡로155번길 40(봉명동)
대전 유성 보보스,4,"가격이 깡패임ㅎ 근데 공사해서 낮에 엄청시끄럽고 침구재탕 백프로... 머리카락범벅에 냄새 오짐... ㅜㅜ 
주차장 좁고.... 저는 다시이용은 힘들것같네요^^;;;;",2024.11.01,"20,000",대전광역시 유성구 계룡로155번길 40(봉명동)
대전 유성 보보스,4,항상 기분좋게 애용하고 잇습니다,2024.10.08,"20,000",대전광역시 유성구 계룡로155번길 40(봉명동)
대전 유성 보보스,5,출장으로 왔다가 잘 자고 갑니다.,2024.09.08,"20,000",대전광역시 유성구 계룡로155번길 40(봉명동)
대전 유성 보보스,4,"주말에 숙박하기좋습니다.
잠만 주무실분께 추천....가성비 만족해요",2024.08.25,"20,000",대전광역시 유성구 계룡로155번길 40(봉명동)
대전 유성 보보스,5,가성비 정말 좋은 숙소입니다,2024.07.11,"20,000",대전광역시 유성구 계룡로155번길 40(봉명동)
대전 유성 보보스,3,가격이 저렴하고 그냥 잘만해요,2024.06.30,"20,000",대전광역시 유성구 계룡로155번길 40(봉명동)
대전 유성 보보스,2,그냥 싼맞에 갔습니다 그 근방에는 제일쌉니다,2024.06.16,"20,000",대전광역시 유성구 계룡로155번길 40(봉명동)
대전 유성 보보스,5,잘쉬다갑니다 수고하세요,2024.06.05,"20,000",대전광역시 유성구 계룡로155번길 40(봉명동)
대전 유성 보보스,5,이번달 두번째 방문,2024.05.05,"20,000",대전광역시 유성구 계룡로155번길 40(봉명동)
대전 유성 보보스,5,좋습니다 아날로그감성,2024.04.29,"20,000",대전광역시 유성구 계룡로155번길 40(봉명동)
대전 유성 보보스,5,따뜻하고 좋음,2024.03.10,"20,000",대전광역시 유성구 계룡로155번길 40(봉명동)
대전 유성 보보스,5,친절하고 좋음,2024.03.10,"20,000",대전광역시 유성구 계룡로155번길 40(봉명동)
대전 유성 보보스,5,생각보다 깔끔함,2024.02.19,"20,000",대전광역시 유성구 계룡로155번길 40(봉명동)
대전 유성 보보스,4,저렴한 가격에 숙박용으로는 딱입니다,2023.12.18,"20,000",대전광역시 유성구 계룡로155번길 40(봉명동)
대전 유성 보보스,1,"주인 아주머니는 친절하신듯 한데 여자 혼자 온 투숙객을 이리보고 저리보고 방키를 여러개 놓고도 제일 높은층 통로 제일 안쪽으로 배정해줘서 어두운 통로 안쪽까지 들어가느라 신경쓰임. 시설은 노후되었고 보기에는 깔끔히 정돈되어 있지만 방안 가득 담배냄새로 쩔어있고 벽의 도배지는 얼룩과 파손부위도 있으며 침구냄새가 심해 청결도가 신경쓰여 잠도 못잠. 이불덮지않고 불안, 불쾌 느끼다 새벽에 일찍 나옴",2023.12.17,"20,000",대전광역시 유성구 계룡로155번길 40(봉명동)
대전 유성 보보스,1,잘쉬다갑니다,2023.10.31,"20,000",대전광역시 유성구 계룡로155번길 40(봉명동)
대전 유성 보보스,5,좋아아요요용,2023.10.19,"20,000",대전광역시 유성구 계룡로155번길 40(봉명동)
대전 유성 보보스,5,대전 최저가 숙소.,2023.09.05,"20,000",대전광역시 유성구 계룡로155번길 40(봉명동)
대전 유성 보보스,5,좋았습니다,2023.08.28,"20,000",대전광역시 유성구 계룡로155번길 40(봉명동)
대전 유성 보보스,1,싼거 하나만 보고 갈것. 서비스 혹은 상태 기대하지말것. 보통은 어느정도 감수하는데 여기는 좀..,2023.06.12,"20,000",대전광역시 유성구 계룡로155번길 40(봉명동)
대전 유성 보보스,3,방이 추웠네요. 주변 재개발로 모텔이 많이 사라져서 선택의 폭이 좁은관계로 숙박비가 시설에 비해.많이 오른듯..,2023.03.27,"20,000",대전광역시 유성구 계룡로155번길 40(봉명동)
대전 유성 보보스,3,가격대비 만족합니다,2023.02.27,"20,000",대전광역시 유성구 계룡로155번길 40(봉명동)
대전 유성 보보스,1,아주 별로임,2023.01.01,"20,000",대전광역시 유성구 계룡로155번길 40(봉명동)
대전 유성 보보스,4,저렴하게 하루자기에 좋습니다!,2022.12.26,"20,000",대전광역시 유성구 계룡로155번길 40(봉명동)
대전 유성 보보스,3,가격 3만원은 비싸네요,2022.12.24,"20,000",대전광역시 유성구 계룡로155번길 40(봉명동)
대전 유성 보보스,3,가격에 보통,2022.12.16,"20,000",대전광역시 유성구 계룡로155번길 40(봉명동)
대전 유성 보보스,5,잘 쉬고 가요~,2022.12.10,"20,000",대전광역시 유성구 계룡로155번길 40(봉명동)
대전 유성 보보스,4,가성비 갑임,2020.02.28,"20,000",대전광역시 유성구 계룡로155번길 40(봉명동)
대전 유성 보보스,3,가격대비그럭저럭,2017.10.24,"20,000",대전광역시 유성구 계룡로155번길 40(봉명동)
