hotel,star,review,date,price,address
대전 베스트인시티 호텔,5,어머니 모시고 하룻밤 보낼 곳 찾다가 왔습니다 어머니께서 휠체어를 타셔서 문의전화드렸는데 친절히 답변해주시고 안내해주셨습니다 주차는 앞에 편히 할 수 있었고 가는 데 어려움 없었습니다 전체적으로 깨끗한 느낌이지만 침구류 예민하시면 조금 불편할 수 있습니다 침대는 푹신했고 전기장판있어 따뜻하고 편히 잤습니다 숙박 잘 했습니다,2024.02.07,"79,200",대전광역시 중구 대종로386번길 1
대전 베스트인시티 호텔,5,"대전 여행을 급히 계획하며 
가볍게 잠만 잘 수 있는 가성비 숙소를 찾다가 
베스트인시티 호텔을 이용 했습니다. 
대전역, 야구장을 비롯하여 유명 맛집들과 가까워 
뚜벅이로 방문하더라도 걱정 없을듯 하며 
하룻밤 편히 묵고 가기 괜찮았어요 🙂",2024.02.25,"79,200",대전광역시 중구 대종로386번길 1
대전 베스트인시티 호텔,5,객실도 화장실도 넓고 생수도 넉넉하게 주시고 드라이기에 매직기까지 있어 참 편했습니다. 필요에따라 다양하게 쓸수있는 충전기까지 있더라구요. 대전역과도 가까워서 대전의 여러곳을 편하게 다닐수 있었답니다. 담에도 대전에 가면 다시 묵고싶습니다. 그땐 한화이글스 경기도 보고싶네요.,2024.08.08,"79,200",대전광역시 중구 대종로386번길 1
대전 베스트인시티 호텔,5,"연휴인데 급하게 예약하느라 3인까지 가능한 2인 방으로 예약했었어요, 방에 깔 수있는 이불도 충분히 주시고 직원분들이 친절해서 편하게 지냈어요~ 중앙로역에서 가까운 편이라 근처에 지내는 곳으로 추천합니다 ^^",2024.05.06,"79,200",대전광역시 중구 대종로386번길 1
대전 베스트인시티 호텔,5,"가족과 대전 성심당 가려고 1박 했는데 가격이나 숙소 위치가 적당했어요
성심당 근처에 숙소가 대부분이 2인실이라
4인실을 힘들게 예약했어요",2024.02.28,"79,200",대전광역시 중구 대종로386번길 1
대전 베스트인시티 호텔,4,수건이랑 어메니티 충분히 챙겨주시고 요도 따로 챙겨주셨어요~ 체크아웃할때 차에 모기향이 떨어져있어서 아쉬웠네요~,2024.07.07,"79,200",대전광역시 중구 대종로386번길 1
대전 베스트인시티 호텔,3,"위치가 좋습니다. 주차 편해요. 맥도날드 가까워요.
단점은 다른 후기에서 보시면 됩니다. 대체로 맞더라구요.
가격대비 괜찮아요.",2024.10.05,"79,200",대전광역시 중구 대종로386번길 1
대전 베스트인시티 호텔,4,이제서야 후기 작성합니다.. 우선 직원분들 서비스나 친절도 완전 만점이십니다. 맥날 가까이 있어서 좋고요 운동삼아 걷기 좋은 거리에 뭐가 많아서 성심당이나 스파오 대형점 등등 즐거운 여행할 수 있었어요. 숙소 컨디션도 괜찮았고 청결했습니다 굳굳,2024.03.28,"79,200",대전광역시 중구 대종로386번길 1
대전 베스트인시티 호텔,2,"화장실 벽 더럽고 바닥에도 머리카락이 ,, 방에서 냄새도 났어요 젤 장점은 야구장 앞이라는 거랑 성심당 걸어서 갈 수 있는거에요 그리고 앞에 맥날있는것 뿐",2024.07.25,"79,200",대전광역시 중구 대종로386번길 1
대전 베스트인시티 호텔,5,"야구장 갈때마다 이용하는 곳이에요.
깔끔하고 청결합니다! 직원분도 친절하셔요~
다만 체크인 시간이 너무 늦고 시간 전에 주차가 힘들다는건 조금 불편합니다.",2024.07.22,"79,200",대전광역시 중구 대종로386번길 1
대전 베스트인시티 호텔,5,"연박했지만
룸클리닝은 없었어요
그래도 비품 물 이야기하니 바로 가져다주시긴 했음
레이트 체크아웃 2만원 추가",2024.07.22,"79,200",대전광역시 중구 대종로386번길 1
대전 베스트인시티 호텔,3,더블침대하나 싱글침대하나 당연히 삼인기준인줄 알았는데 체크인할때 2인 기준이라며 일인추가 만오천원 추가했어요 침대가 삼인용인데 2인 기준인건 또 첨이네요 근데 응대하는 프론트 여직원 같은말이라도 좋게 얘기하면 좋겠는데 명시되어있으니 확인하라며 표정 말투가 불친절해서 더 기분나빴습니다,2024.06.01,"79,200",대전광역시 중구 대종로386번길 1
대전 베스트인시티 호텔,1,"타올이 오래되고 낡아서 사용하기 꺼려지고 침대 헤드 상단 또한 청소를 안해서 먼지가 많아요~
재방문은 어렵겠네요~~",2024.10.05,"79,200",대전광역시 중구 대종로386번길 1
대전 베스트인시티 호텔,5,"깔끔하고 적당한 방크기 등 좋았습니다
배구 보려고 대전에 온거였는데 체육관이랑 완전 가까워서 너무 좋았고 지하철역이랑도 많이 멀지
않았어요
처음 예약했을때 리뷰에 화장실에서 담배 냄새난다는 후기 있었는데 경험해보니 정말 났습니다 
근데 엄청 신경 쓰이는 정도는 아니었구요
담배냄새 조금이라고 나는게 힘드신 분이면 다른 곳 추천드립니다
전체적으로 아주 만족했습니다 다음에도 여기서 묵을 의향있을 정도입니다",2023.01.27,"79,200",대전광역시 중구 대종로386번길 1
대전 베스트인시티 호텔,5,"프론트 직원 친절하시고 방이 너무 따뜻했어요.
추가 침구도 편안해서 잘 잤어요.
바로 앞에 맥도날드가 있어 맥모닝 먹을 수 있어 좋구요,
조금만 걸어 나가면 맛집으로 추정되는 순대, 생선구이 식당이 있어서 좋아요 :-) 추천합니다.",2022.11.20,"79,200",대전광역시 중구 대종로386번길 1
대전 베스트인시티 호텔,4,"야구장과의 거리, 직원분들의 친절함 방에서 담배냄새도 안나고 좋았습니다 
약간 아쉬웠던건 ㅜ 청소상태인데요...방에 머리카락이 제대로 치워지질않아서... 좀 불쾌했습니다ㅜㅜ 이 점 빼곤 편하게 잘 이용했습니다",2022.09.07,"79,200",대전광역시 중구 대종로386번길 1
대전 베스트인시티 호텔,5,혼자 대전 가는 거라 일부러 야구장 앞에 숙소 잡았는데 왔다갔다 하기 너무 편했고 사장님도 너무 친절하시고 체크인 전후로 짐 맡기는 것도 도와주시고 그냥 너무 친절하셨어요…!!!!!!,2023.09.02,"79,200",대전광역시 중구 대종로386번길 1
대전 베스트인시티 호텔,5,"우선 대전 시내랑 가까워서 좋았어요. 충분히 걸어서 갈 수 있는 거리고, 옆에 편의점도 하나 있어서 편했어요. 방은 깨끗했고 화장실 문도 불투명으로 되어있을까봐 걱정했는데 아니라서 괜찮았어요. 전체적으로 만족합니당",2022.06.25,"79,200",대전광역시 중구 대종로386번길 1
대전 베스트인시티 호텔,4,야구장이랑 가까워서 좋았어요. 다만 객실내부시설이랑 비치품 조금 더 깔끔하게 관리되면 더 좋을 것 같아요. 난방도 잘 되고 전기장판 깔려있어서 좋았고 침구는 큰 불편함 없이 잘 잤어요.,2022.04.18,"79,200",대전광역시 중구 대종로386번길 1
대전 베스트인시티 호텔,5,착오로 주말 체크인이 19시인데 15시로 잘 못 나와있었나봐요 그래도 담당자님이 체크인 빠르게 해주셔서 일찍 쉴 수 있었어요 그리고 체크아웃 12시 이후에 짐도 보관해주셔서 편안하게 일정 마무리 할 수 있었습니다.,2023.04.24,"79,200",대전광역시 중구 대종로386번길 1
대전 베스트인시티 호텔,5,이글스파크랑 가깝고 바로 앞에 맥도날드가 있어서 잘 이용했습니다. 주차시설도 충분하고 방도 넓었어요. 조금 낡은 느낌이 있지만 야구관람시 이용하기 정말 좋습니다.,2022.10.03,"79,200",대전광역시 중구 대종로386번길 1
대전 베스트인시티 호텔,5,방은 생각보다 넓고 좋았어요 아쉬운 점은 방이 좀 습했는데 에어컨 틀어놓으니 금방 괜찮아지더라구요 화장실도 넓고 깔끔해요,2023.04.22,"79,200",대전광역시 중구 대종로386번길 1
대전 베스트인시티 호텔,5,"야구장이랑 가깝고, 주차도 미리 할 수 있게 해주셔서 너무 좋았어요
코로나 때문에 조식이 안되서 아쉬웠지만 시설이 좋아서 만족했습니다",2022.06.27,"79,200",대전광역시 중구 대종로386번길 1
대전 베스트인시티 호텔,4,접근성 위치는 좋습니다 숙소 컨디션이 조금 아쉬웠지만 다른부분이 커버를 다해서 괜찮았습니다! 잘쉬다가 왔습니다,2022.08.21,"79,200",대전광역시 중구 대종로386번길 1
대전 베스트인시티 호텔,5,"직원분 친절하시고, 시설도 넘 좋고 조용하게 잘 쉬고 왔습니다. 매직기까지 구비되어 있어 머리 손질도 편하게 잘 했습니다~^^",2023.04.17,"79,200",대전광역시 중구 대종로386번길 1
대전 베스트인시티 호텔,4,"바로 옆에 맥도날드가 있어서 좋았는데 편의점이 조금 멀리 있어요! 
위치도 좋고 깨끗하고 좋았어요~",2023.10.03,"79,200",대전광역시 중구 대종로386번길 1
대전 베스트인시티 호텔,5,숙소도 깔끔하고 침대 전기장판도 따뜻해서 좋았어요. 사장님도 너무 친절하셨구요. 편하게 잘 쉬다 갑니다!,2022.02.14,"79,200",대전광역시 중구 대종로386번길 1
대전 베스트인시티 호텔,4,"위치접근성, 친절도, 청결도 좋았어요.
다만, 조식이 제공된다고 명시되어 있길래 숙박 결정했는데,
전혀 제공되지 않아 실망스러웠어요.
그 부분만 개선되면 재이용 의사 있습니다.

뷰는 기대 안 하시는 게 좋아요.
바로 앞에 맥도날드 매장 있는 건 괜찮았어요.",2023.04.01,"79,200",대전광역시 중구 대종로386번길 1
대전 베스트인시티 호텔,5,"일단 저는 3박 연박을 했었어요. 야놀자 외에 다른 사이트에서도 평점이 좋아서 바로 연박으로 했는데 후회가 없어요. 평 그대로 여자사장님 남자사장님 모두 친절하셨고, 객실 컨디션이 너무 좋아서 놀랐네요. 가운도 일회용 비닐에 포장되어 있어서 믿고 입을 수 있었고, 수건도 계속 채워주시고 물도 3병씩 채워주시더라고요. 연박하면 가끔 시트 안갈아주는 업소들도 은근 있는데, 여기는 3일내내 갈아주셔서 놀랐네요~ 일단 맥도날드가 바로 앞에 있고 옆으로 좀만 가면 편의점도 있고! 걸어서 다니기에도 멀지 않고~ 차 두고 번화가에 술마시러 나가는데 도보 이용하기도 편하고 주차장도 넓어요! 조식도 무료랬는데 자느라 한번도 이용 못해본게 아쉬워요~ 화재경보가 잠깐 오작동 해서 놀라긴 했는데 정말 3일동안 너무 잘 쉬다가요!! 주변에 식당도 있어서 재미있게 놀았네요^^ 깔끔하고 가성비도 최고! 대전 좋은 추억으로 남아서 넘 좋아요! 번창하세요~",2020.06.01,"79,200",대전광역시 중구 대종로386번길 1
대전 베스트인시티 호텔,5,"일단 너무너무 잘 머물렀습니다. 주인분께서 너무 친절하셨고 정말 불편한 부분 없이 잘 지내고 왔네요. 바로바로 피드백 해주셔서 너무 감사했어요. 그리고 아침 7시부터 9시까지 조식시간인데 조식이 너무 맛있었어요. 저희가 갔을땐 스프, 빵, 딸기잼, 버터, 삶은계란, 고구마, 소세지, 씨리얼, 쿠키, 누네띠네, 귤, 우유, 주스, 커피 정도 있었던 것 같아요. 정말 정말 든든하게 아침을 먹었습니다! 조식당도 너무 예쁘고 건물 내부가 리모델링한지 얼마안되서 깔끔하고 정말 좋았네요.
객실 내부도 방이나 화장실이나 깔끔했고, 인테리어도 사진에 나온 것처럼 너무 예뻤어요. 그리고 필요한 것들은 언제든지 프론트에 물어보면 다 해결해주시더라고요 정말 친절하세요.
숙소위치는 중앙로역에서 십분 조금 넘게 걸으면 도착할 수 있어요 저희는 대전역에서 내려서 택시 타고 한 5분정도 걸렸네요. 그리고 근처에 성심당이나 대전시내기 때문에 밖에서 놀다가 들어오기도 좋았어요. 그리고 바로 옆에는 맥도날드가 있어서 이 부분도 좋았고요.
일단 가격적인 면에서도 메리트 있는 곳인데 다른 부분들까지 완벽했던 숙소입니다! 다음에 대전에 들리게 된다면 또 묵으려고 합니다!",2020.01.11,"79,200",대전광역시 중구 대종로386번길 1
대전 베스트인시티 호텔,4,"화장실이 넓고 야구장 근처라서 좋았습니다
조식은 코로나때문에 운영되지 않았고
침대는 이불에 뭐가 묻어있길래 좀 찝찝했지만
전기장판이 있어서 따뜻하게 잤습니다
가성비 면에서 훌륭합니다 조식 이용 못한게 아쉽네요
근처가 좀 열악하고 모텔촌이지만 
도보15분 정도에 중앙로역이 있어 괜찮았습니다
숙소 바로 앞이 맥도날드라 조식대신 맥모닝 먹기 좋아요",2021.02.20,"79,200",대전광역시 중구 대종로386번길 1
대전 베스트인시티 호텔,3,"별다섯개을 주고싶은데...
쪼금실망이...외관은 깨끗해요.
하지만!숙소 들어가서 보니 보여지는데만,
깨끗!호텔급으로 예약이 나오던데 모텔수준
충전기도 있지만 안돼고,부품도 별로 빛도부려지고
하찷은것이 많네요.그주위가 먼지가 많아요.거기는 청소안하신듯...
한가지더 화장실문이 넘시끄려요.
미는것으로 하면 좋을것같은데요.
섬세한것 하나하나 고객들은 감동이거든요.
보여주는 곳이 아닌 실속있는 호텔이 되길 바랄께요.
감사합니다.",2021.03.29,"79,200",대전광역시 중구 대종로386번길 1
대전 베스트인시티 호텔,4,"예전에 좋게 방문했던 기억이 있어서 재방문을 하였는데, 이번에는 조금 실망했네요ㅠㅠ 숙소에 에어컨 온도조절이 안되어서 전화를 드리니 오셔서 봐주셨는데 계속 같은 현상이 지속 되어 다시 전화를 드렸는데 두세번 더 전화드릴때까지 몇시간정도 응답이 없으셨네요. 그래도 빠르진 않았지만 마지막에 숙소를 바꿔주셔서 괜찮았습니다. 숙소가 좋으니 다음에도 방문할 의사는 있습니다! 교통은 버스로는 가기 좀 멀어요. 조식은 든든하게 먹을 수 있어 좋았습니다!",2020.08.11,"79,200",대전광역시 중구 대종로386번길 1
대전 베스트인시티 호텔,4,"위치도 좋고 시설도 깔끔합니다.
직원분들 모두 매우 친절하셨어요.
한가지 단점은
옆 방 여자 세 분이 파티를 하는지
소음이 늦은 시간까지,,
차음력은 조금 아쉬웠어요.",2021.03.20,"79,200",대전광역시 중구 대종로386번길 1
대전 베스트인시티 호텔,5,가성비만 좋은게 아니고 객실도 생각보다 훨씬 넓고 고급스러웠습니다. 욕실도 넓고 티비 화면도 크고 드라이기 고데기도 다 있구요. 급하게 나가느라고 제대로 즐기진 못했지만 아침에 따끈따끈한 조식이 너무 맛있어서 마지막 기억까지 매우 좋았습니다. 다음에 또 가고 싶을정도,2020.11.09,"79,200",대전광역시 중구 대종로386번길 1
대전 베스트인시티 호텔,4,청결하고 프론트 직원분도 친절하시고 조식도 괜찮고 다 좋은데 방음이 너무 안되더라구요.. 옆방 사람의 소음정도에 따라 숙면컨디션이 달라집니다. 예민하시거나 다음날 중요한 일이 있으신분들은 솔직히 추천드리지 않습니다. 하지만 본인이 어떤 환경에서도 잘잔다 하시는분들은 괜찮습니다. 가성비도 좋고 다 좋았는데 방음부분이 정말 아쉽네요,2020.08.31,"79,200",대전광역시 중구 대종로386번길 1
대전 베스트인시티 호텔,5,"바닥에 머리카락이 좀 많았어요. 
아이들과 방문해서 테이블 의자 옮길 일이 있었는데...
구석 구석 머리카락이 많아요. 다른먼지는 없는데.......",2023.03.01,"79,200",대전광역시 중구 대종로386번길 1
대전 베스트인시티 호텔,5,완전 깔끔하고 번화가에서 택시타고오기엔 근접성도 크고 편의점도 바로 옆이고 맥날도 앞에있고 좋았어요,2021.03.29,"79,200",대전광역시 중구 대종로386번길 1
대전 베스트인시티 호텔,5,지금까지 머물렀던 숙소 중 최고였어요 왠만한 모텔보다 저렴한 가격에 객실 내부도 깨끗하고 냄새도 안 나고 깔끔 그 자체였습니다. 다음에 다시 머물 의사 충분히 있고요 리셉션도 친절하셨어요 조식은 자느라 못 먹었지만;; 다음에 이용할 땐 꼭 먹어보려구요,2020.02.01,"79,200",대전광역시 중구 대종로386번길 1
대전 베스트인시티 호텔,5,2박3일 여행이였는데 연박으로 예약했습니다 중앙로역에서 10분정도걸어도 괜찮을만한 숙소입니다. 어메니티 다있고 고데기도 있어서 챙길때 짐 최소화할수있습니다 다만 밤에 소음 조금있어요 잠자리가 극도로 예민하신분들은 비추...,2020.05.03,"79,200",대전광역시 중구 대종로386번길 1
대전 베스트인시티 호텔,5,객실 넓고 깔끔했고 무엇보다 프론트데스크에 계신분들이 너무 친절하신게 좋았습니다 숙소 근처에 바로 맥도날드와 편의점이 위치해있는게 굉장히 마음에 들었고 다음에도 대전 방문하면 숙박하고 싶은곳입니다,2020.10.05,"79,200",대전광역시 중구 대종로386번길 1
대전 베스트인시티 호텔,5,"충전기 고장 : 프론트에서 가져다 주심
전기장판 안됨 : 이건 연결부위 미접촉으로 코드만 잘 꽂으면 됨
화장실 샤워기 온도 잘못 표기 : 온수와 냉수가 반대로 표기되어 잇어서 손 데일뻔함

a동 505호",2020.01.26,"79,200",대전광역시 중구 대종로386번길 1
대전 베스트인시티 호텔,5,새롭게 리모델링하신건지 모든게 깨끗하고 좋네요. 미친듯이 뜨겁게 쏟아지는 온수에 대만족. 새벽에 살짝 싸늘한게.. 그래도 대만족스런 숙박이였습니다. 조식은 늦잠을 자서 못먹었지만 식당을 따토 두실만큼 시설과 이용에 신경많이 쓰신티가납니다. 근방 출장시에ㅣㄴ 무조건 베스트만 이용하겠습니다,2019.12.06,"79,200",대전광역시 중구 대종로386번길 1
대전 베스트인시티 호텔,2,"관리 안된 모텔수준
겉만 번지르르
앞에 맥도날드있다는 장점빼곤 없음
스타일러도 관리안해서 작동도안되고 안에 때가낌
요즘 모텔 다이런가..",2023.07.01,"79,200",대전광역시 중구 대종로386번길 1
대전 베스트인시티 호텔,4,"룸은 리모델링해서 깨끗했어요. 주인장님도
친절하셨어요. 다만 찻길쪽에서 좀 떨어진 곳인데도
차소리가 많이나요. 윗층 사람을 잘못만나 새벽2시가
넘도록 쿵쿵..ㅠㅠ. 자다깨다를 반복 아침이 밝았어요
조식은. 간단하지만 좋았어요. 이가격에 조식까지
더 바란다면 미안하겠죠^^::",2019.12.08,"79,200",대전광역시 중구 대종로386번길 1
대전 베스트인시티 호텔,5,"데스크 직원분이 너무 친절하세요 잘 묵고 갑니다 
다만 가족들끼리오기엔 부적합한거같아요 광고물이 ㅠㅠ",2020.10.28,"79,200",대전광역시 중구 대종로386번길 1
대전 베스트인시티 호텔,4,"잘 다녀왔어요 
밑에서인지 아니면 객실인지 담배 냄새로 인해 조금 불편했구요
5월이긴 하지만 방만 온도가 조금 쌀쌀합니다.
전기장판이 있다해도 윗공기가 서늘하네요.
개별 난방을 조금 고려해야 하지싶네요.
그래도 친절하고 조식도 있고 만족합니다",2020.05.30,"79,200",대전광역시 중구 대종로386번길 1
대전 베스트인시티 호텔,3,"나름 큰길가 바로앞에 위치하고있어서 찾기 쉬웠고, 프론트 직원분들이 너무 친절하셨어요! 건물 내부에 전체적으로 기분조흔 향기가 나고 깔끔해서 좋았는데, 객실 내부는 담배냄새가 나서 저한텐 머리가 아픈 정도였네요ㅠㅠ 복도전체엔 향기가 났거든요... 침대에는 전기장판이 있어서 따듯하게 잤어요! 온수도 아주 잘나옵니다ㅋㅋㅋㅋ",2020.01.13,"79,200",대전광역시 중구 대종로386번길 1
대전 베스트인시티 호텔,5,일단 데스크에 사장님 너무 친절하세요 ㅎㅎ 방도 엄청 청결하구 그리고 다른곳 가면 수건을 락스에 엄청 담궈서 빨래를 해서 수건쓰면 피부에 트러블 일어나고 그러는데 요기는 냄새도 안나고 쓰고 트러블도 안났어여 잘 쉬다 갔어요 !!,2020.01.19,"79,200",대전광역시 중구 대종로386번길 1
대전 베스트인시티 호텔,4,"친절하시고 의치도 좋아요!
다만 밤늦게 오는분들 소리는 다들리더라구요 ㅠ
침구랑 바닥 청소가 조금은 아쉬웠어요...!
그래도 모텔 느낌호텔아니고 그냥 호텔 같아서 좋았어요!",2020.07.03,"79,200",대전광역시 중구 대종로386번길 1
대전 베스트인시티 호텔,5,방에서 약간 담배냄새가 났었어요. 아마도 전 투숙객이 방에서 담배를 피웠었나봐요. 그래도 창문을 계속 열어놓으셔서 괜찮았구요. 전체적으로 깔끔했습니다. 조식은 1층 조식동에서 7시부터 9시까지 제공되는데 간단한 스프 소시지 빵등이 있어서 간단히 아침먹기 좋았습니다.,2019.10.20,"79,200",대전광역시 중구 대종로386번길 1
대전 베스트인시티 호텔,5,"아기랑대전여행으로머물렀던곳인데
룸도만족하고
특히
""조식""이 넘나넘나
맛났습니다~~ 조식때계셨던
여자사장님분 넘나친절하십니다~~
기분좋게하루시작할수있었습니다~~
좋은마음감사합니다~~번창하세요^^",2019.10.17,"79,200",대전광역시 중구 대종로386번길 1
대전 베스트인시티 호텔,4,모든 직원이 친절했고 침대 전기 장판이 따뜻했어요 위생 가운이 일회용 비닐에 있어서 좋았구 방음이 괜찮아서 소음은 없었는데 tv 컨텐츠는 적습니당 사진은 조식이에용,2019.12.18,"79,200",대전광역시 중구 대종로386번길 1
대전 베스트인시티 호텔,5,"2틀 숙박했습니다. 가격도 저렴하고 객실 청결이 아주마음에 들었습니다 하룻밤 묵고 나갔다오니 청소도 다되어있고..
사장님도 친절하시고. 비품도 잘 챙겨주셔서 아주 편안히 보냈습니다. 대전오게되면 또오겠습니다^^",2019.10.06,"79,200",대전광역시 중구 대종로386번길 1
대전 베스트인시티 호텔,3,"야구 관람을 위한 최적의 장소예요. 
한화이글스파크가 걸어서 5분, 중앙로 성심당은 걸어서 15분 정도예요. 근처 하나로마트도 있어서 물건 사기도 좋네요. 

제가 배정받은 곳은 도로변이긴 해도 전망이 트인 곳이라 좋았어요. 

다만 화장실에서 담배 냄새가 많이 나요. 분명 전객실 금연이라고 했는데 누군가가 피운 담배가 환풍구를 통해 올라온거 같아요. 24시간 냄새가 나는건 아니라서요. 화장실 문은 꼭 닫으세요.",2023.09.09,"79,200",대전광역시 중구 대종로386번길 1
대전 베스트인시티 호텔,5,"대전역에서 걸어서 20분거리에 있습니다.
가격대비 룸도크고 욕조도 있고 청결함
커피 식빵 스프 소시지 달걀 조식제공도 마음에 들었음",2019.11.14,"79,200",대전광역시 중구 대종로386번길 1
대전 베스트인시티 호텔,5,숙소 완전 가성비 좋고 조식도 맛있고 직원분들도 친절하세요! 다만 대중교통이용하시면 가기 조금 어렵다는점?,2020.03.15,"79,200",대전광역시 중구 대종로386번길 1
대전 베스트인시티 호텔,3,"늘 좋다 생각했는데 이번 머물 때는 수건이 문제가 있었어요, 4개 중에 세 개가 더러워서 교환했고 교환 한 것도 하나는 얼룩 있더라고요.
피자국 같은 얼룩이랑 색이 누리끼리한 얼룩으로 있었어요,,
하얀색이라 더 잘 보이던데 신경 써주셨으면 좋겠다고 프론트에 말씀드리니 처음에 한 개는 바로 바꿔주셨는데 다시 연락드리니까 귀찮아하시는 게 티나서 조금 불편했어요,,",2022.10.08,"79,200",대전광역시 중구 대종로386번길 1
대전 베스트인시티 호텔,5,사장님이 일단 너무 친절하시고 시설도 괜찮고 객실이 깔끔해서 좋았어요 이불에서 깨끗한 냄새나요 ㅎㅎ 기분좋게 잘 쉬다 갑니다~!!^^,2020.04.18,"79,200",대전광역시 중구 대종로386번길 1
대전 베스트인시티 호텔,5,비대 물 내려지는데 좀 많이 약하더라고용 그거 빼곤 다 좋아여 직원분들도 너무 친절하시고 방도 깔끔하고 너무 따뜻했어요 땀 뻘뻘 흘리면서 잤네용 흐흐,2020.01.10,"79,200",대전광역시 중구 대종로386번길 1
대전 베스트인시티 호텔,4,가족과 1박 .오래된 숙박업소 많아서 걱정했지만 좋았고친절했고. 조식은 생각외로 별로였음~~ 대전 또 간다면 예약하고 싶다. 추천도~,2020.01.29,"79,200",대전광역시 중구 대종로386번길 1
대전 베스트인시티 호텔,5,다른 후기들처럼 정말 친절하셨어요. 객실도 깔끔하고 다른 곳에 비해 넓구요. 화장실도 침대쪽과 분리가 되어있고 좋았어요. 앞으로 여기 애용할거에요.,2019.11.18,"79,200",대전광역시 중구 대종로386번길 1
대전 베스트인시티 호텔,5,"장거리커플이라 대전올때마다 한번씩오는데
저번에 조식실패해서 드디어 성공해봅니다ㅎㅎ
친절하시고 방도따듯해요",2019.12.29,"79,200",대전광역시 중구 대종로386번길 1
대전 베스트인시티 호텔,5,"내부가 예상했던 거 이상으로 깔끔하고 좋았습니다.
리모델링을 해서 그런 것일 수도 있겠으나 방도 넓고 아주 편하게 잘 쉬다 나왔습니다.
재방문의사가 있습니다~",2019.11.11,"79,200",대전광역시 중구 대종로386번길 1
대전 베스트인시티 호텔,5,"말이 필요없는 별 다섯개, 인근 최고의 가성비. 난방좋고. 피씨좋고. 조식도 좋다는데 늦쟘자서 한번도 못 먹었네요",2019.12.19,"79,200",대전광역시 중구 대종로386번길 1
대전 베스트인시티 호텔,5,엄청깨끗하고 친절하시고 화장실도 넓직하고 수압도쎄고 온수콸콸이네요 심지어 조용하기까지했습니다 만족합니다,2020.05.03,"79,200",대전광역시 중구 대종로386번길 1
대전 베스트인시티 호텔,5,"정말 새건물인지 깔끔하고 객실도 청결하여 엄청 좋았고 
무엇보다 주차장이 엄청 넓어서 좋았어요 ㅎㅎ
조식도 간단하게 준비되어있어 좋았고 
사장님이 넘 친절했어요 ㅎ.ㅎ 
나중에 또 이용하고 싶어요~",2019.10.14,"79,200",대전광역시 중구 대종로386번길 1
대전 베스트인시티 호텔,5,이틀동안 아주 잘 자고 갑니다 . 너무 친절하시고 방도 진짜 좋고 깨끗해요 ! 완전 고퀄리티에요,2020.01.01,"79,200",대전광역시 중구 대종로386번길 1
대전 베스트인시티 호텔,5,"방이 완존 따뜻하진 않았지만 가성비는 짱이였어요.
침대에 전기장판 있었네요
리모델링을 한거 같은데 욕실도 너무 좋았고 방도 컸어요.",2019.12.18,"79,200",대전광역시 중구 대종로386번길 1
대전 베스트인시티 호텔,5,"가성비가 너무 좋네요 사장님도 친절하셨구요, 청소도 깔끔했는데 하나아쉬웠던건 담배냄새가 조금...ㅎ",2020.01.27,"79,200",대전광역시 중구 대종로386번길 1
대전 베스트인시티 호텔,5,"찾기 엄청 쉽구 주차공간도 넓어서 좋았어요 
사장님도 친절하시구 무엇보다 방이 깨끗하고 공기청정기도 잇어서 좋앗네요 ㅎㅎ",2020.07.31,"79,200",대전광역시 중구 대종로386번길 1
대전 베스트인시티 호텔,5,역에서 조금 걸어야하구요 그렇지만 데스크직원분들이 매우 친절합니다 리모델링한 티가 나지만 그래도 모던하고 깔끔한 분위기입니다,2019.10.19,"79,200",대전광역시 중구 대종로386번길 1
대전 베스트인시티 호텔,4,"리모델링하여 깔끔하고 시설도 괜찮습니다.
접근성도 좋고 조식도 있습니다.
가성비 좋은 숙소",2020.03.09,"79,200",대전광역시 중구 대종로386번길 1
대전 베스트인시티 호텔,5,"엄청 깨끗하고 친절하고 좋았어요
전기장판도 있어서 따듯하게 푹 자고
수건에서 냄새도 안나서 좋았어요
가성비 만족이라 또 갈거예요",2019.10.22,"79,200",대전광역시 중구 대종로386번길 1
대전 베스트인시티 호텔,5,아기와 함께 2박을 했습니다. 방도 깔끔하고 아기와 지내기에도 좁지 않았어요. 아침에 조식도 간단하지만 배부르게 먹을 수 있어 좋았습니다.,2020.01.26,"79,200",대전광역시 중구 대종로386번길 1
대전 베스트인시티 호텔,5,깔끔하고 사장님도 친정하셨어요. 좀 추웠는데 침대 전기장판은 안 되더라고요. 재방문의사 있습니다.,2019.10.15,"79,200",대전광역시 중구 대종로386번길 1
대전 베스트인시티 호텔,5,"시설이 정말 깨끗하고 친절하시고
가격도 할인받아 넘 저렴하구요.
이가격에 이런시설 짱입니다.
주차공간도 여유있어서 주차하기 좋았구요
리모델링해서 깔끔하니 좋았답니다.",2019.10.10,"79,200",대전광역시 중구 대종로386번길 1
대전 베스트인시티 호텔,5,"대전역에서 걸어서 20분 정도 떨어져 있습니다.
가겨대비 일단 룸이 크고 욕조도 있고 깨끗함",2019.11.14,"79,200",대전광역시 중구 대종로386번길 1
대전 베스트인시티 호텔,5,프론트번호가 안쓰여있어서 저희가 직접 프론트내려가서 문의햏어요... ㅎㅎ그거말고는 좋아써여,2020.02.02,"79,200",대전광역시 중구 대종로386번길 1
대전 베스트인시티 호텔,4,"두번왔었는데
처음엔 티비가 안되는거 빼곤 청결하고 시설도 좋아도
조명이 예쁩니다
두번째는 티비도 잘되고 다 좋았습니다",2019.11.28,"79,200",대전광역시 중구 대종로386번길 1
대전 베스트인시티 호텔,3,"하루묶기 나쁘지 않았습니다.
단지 화장실에 누가 쓰던 면도기가 있어 당황...
침대는 깨끗한 편이었어요.
조금 더 신경쓰시면 좋을것같네요",2023.06.25,"79,200",대전광역시 중구 대종로386번길 1
대전 베스트인시티 호텔,3,"4인 가족여행했는데 숙소가 오래되어서 청결도는 많이 떨어집니다^^;
특히 화장실 문 뒷편에 먼지가 많이 쌓여있네요",2023.01.05,"79,200",대전광역시 중구 대종로386번길 1
대전 베스트인시티 호텔,3,"이글스파크랑 가까워서 좋았어요 직원분들도 친절하시고 좋았는데..객실청소상태가ㅠ 쇼파아래 확 눈에띄게 커피를 쏟은건지...처음엔 자연오염인줄알았네요ㅜㅜ
엄청 큰 얼룩인데 못보신건지..손 두뼘정도 얼룩이었네요 너무 눈에띄더라구요 청소상태가 많이 아쉽습니다",2022.05.09,"79,200",대전광역시 중구 대종로386번길 1
대전 베스트인시티 호텔,5,정말좋습니다 다음에도이용할게요,2024. 11. 14,"79,200",대전광역시 중구 대종로386번길 1
대전 베스트인시티 호텔,5,정말좋습니다 다음에도이용할게요,2024. 11. 14,"79,200",대전광역시 중구 대종로386번길 1
대전 베스트인시티 호텔,5,정말좋습니다 다음에도이용할게요,2024. 11. 14,"79,200",대전광역시 중구 대종로386번길 1
대전 베스트인시티 호텔,4,주차하기 편하고 객실은 청결해서 좋았어요,2024.11.04,"79,200",대전광역시 중구 대종로386번길 1
대전 베스트인시티 호텔,5,깨끗해서 대전 방문할때마나 여기 써요 아주 맘에 들어요!,2024.10.28,"79,200",대전광역시 중구 대종로386번길 1
대전 베스트인시티 호텔,5,연박했는데 청소도 매일 해주시고 친절하셨어요 ! 잘 묵고 갑니다,2024.10.12,"79,200",대전광역시 중구 대종로386번길 1
대전 베스트인시티 호텔,5,연박으로 편히 쉬었습니다,2024.09.17,"79,200",대전광역시 중구 대종로386번길 1
대전 베스트인시티 호텔,5,숙소도 깨끗하고 서비스도 친절해서 좋았습니다!,2024.09.12,"79,200",대전광역시 중구 대종로386번길 1
대전 베스트인시티 호텔,2,많이 잘 머물렀습니다~~,2024.09.09,"79,200",대전광역시 중구 대종로386번길 1
대전 베스트인시티 호텔,5,깔끔하고 넓고 좋습니다. 수압만 좀 아쉬웠어오,2024.08.30,"79,200",대전광역시 중구 대종로386번길 1
대전 베스트인시티 호텔,3,객실에 담배냄새가 너무 심하고 베개에서 냄새가 너무 심하게 났어요,2024.08.09,"79,200",대전광역시 중구 대종로386번길 1
대전 베스트인시티 호텔,5,대전 출장시 자주 사용할거 같아요,2024.08.08,"79,200",대전광역시 중구 대종로386번길 1
대전 베스트인시티 호텔,5,출장으로 대전을 왔는데 편히 쉬고 갔습니다,2024.08.08,"79,200",대전광역시 중구 대종로386번길 1
대전 베스트인시티 호텔,4,시설이용 괜찮습니다,2024.08.05,"79,200",대전광역시 중구 대종로386번길 1
대전 베스트인시티 호텔,5,가족과 함께 대전행와서 연박하였는데. 청소도 잘해주시고. 친절해서 감사합니다.,2024.08.01,"79,200",대전광역시 중구 대종로386번길 1
대전 베스트인시티 호텔,5,편히 쉬다 갑니다~,2024.07.25,"79,200",대전광역시 중구 대종로386번길 1
대전 베스트인시티 호텔,4,간단히 편하게 머물다 가기 좋아용,2024.05.07,"79,200",대전광역시 중구 대종로386번길 1
대전 베스트인시티 호텔,5,야구장 근처에다가 중심상가도 가까워요,2024.05.02,"79,200",대전광역시 중구 대종로386번길 1
대전 베스트인시티 호텔,4,야구장에서 너무 가깝네요. 관람후 숙박하기 좋습니다,2024.04.29,"79,200",대전광역시 중구 대종로386번길 1
대전 베스트인시티 호텔,5,잘 쉬었습니다 감사합니다,2024.04.21,"79,200",대전광역시 중구 대종로386번길 1
대전 베스트인시티 호텔,3,가격이나 위치는 좋은데 화장실에서 담배냄새나요 ㅠㅠ,2024.04.20,"79,200",대전광역시 중구 대종로386번길 1
대전 베스트인시티 호텔,5,한화 화이팅,2024.04.11,"79,200",대전광역시 중구 대종로386번길 1
대전 베스트인시티 호텔,5,바로앞 맥날굿,2024.03.14,"79,200",대전광역시 중구 대종로386번길 1
대전 베스트인시티 호텔,5,바로앞.맥날굿,2024.03.14,"79,200",대전광역시 중구 대종로386번길 1
대전 베스트인시티 호텔,5,위치도 좋고 깨끗해요~,2024.03.13,"79,200",대전광역시 중구 대종로386번길 1
대전 베스트인시티 호텔,5,잘쉬었습니다,2024.02.29,"79,200",대전광역시 중구 대종로386번길 1
대전 베스트인시티 호텔,5,넓직하고 쾌적하니 좋아요 넷플릭스도 볼수있어서 좋습니다,2024.01.29,"79,200",대전광역시 중구 대종로386번길 1
대전 베스트인시티 호텔,5,괜찮습니다,2023.12.16,"79,200",대전광역시 중구 대종로386번길 1
대전 베스트인시티 호텔,4,가격대비 잘 쉬었어요,2023.12.08,"79,200",대전광역시 중구 대종로386번길 1
대전 베스트인시티 호텔,5,깨끗하고 직원분들 너무 친절했어요객실도 깨끗하고,2023.10.30,"79,200",대전광역시 중구 대종로386번길 1
대전 베스트인시티 호텔,5,좋았습니다,2023.10.26,"79,200",대전광역시 중구 대종로386번길 1
대전 베스트인시티 호텔,3,친절하시고잘쉬다가요,2023.10.08,"79,200",대전광역시 중구 대종로386번길 1
대전 베스트인시티 호텔,2,에어컨에서 물이 많이 떨어져서 잠을 설쳤네요,2023.09.28,"79,200",대전광역시 중구 대종로386번길 1
대전 베스트인시티 호텔,5,편히 쉬다 갑니다,2023.09.18,"79,200",대전광역시 중구 대종로386번길 1
대전 베스트인시티 호텔,5,경기장가까워서 좋아용,2023.09.04,"79,200",대전광역시 중구 대종로386번길 1
대전 베스트인시티 호텔,5,깔끔하고 근처에 야구장이 있어 야구 관람 때문에 원정응원 오시는 분들은 좋을 것 같네요,2023.08.29,"79,200",대전광역시 중구 대종로386번길 1
대전 베스트인시티 호텔,4,깔끔하고 괜찮았습니다,2023.08.14,"79,200",대전광역시 중구 대종로386번길 1
대전 베스트인시티 호텔,3,경기장 가까워서 위치괜찬,2023.08.13,"79,200",대전광역시 중구 대종로386번길 1
대전 베스트인시티 호텔,4,편히 잘 쉬다 갑니다.,2023.07.19,"79,200",대전광역시 중구 대종로386번길 1
대전 베스트인시티 호텔,5,좋았습니다,2023.07.07,"79,200",대전광역시 중구 대종로386번길 1
대전 베스트인시티 호텔,5,편하게 잘 놀다갑니당~,2023.07.07,"79,200",대전광역시 중구 대종로386번길 1
대전 베스트인시티 호텔,5,친절하십니다!!,2023.06.23,"79,200",대전광역시 중구 대종로386번길 1
대전 베스트인시티 호텔,5,늦게갓는데 친절하게 응대해주셧어요 ㅎ,2023.06.20,"79,200",대전광역시 중구 대종로386번길 1
대전 베스트인시티 호텔,5,조아요 굿,2023.06.04,"79,200",대전광역시 중구 대종로386번길 1
대전 베스트인시티 호텔,5,곧 다시 이용할 계획입니당,2023.06.03,"79,200",대전광역시 중구 대종로386번길 1
대전 베스트인시티 호텔,5,가성비 좋아요,2023.06.01,"79,200",대전광역시 중구 대종로386번길 1
대전 베스트인시티 호텔,5,깨끗하고 야구장과 가까워요,2023.05.26,"79,200",대전광역시 중구 대종로386번길 1
대전 베스트인시티 호텔,5,대전 야구장 방문을 위해 이용했습니다. 가까운 거리에 깔끔한 숙소였습니다.,2023.05.20,"79,200",대전광역시 중구 대종로386번길 1
대전 베스트인시티 호텔,5,숙소 깔끔하고 괜찮습니다,2023.04.30,"79,200",대전광역시 중구 대종로386번길 1
대전 베스트인시티 호텔,5,많이 깔끔하고 있을만 했어용,2023.04.22,"79,200",대전광역시 중구 대종로386번길 1
대전 베스트인시티 호텔,4,편하게 보냈습니다😊,2023.04.16,"79,200",대전광역시 중구 대종로386번길 1
대전 베스트인시티 호텔,5,"야구 팬이라면 정말 좋은 입지를 가지고 있어요.
하지만 침대는 조금 탄탄합니다!..",2023.04.11,"79,200",대전광역시 중구 대종로386번길 1
대전 베스트인시티 호텔,5,다음에 재방문 의사 있음,2023.03.31,"79,200",대전광역시 중구 대종로386번길 1
대전 베스트인시티 호텔,5,출장을 많이 다녀서 큰 기대 안하고 갔는데 불도 밝고 깨끗하고 좋았어요~!,2023.03.22,"79,200",대전광역시 중구 대종로386번길 1
대전 베스트인시티 호텔,5,직원분이 친절하시고 깨끗하게 시설이 유지되서 좋았습니다ㅎㅎ 근처에 맛집도 많네요,2023.03.12,"79,200",대전광역시 중구 대종로386번길 1
대전 베스트인시티 호텔,3,친절합니다 근데 모텔급이네여 시설 노후입니가,2023.02.22,"79,200",대전광역시 중구 대종로386번길 1
대전 베스트인시티 호텔,5,깔끔하고 좋았어요,2023.02.21,"79,200",대전광역시 중구 대종로386번길 1
대전 베스트인시티 호텔,5,생각보다 깔끔하고 좋았습니다.,2023.02.13,"79,200",대전광역시 중구 대종로386번길 1
대전 베스트인시티 호텔,2,방에 담배냄새 너무났음,2023.02.01,"79,200",대전광역시 중구 대종로386번길 1
대전 베스트인시티 호텔,5,굿굿굿굿굿,2023.01.06,"79,200",대전광역시 중구 대종로386번길 1
대전 베스트인시티 호텔,5,친절하시고 편하게 잘쉬었어요,2022.12.31,"79,200",대전광역시 중구 대종로386번길 1
대전 베스트인시티 호텔,5,직원분들이 너무 친절하시고 객실도 좋습니다.,2022.12.11,"79,200",대전광역시 중구 대종로386번길 1
대전 베스트인시티 호텔,4,"방이 생각보다 좁고 화장실이 오히려 넓었어요. 그래도 깔끔하니, 괜찮았어요.",2022.12.05,"79,200",대전광역시 중구 대종로386번길 1
대전 베스트인시티 호텔,5,직원분들도 친절하고 깨끗해서 좋았어요,2022.11.28,"79,200",대전광역시 중구 대종로386번길 1
대전 베스트인시티 호텔,5,편하게 쉬었다 갔습니다.,2022.11.26,"79,200",대전광역시 중구 대종로386번길 1
대전 베스트인시티 호텔,5,시설깨끗하고 좋아여,2022.11.23,"79,200",대전광역시 중구 대종로386번길 1
대전 베스트인시티 호텔,5,잘 쉬었습니다~,2022.11.15,"79,200",대전광역시 중구 대종로386번길 1
대전 베스트인시티 호텔,5,잘 쉬었습니다~,2022.11.15,"79,200",대전광역시 중구 대종로386번길 1
대전 베스트인시티 호텔,4,항상 깨끗해욥,2022.11.14,"79,200",대전광역시 중구 대종로386번길 1
대전 베스트인시티 호텔,4,시설 좋아요,2022.11.13,"79,200",대전광역시 중구 대종로386번길 1
대전 베스트인시티 호텔,5,주차가 매우 편리합니다,2022.11.06,"79,200",대전광역시 중구 대종로386번길 1
대전 베스트인시티 호텔,5,친절하고 깔끔했습니다,2022.10.31,"79,200",대전광역시 중구 대종로386번길 1
대전 베스트인시티 호텔,3,"위치는 좋은데... 
담배 냄새가 너무 김해요",2022.10.31,"79,200",대전광역시 중구 대종로386번길 1
대전 베스트인시티 호텔,5,주차도 편하고 좋았습니다,2022.10.27,"79,200",대전광역시 중구 대종로386번길 1
대전 베스트인시티 호텔,5,지난번에 왔다가 또 왔어요~,2022.10.20,"79,200",대전광역시 중구 대종로386번길 1
대전 베스트인시티 호텔,5,항상 잘 이용하고 있습니다. 야구장 근방 숙소를 찾으신다면 추천드립니다,2022.10.10,"79,200",대전광역시 중구 대종로386번길 1
대전 베스트인시티 호텔,5,좋아요! 또 방문의향 있습니다!,2022.10.09,"79,200",대전광역시 중구 대종로386번길 1
대전 베스트인시티 호텔,5,무조건 최고!!!!!!!,2022.10.09,"79,200",대전광역시 중구 대종로386번길 1
대전 베스트인시티 호텔,5,편하게 지내다 왔어요 ㅎ,2022.10.04,"79,200",대전광역시 중구 대종로386번길 1
대전 베스트인시티 호텔,3,잘자고 왔습니다.,2022.10.03,"79,200",대전광역시 중구 대종로386번길 1
대전 베스트인시티 호텔,4,보통이였어요 크게 나쁘지도 좋지도않은..,2022.09.26,"79,200",대전광역시 중구 대종로386번길 1
대전 베스트인시티 호텔,5,좋았어요 편의점이 너무 멀어요 ㅠㅠ,2022.09.25,"79,200",대전광역시 중구 대종로386번길 1
대전 베스트인시티 호텔,5,깔끔하고 편안하게 쉬었습니다,2022.09.22,"79,200",대전광역시 중구 대종로386번길 1
대전 베스트인시티 호텔,5,좋아요깔끔,2022.09.21,"79,200",대전광역시 중구 대종로386번길 1
대전 베스트인시티 호텔,4,친절하십니다,2022.08.25,"79,200",대전광역시 중구 대종로386번길 1
대전 베스트인시티 호텔,4,은행동 사거리하고는 조금 먼게 아쉬움,2022.08.22,"79,200",대전광역시 중구 대종로386번길 1
대전 베스트인시티 호텔,5,방 교체 요청했는데 바로 바꿔주시고 친절하고 좋았어요,2022.08.22,"79,200",대전광역시 중구 대종로386번길 1
대전 베스트인시티 호텔,5,청결하고 화장실 넓어서 좋아요 잘 쉬고 갑니다,2022.08.21,"79,200",대전광역시 중구 대종로386번길 1
대전 베스트인시티 호텔,5,괜찮았어요,2022.08.15,"79,200",대전광역시 중구 대종로386번길 1
대전 베스트인시티 호텔,5,야구장과 가깝고 사장님도 친절하셔요,2022.08.05,"79,200",대전광역시 중구 대종로386번길 1
대전 베스트인시티 호텔,5,나쁘지않습니다,2022.07.18,"79,200",대전광역시 중구 대종로386번길 1
대전 베스트인시티 호텔,4,괜찮습니다,2022.07.15,"79,200",대전광역시 중구 대종로386번길 1
대전 베스트인시티 호텔,4,수건이 너덜너덜해서 교체하면 좋겠어요. 저렴하게 잘 묵었습니다.,2022.07.10,"79,200",대전광역시 중구 대종로386번길 1
대전 베스트인시티 호텔,4,가격대비 거리대비 만죽,2022.07.08,"79,200",대전광역시 중구 대종로386번길 1
대전 베스트인시티 호텔,4,가성비가 조아염,2022.06.28,"79,200",대전광역시 중구 대종로386번길 1
대전 베스트인시티 호텔,5,"시설이 깔끔하고 좋았어요 
덕분에 즐겁게 야구관람하고 푹쉬었습니다",2022.06.27,"79,200",대전광역시 중구 대종로386번길 1
대전 베스트인시티 호텔,5,야구장이랑 가깝고 깔끔해서 좋았어요,2022.06.27,"79,200",대전광역시 중구 대종로386번길 1
대전 베스트인시티 호텔,4,교통용이하고 시설깨끗,2022.06.11,"79,200",대전광역시 중구 대종로386번길 1
대전 베스트인시티 호텔,4,잘 쉬다갑니다 :),2022.06.05,"79,200",대전광역시 중구 대종로386번길 1
대전 베스트인시티 호텔,5,"야구장 인근 좋은 숙소입니다
친절하시고 숙소도 편안해요",2022.06.02,"79,200",대전광역시 중구 대종로386번길 1
대전 베스트인시티 호텔,5,깔끔한 실내 편하게 쉬다갑니다,2022.05.23,"79,200",대전광역시 중구 대종로386번길 1
대전 베스트인시티 호텔,5,좋아용~~야규장이랑엄청가까툼,2022.05.16,"79,200",대전광역시 중구 대종로386번길 1
대전 베스트인시티 호텔,5,주인분께서 친절하고 좋았어요,2022.05.06,"79,200",대전광역시 중구 대종로386번길 1
대전 베스트인시티 호텔,5,항상 잘 머물다가 갑니다! 좋아요!,2022.04.24,"79,200",대전광역시 중구 대종로386번길 1
대전 베스트인시티 호텔,5,좋았어요!!,2022.04.11,"79,200",대전광역시 중구 대종로386번길 1
대전 베스트인시티 호텔,5,대전 갈때마다 항상 잘 이용하고 있습니다 ^^,2022.04.11,"79,200",대전광역시 중구 대종로386번길 1
대전 베스트인시티 호텔,5,너무 좋았습니다,2022.03.15,"79,200",대전광역시 중구 대종로386번길 1
대전 베스트인시티 호텔,5,깨끗하고 좋아요,2022.03.06,"79,200",대전광역시 중구 대종로386번길 1
대전 베스트인시티 호텔,5,깨끗하고 좋아요,2022.03.01,"79,200",대전광역시 중구 대종로386번길 1
대전 베스트인시티 호텔,5,친절하고 편안하게 쉬다 왔습니다~~,2022.02.10,"79,200",대전광역시 중구 대종로386번길 1
대전 베스트인시티 호텔,5,완전 만족하고 갑니다.,2022.01.18,"79,200",대전광역시 중구 대종로386번길 1
대전 베스트인시티 호텔,5,"깨끗하고 따뜻해요! 친구들과 잘 쉬고 놀다가 갑니다
친절하셔서 좋아용",2022.01.16,"79,200",대전광역시 중구 대종로386번길 1
대전 베스트인시티 호텔,5,깨끗하고 좋아요,2022.01.07,"79,200",대전광역시 중구 대종로386번길 1
대전 베스트인시티 호텔,5,잘쉬다갑니다~,2021.11.26,"79,200",대전광역시 중구 대종로386번길 1
대전 베스트인시티 호텔,3,바로앞에 맥도날드있어요,2021.10.15,"79,200",대전광역시 중구 대종로386번길 1
대전 베스트인시티 호텔,4,깨끗하고 좋아요~,2021.10.14,"79,200",대전광역시 중구 대종로386번길 1
대전 베스트인시티 호텔,5,.......,2021.05.30,"79,200",대전광역시 중구 대종로386번길 1
대전 베스트인시티 호텔,4,접근성이 좋았어요,2021.05.30,"79,200",대전광역시 중구 대종로386번길 1
대전 베스트인시티 호텔,5,잘 쉬고 왔어요,2021.05.29,"79,200",대전광역시 중구 대종로386번길 1
대전 베스트인시티 호텔,1,생각보다 시내쪽에 호텔이 많이 없네요,2021.05.27,"79,200",대전광역시 중구 대종로386번길 1
대전 베스트인시티 호텔,5,......,2021.05.26,"79,200",대전광역시 중구 대종로386번길 1
대전 베스트인시티 호텔,5,최고입니다......,2021.05.26,"79,200",대전광역시 중구 대종로386번길 1
대전 베스트인시티 호텔,5,정말좋아요,2021.05.19,"79,200",대전광역시 중구 대종로386번길 1
대전 베스트인시티 호텔,5,한화구장에서 제일 가까운 숙소! 넘버원!,2021.05.04,"79,200",대전광역시 중구 대종로386번길 1
대전 베스트인시티 호텔,4,좋았습니다,2021.04.19,"79,200",대전광역시 중구 대종로386번길 1
대전 베스트인시티 호텔,5,직원분들도 다 친절하시고 좋았습니다~^^,2021.04.15,"79,200",대전광역시 중구 대종로386번길 1
대전 베스트인시티 호텔,5,잘쉬다갑니다,2021.03.21,"79,200",대전광역시 중구 대종로386번길 1
대전 베스트인시티 호텔,5,항상 애용하는 곳이라 연박으로 예약하고 편하게 쭉 쉬었어용,2021.02.25,"79,200",대전광역시 중구 대종로386번길 1
대전 베스트인시티 호텔,5,밖에 풍경도 좋고 전기장판있어서 상당히 좋았어요:),2021.02.25,"79,200",대전광역시 중구 대종로386번길 1
대전 베스트인시티 호텔,2,ㅇㅇㅇㅇㅇ,2021.02.19,"79,200",대전광역시 중구 대종로386번길 1
대전 베스트인시티 호텔,5,만족합니다,2021.02.16,"79,200",대전광역시 중구 대종로386번길 1
대전 베스트인시티 호텔,5,가격도 착하고 시설도 좋아요,2021.02.07,"79,200",대전광역시 중구 대종로386번길 1
대전 베스트인시티 호텔,5,12345,2021.02.05,"79,200",대전광역시 중구 대종로386번길 1
대전 베스트인시티 호텔,5,아주 깔끔하고 굉장히 만족했습니다!,2021.01.22,"79,200",대전광역시 중구 대종로386번길 1
대전 베스트인시티 호텔,5,선생님 안녕하세요 고맙습니다 좋아요~♡♡♡,2021.01.04,"79,200",대전광역시 중구 대종로386번길 1
대전 베스트인시티 호텔,3,잘쉬다감니다,2020.12.10,"79,200",대전광역시 중구 대종로386번길 1
대전 베스트인시티 호텔,5,편하고친절해요.,2020.12.02,"79,200",대전광역시 중구 대종로386번길 1
대전 베스트인시티 호텔,5,좋네요ㅎㅎ,2020.10.29,"79,200",대전광역시 중구 대종로386번길 1
대전 베스트인시티 호텔,5,"너무 친절하게 ㅎ
연박 잘지내고 갑니다 ~~",2020.10.25,"79,200",대전광역시 중구 대종로386번길 1
대전 베스트인시티 호텔,5,ㅇ롯ㅇ로로롤,2020.10.23,"79,200",대전광역시 중구 대종로386번길 1
대전 베스트인시티 호텔,5,사장님 친절해요,2020.10.21,"79,200",대전광역시 중구 대종로386번길 1
대전 베스트인시티 호텔,3,생각보다 괜찮아요,2020.10.16,"79,200",대전광역시 중구 대종로386번길 1
대전 베스트인시티 호텔,4,재미있게 놀다가요 ㅋ,2020.10.10,"79,200",대전광역시 중구 대종로386번길 1
대전 베스트인시티 호텔,5,좋습니다~~!,2020.10.05,"79,200",대전광역시 중구 대종로386번길 1
대전 베스트인시티 호텔,5,좋아요~~!,2020.10.05,"79,200",대전광역시 중구 대종로386번길 1
대전 베스트인시티 호텔,5,잘머물다갑니다!!,2020.10.03,"79,200",대전광역시 중구 대종로386번길 1
대전 베스트인시티 호텔,4,괜찮았어요,2020.10.02,"79,200",대전광역시 중구 대종로386번길 1
대전 베스트인시티 호텔,5,직원분들이 굉장히 친절하십니다,2020.10.01,"79,200",대전광역시 중구 대종로386번길 1
대전 베스트인시티 호텔,5,언제나 ㅋㅋ,2020.09.29,"79,200",대전광역시 중구 대종로386번길 1
대전 베스트인시티 호텔,5,최고!!!!!,2020.09.22,"79,200",대전광역시 중구 대종로386번길 1
대전 베스트인시티 호텔,5,마실게 물만 있어서 매우 아쉬웠네요...,2020.09.06,"79,200",대전광역시 중구 대종로386번길 1
대전 베스트인시티 호텔,5,잘쉬다갑니다~~,2020.09.03,"79,200",대전광역시 중구 대종로386번길 1
대전 베스트인시티 호텔,5,직원분들 모두가 친절했어요,2020.08.28,"79,200",대전광역시 중구 대종로386번길 1
대전 베스트인시티 호텔,5,최고입니더 깨끗해요,2020.08.19,"79,200",대전광역시 중구 대종로386번길 1
대전 베스트인시티 호텔,5,좋아요너무좋아요너무좋아요너무좋아요,2020.08.11,"79,200",대전광역시 중구 대종로386번길 1
대전 베스트인시티 호텔,5,너무너무 좋아요!,2020.08.10,"79,200",대전광역시 중구 대종로386번길 1
대전 베스트인시티 호텔,5,"사장님께서 너무 친절하시고, 시설이 아주 깔끔해서 좋았으요",2020.08.03,"79,200",대전광역시 중구 대종로386번길 1
대전 베스트인시티 호텔,5,잘 쉬다 갑니다 ㅎ,2020.08.02,"79,200",대전광역시 중구 대종로386번길 1
대전 베스트인시티 호텔,5,주차장 좋고 깨끗합니다,2020.07.30,"79,200",대전광역시 중구 대종로386번길 1
대전 베스트인시티 호텔,4,금연객실인데 담배 좀 피지 맙시다,2020.07.24,"79,200",대전광역시 중구 대종로386번길 1
대전 베스트인시티 호텔,5,다음주에도 또갑니다!!!!,2020.07.24,"79,200",대전광역시 중구 대종로386번길 1
대전 베스트인시티 호텔,5,♡♡♡♡♡,2020.07.24,"79,200",대전광역시 중구 대종로386번길 1
대전 베스트인시티 호텔,5,잘묵고 갑니다,2020.07.19,"79,200",대전광역시 중구 대종로386번길 1
대전 베스트인시티 호텔,5,좋아요!!!,2020.07.15,"79,200",대전광역시 중구 대종로386번길 1
대전 베스트인시티 호텔,5,시설이 너무좋고 친절하십니다,2020.07.15,"79,200",대전광역시 중구 대종로386번길 1
대전 베스트인시티 호텔,5,너무좋아요너무좋아요,2020.07.12,"79,200",대전광역시 중구 대종로386번길 1
대전 베스트인시티 호텔,5,항상좋아요,2020.07.10,"79,200",대전광역시 중구 대종로386번길 1
대전 베스트인시티 호텔,5,역시나 굿!!,2020.07.10,"79,200",대전광역시 중구 대종로386번길 1
대전 베스트인시티 호텔,4,오전 9시에 드릴소리 (공사) 가 나서 강제기상 했네요. 이거빼곤 괜찮았습니다,2020.07.07,"79,200",대전광역시 중구 대종로386번길 1
대전 베스트인시티 호텔,5,출장갈때마다 갑니다 여긴 최곱니다 ㅋ,2020.07.01,"79,200",대전광역시 중구 대종로386번길 1
대전 베스트인시티 호텔,5,최고!!!,2020.07.01,"79,200",대전광역시 중구 대종로386번길 1
대전 베스트인시티 호텔,5,객실 너무 깔끔해서 좋았습니다.,2020.06.25,"79,200",대전광역시 중구 대종로386번길 1
대전 베스트인시티 호텔,5,"대전갈때마다 숙소로쓰는데 깨끗하고
그리고 너무 친절하셔서 좋았습니다",2020.06.21,"79,200",대전광역시 중구 대종로386번길 1
대전 베스트인시티 호텔,5,편안하게 휴식을 취하고 ~~^-^,2020.06.20,"79,200",대전광역시 중구 대종로386번길 1
대전 베스트인시티 호텔,5,주인분이 정말 너무너무 친절하시고 시설 깨끗하고 좋습니다!!,2020.06.19,"79,200",대전광역시 중구 대종로386번길 1
대전 베스트인시티 호텔,4,너무 새집이라 새집증후군 걱정 했는데 괜찮게 보냈어요,2020.06.15,"79,200",대전광역시 중구 대종로386번길 1
대전 베스트인시티 호텔,5,아주 좋았어요,2020.06.13,"79,200",대전광역시 중구 대종로386번길 1
대전 베스트인시티 호텔,5,언제나 만족합니다!,2020.06.12,"79,200",대전광역시 중구 대종로386번길 1
대전 베스트인시티 호텔,4,친절하시고 편하게 지내다 왔습니다,2020.06.08,"79,200",대전광역시 중구 대종로386번길 1
대전 베스트인시티 호텔,5,이 가격에 이런 숙소는 기적과도 같습니다 ㅋ,2020.06.01,"79,200",대전광역시 중구 대종로386번길 1
대전 베스트인시티 호텔,5,ㅎㅎㅎㅎㅎㅎㅎㅎ괜찮앙ㅎ,2020.05.30,"79,200",대전광역시 중구 대종로386번길 1
대전 베스트인시티 호텔,5,좋아요..,2020.05.29,"79,200",대전광역시 중구 대종로386번길 1
대전 베스트인시티 호텔,5,정말 잘 쉬다갑니다,2020.05.27,"79,200",대전광역시 중구 대종로386번길 1
대전 베스트인시티 호텔,5,좋아요 ㅋㅋㅋㅋ,2020.05.26,"79,200",대전광역시 중구 대종로386번길 1
대전 베스트인시티 호텔,5,"나름
괜찮음",2020.05.17,"79,200",대전광역시 중구 대종로386번길 1
대전 베스트인시티 호텔,5,푹쉬었다가용,2020.05.03,"79,200",대전광역시 중구 대종로386번길 1
대전 베스트인시티 호텔,4,좋았습니다,2020.05.02,"79,200",대전광역시 중구 대종로386번길 1
대전 베스트인시티 호텔,5,항상깨끗하고 들어갈때항상웃으시고하는모습이너무나손님으로써기분이좋습니다.너무좋아요~~,2020.05.01,"79,200",대전광역시 중구 대종로386번길 1
대전 베스트인시티 호텔,5,"시설이 엄청 깨끗합니다
무조건 추천해요~!!",2020.04.28,"79,200",대전광역시 중구 대종로386번길 1
대전 베스트인시티 호텔,5,사장님이 너무 친절하셨습니다,2020.04.25,"79,200",대전광역시 중구 대종로386번길 1
대전 베스트인시티 호텔,5,괜찮아요 ㅎㅎ,2020.04.24,"79,200",대전광역시 중구 대종로386번길 1
대전 베스트인시티 호텔,5,항상깨끗하고좋아요,2020.04.21,"79,200",대전광역시 중구 대종로386번길 1
대전 베스트인시티 호텔,5,깨끗하고 좋아요,2020.04.15,"79,200",대전광역시 중구 대종로386번길 1
대전 베스트인시티 호텔,5,역시나깨끗하고친절하고좋습니다.추천추천ㅋㄷ,2020.04.11,"79,200",대전광역시 중구 대종로386번길 1
대전 베스트인시티 호텔,5,너무너무좋아요 친절하시고 룸상태너무좋아요,2020.04.08,"79,200",대전광역시 중구 대종로386번길 1
대전 베스트인시티 호텔,5,친절하시고 최고~,2020.04.08,"79,200",대전광역시 중구 대종로386번길 1
대전 베스트인시티 호텔,4,두번째 이용이요~~가성비 넘 좋은데 살짝 담배냄새가 나서 조금 불편했어요,2020.03.17,"79,200",대전광역시 중구 대종로386번길 1
대전 베스트인시티 호텔,5,호텔 너무 깨끗하고 좋네요~,2020.03.14,"79,200",대전광역시 중구 대종로386번길 1
대전 베스트인시티 호텔,5,친절하시고 깨끗했어요,2020.03.10,"79,200",대전광역시 중구 대종로386번길 1
대전 베스트인시티 호텔,5,clean and comfy,2020.03.05,"79,200",대전광역시 중구 대종로386번길 1
대전 베스트인시티 호텔,5,It has very convenient atmosphere.,2020.03.02,"79,200",대전광역시 중구 대종로386번길 1
대전 베스트인시티 호텔,5,잘 쉬다 갑니다,2020.03.02,"79,200",대전광역시 중구 대종로386번길 1
대전 베스트인시티 호텔,4,superb location with the kind host,2020.02.28,"79,200",대전광역시 중구 대종로386번길 1
대전 베스트인시티 호텔,5,"3번째 방문한 것 같은데 한결같이 깨끗하고 좋네요^^
재 방문의사 있습니다~",2020.02.24,"79,200",대전광역시 중구 대종로386번길 1
대전 베스트인시티 호텔,5,매우좋습니다.,2020.02.23,"79,200",대전광역시 중구 대종로386번길 1
대전 베스트인시티 호텔,5,굳완전굳짱,2020.02.22,"79,200",대전광역시 중구 대종로386번길 1
대전 베스트인시티 호텔,5,친절하고 깨끗해요,2020.02.19,"79,200",대전광역시 중구 대종로386번길 1
대전 베스트인시티 호텔,5,방도 깔끔하고 직원분들도 친절하셔서 너무 좋앗어용^0^,2020.02.17,"79,200",대전광역시 중구 대종로386번길 1
대전 베스트인시티 호텔,5,잘 쉬다 갑니다 ~,2020.02.16,"79,200",대전광역시 중구 대종로386번길 1
대전 베스트인시티 호텔,5,깔끔하고 좋아요. 좋은 모텔과 호텔의 중간 사이.,2020.02.09,"79,200",대전광역시 중구 대종로386번길 1
대전 베스트인시티 호텔,5,깨끋하구괞잖았어요,2020.02.07,"79,200",대전광역시 중구 대종로386번길 1
대전 베스트인시티 호텔,5,좋아요 깨끗하고!,2020.02.05,"79,200",대전광역시 중구 대종로386번길 1
대전 베스트인시티 호텔,5,가성비좋음,2020.02.04,"79,200",대전광역시 중구 대종로386번길 1
대전 베스트인시티 호텔,4,깔끔하고 좋았어요~ 근데 변기 수압이 약해서 잘 막히더라구요...ㅠㅠ,2020.02.03,"79,200",대전광역시 중구 대종로386번길 1
대전 베스트인시티 호텔,5,깔끔하고 좋았어요!,2020.02.01,"79,200",대전광역시 중구 대종로386번길 1
대전 베스트인시티 호텔,5,잘 쉬고 갑니다!,2020.01.31,"79,200",대전광역시 중구 대종로386번길 1
대전 베스트인시티 호텔,5,깨끗하고좋아요^^,2020.01.30,"79,200",대전광역시 중구 대종로386번길 1
대전 베스트인시티 호텔,4,급청소 스프레이 뿌려환기량 부족. 그것빼고 PC방 안가고 숙소해결 조식은 미흡.,2020.01.29,"79,200",대전광역시 중구 대종로386번길 1
대전 베스트인시티 호텔,5,깨끗합니다,2020.01.27,"79,200",대전광역시 중구 대종로386번길 1
대전 베스트인시티 호텔,4,좋습니닽츄ㅗ,2020.01.26,"79,200",대전광역시 중구 대종로386번길 1
대전 베스트인시티 호텔,4,저렴한 가격에 괜찮은 숙소에 머물다가 갑니다,2020.01.26,"79,200",대전광역시 중구 대종로386번길 1
대전 베스트인시티 호텔,5,긴말 필요없이 따뜻하고 포근하고 숲속에서 잔거같이 개운했습니다,2020.01.24,"79,200",대전광역시 중구 대종로386번길 1
대전 베스트인시티 호텔,5,좋았습니다,2020.01.23,"79,200",대전광역시 중구 대종로386번길 1
대전 베스트인시티 호텔,5,만족했어요,2020.01.18,"79,200",대전광역시 중구 대종로386번길 1
대전 베스트인시티 호텔,4,넘 친절하시고 방도 나쁘지 않았어용 주변이 무서워요 ㅜㅜ,2020.01.06,"79,200",대전광역시 중구 대종로386번길 1
대전 베스트인시티 호텔,3,깨끗했습니다,2020.01.05,"79,200",대전광역시 중구 대종로386번길 1
대전 베스트인시티 호텔,5,아주좋아요,2020.01.05,"79,200",대전광역시 중구 대종로386번길 1
대전 베스트인시티 호텔,5,베스트트트,2020.01.03,"79,200",대전광역시 중구 대종로386번길 1
대전 베스트인시티 호텔,5,깨끗하고 사장님께서 너무 친절하세요!!,2020.01.03,"79,200",대전광역시 중구 대종로386번길 1
대전 베스트인시티 호텔,5,깨끗하고 좋습니다^^,2019.12.30,"79,200",대전광역시 중구 대종로386번길 1
대전 베스트인시티 호텔,5,잘쉬다왔어요,2019.12.27,"79,200",대전광역시 중구 대종로386번길 1
대전 베스트인시티 호텔,3,깨끗하고 따뜻했어요 잘 쉬고 왔습니다,2019.12.26,"79,200",대전광역시 중구 대종로386번길 1
대전 베스트인시티 호텔,5,8828282992,2019.12.25,"79,200",대전광역시 중구 대종로386번길 1
대전 베스트인시티 호텔,4,괜찮았음 생각보다,2019.12.20,"79,200",대전광역시 중구 대종로386번길 1
대전 베스트인시티 호텔,5,좋습니다좋습니다 중앙로역과는 조금 멀지만 다른건 다 좋습니다,2019.12.15,"79,200",대전광역시 중구 대종로386번길 1
대전 베스트인시티 호텔,3,"교통편이 생각보다 너무안좋구, 객실바닥에 머리카락이 막 굴러다녔어요....",2019.12.13,"79,200",대전광역시 중구 대종로386번길 1
대전 베스트인시티 호텔,5,출장 와서 올때마다 만족하네요 베리굿입니다 ㅎ,2019.12.11,"79,200",대전광역시 중구 대종로386번길 1
대전 베스트인시티 호텔,5,좋았어요 ~,2019.12.08,"79,200",대전광역시 중구 대종로386번길 1
대전 베스트인시티 호텔,5,"방도 생각보다 엄청 크고 직원분들도 너무착하셨어요
다음에 대전갈때 또한번 들릴께요",2019.12.07,"79,200",대전광역시 중구 대종로386번길 1
대전 베스트인시티 호텔,5,좋았습니다아아,2019.12.06,"79,200",대전광역시 중구 대종로386번길 1
대전 베스트인시티 호텔,4,괜찮았어요,2019.12.02,"79,200",대전광역시 중구 대종로386번길 1
대전 베스트인시티 호텔,5,좋았습니다~,2019.11.30,"79,200",대전광역시 중구 대종로386번길 1
대전 베스트인시티 호텔,5,방 따뜻하고 깔끔하고 깨끗하고 친절하고 서비스도 좋습니다^^,2019.11.29,"79,200",대전광역시 중구 대종로386번길 1
대전 베스트인시티 호텔,5,사장님이 되게 잘해주셔서 고맙게 잘 있다 감니다.,2019.11.25,"79,200",대전광역시 중구 대종로386번길 1
대전 베스트인시티 호텔,5,최고에요 주변도가깝고 사장님친절 침구깨끗 욕실넓고 좋아요,2019.11.24,"79,200",대전광역시 중구 대종로386번길 1
대전 베스트인시티 호텔,4,교통이 조금 불편하지만 깨끗하고 쾌적함,2019.11.17,"79,200",대전광역시 중구 대종로386번길 1
대전 베스트인시티 호텔,5,깔끔하고 좋아요,2019.11.16,"79,200",대전광역시 중구 대종로386번길 1
대전 베스트인시티 호텔,5,좋아요좋아요,2019.11.09,"79,200",대전광역시 중구 대종로386번길 1
대전 베스트인시티 호텔,5,좋았어요ㅎㅎ,2019.11.07,"79,200",대전광역시 중구 대종로386번길 1
대전 베스트인시티 호텔,5,리모델링 한건지 엄청 깔끔하고 좋았습니다!,2019.11.03,"79,200",대전광역시 중구 대종로386번길 1
대전 베스트인시티 호텔,4,깨끗하고 친절해요,2019.10.31,"79,200",대전광역시 중구 대종로386번길 1
대전 베스트인시티 호텔,5,가격대비좋아요,2019.10.28,"79,200",대전광역시 중구 대종로386번길 1
대전 베스트인시티 호텔,5,진짜 넘 깨끗하고 좋아요 ㅠㅠㅠㅠ친절해서 더좋아용,2019.10.27,"79,200",대전광역시 중구 대종로386번길 1
대전 베스트인시티 호텔,4,"추가한 침구류 아기꺼 
뉴런자국이있어서 좀 그랬어요 친절 한건 인정 
방 깨끗해요",2019.10.25,"79,200",대전광역시 중구 대종로386번길 1
대전 베스트인시티 호텔,5,방도 깔끔하고 데스크 분들이 친절해서 좋았어요,2019.10.25,"79,200",대전광역시 중구 대종로386번길 1
대전 베스트인시티 호텔,4,숙소가 넓고 위치가 좋아요~~ 잘쉬다갑니다,2019.10.22,"79,200",대전광역시 중구 대종로386번길 1
대전 베스트인시티 호텔,5,깔끔하고 좋아요!,2019.10.20,"79,200",대전광역시 중구 대종로386번길 1
대전 베스트인시티 호텔,4,친절하시고 시설도 깔끔하고 가격대비 완전 좋아요~,2019.10.18,"79,200",대전광역시 중구 대종로386번길 1
대전 베스트인시티 호텔,5,좋아요오오오오,2019.10.10,"79,200",대전광역시 중구 대종로386번길 1
대전 베스트인시티 호텔,5,ㅁ좋아요오오오,2019.10.10,"79,200",대전광역시 중구 대종로386번길 1
대전 베스트인시티 호텔,5,진짜 깨끗하고 쾌적했구여 주차자리도 많아서 좋았네오~,2019.10.07,"79,200",대전광역시 중구 대종로386번길 1
대전 베스트인시티 호텔,5,역에서는 조금 멀지만 다른 부분은 정말 좋았습니다.,2019.10.06,"79,200",대전광역시 중구 대종로386번길 1
대전 베스트인시티 호텔,4,새로 생겨서 그런지 청결하고 가격대비 좋았습니다.,2019.10.04,"79,200",대전광역시 중구 대종로386번길 1
대전 베스트인시티 호텔,5,깔끔합니다~~,2019.10.03,"79,200",대전광역시 중구 대종로386번길 1
대전 베스트인시티 호텔,4,"넹 좋은데
역에서 걸어가기엔 조금 멀어요 참고하세요",2019.10.02,"79,200",대전광역시 중구 대종로386번길 1
대전 베스트인시티 호텔,5,좋아요좋아요,2019.10.02,"79,200",대전광역시 중구 대종로386번길 1
대전 베스트인시티 호텔,5,너무 깨끗하고 좋았어요,2019.09.28,"79,200",대전광역시 중구 대종로386번길 1
대전 베스트인시티 호텔,5,엄청깨끗하고 위치도 좋고 ㅎㅎㅎ 재의사 방문 10000%,2019.09.26,"79,200",대전광역시 중구 대종로386번길 1
대전 베스트인시티 호텔,5,사장님이 너무 친절하시고 조식까지 제공되서 가성비 너무 좋네요,2019.09.26,"79,200",대전광역시 중구 대종로386번길 1
대전 베스트인시티 호텔,5,너무 깔끔하고 시설이 좋았어요,2019.09.21,"79,200",대전광역시 중구 대종로386번길 1
대전 베스트인시티 호텔,5,사장님 친절하시고 가성비는 매우 좋아요~^^,2019.09.17,"79,200",대전광역시 중구 대종로386번길 1
대전 베스트인시티 호텔,5,정말친절하고 숙소가 깨끗합니다,2019.09.09,"79,200",대전광역시 중구 대종로386번길 1
대전 베스트인시티 호텔,5,잘쉬고 갑니다,2019.09.06,"79,200",대전광역시 중구 대종로386번길 1
대전 베스트인시티 호텔,5,친절하고 좋아요!!!!!!,2019.09.06,"79,200",대전광역시 중구 대종로386번길 1
