hotel,star,review,date,price,address
용전동 박스 호텔,4,담배냄새가 좀 심해요.,2024.04.19,"60,000",대전 동구 한밭대로1316번길 34
용전동 박스 호텔,5,자주이용하는곳입니다,2024.04.18,"60,000",대전 동구 한밭대로1316번길 34
용전동 박스 호텔,5,숙소도 깔끔하고 좋습니다.,2023.10.12,"60,000",대전 동구 한밭대로1316번길 34
용전동 박스 호텔,3,처음 이용을 했는데 편안하고 좋았다.,2021.08.20,"60,000",대전 동구 한밭대로1316번길 34
용전동 박스 호텔,4,비데도있고깔끔하고좋아요,2021.03.30,"60,000",대전 동구 한밭대로1316번길 34
용전동 박스 호텔,4,안마의자 좋네요,2020.11.26,"60,000",대전 동구 한밭대로1316번길 34
용전동 박스 호텔,2,직원분들은 정말 친절하셨지만.. 룸컨디션이 너무 별로여서 후기 남깁니다. 방에 담배냄새가 너무 심해서 머리가 아플 지경이었고 방음 정말 안되고 수건함엔 먼지가 수북하네요 ㅠㅠ 위치는 터미널과 가깝지만 밤에 걸어가기엔 약간 무서웠습니다,2020.10.20,"60,000",대전 동구 한밭대로1316번길 34
용전동 박스 호텔,4,좋아요 또오고 싶어요,2020.10.15,"60,000",대전 동구 한밭대로1316번길 34
용전동 박스 호텔,5,깨끗하고 터미널이랑도 가깝고 좋아요,2020.08.16,"60,000",대전 동구 한밭대로1316번길 34
용전동 박스 호텔,5,괜찮았어요,2020.08.14,"60,000",대전 동구 한밭대로1316번길 34
용전동 박스 호텔,5,깔끔하고좋아요,2020.07.21,"60,000",대전 동구 한밭대로1316번길 34
용전동 박스 호텔,5,"깔끔하고 시설,청결,서비스 모두 만족합니다",2020.07.17,"60,000",대전 동구 한밭대로1316번길 34
용전동 박스 호텔,4,대전 터미널근처인데 유흥가랑 거리가 있어서 조용히 머물기에 좋아요~,2020.03.26,"60,000",대전 동구 한밭대로1316번길 34
용전동 박스 호텔,5,사장님도 너무 친절하시고 좋았어요,2020.02.20,"60,000",대전 동구 한밭대로1316번길 34
용전동 박스 호텔,5,사장님이 너무 잘해주세요ㅎㅎ,2020.02.19,"60,000",대전 동구 한밭대로1316번길 34
용전동 박스 호텔,5,사장님도 친절하시고 방도 너무 깔끔했어요,2020.01.28,"60,000",대전 동구 한밭대로1316번길 34
용전동 박스 호텔,5,사장님 친절해용,2019.11.22,"60,000",대전 동구 한밭대로1316번길 34
용전동 박스 호텔,3,깔끔하고 좋았어요~,2019.10.14,"60,000",대전 동구 한밭대로1316번길 34
용전동 박스 호텔,5,넘 너무 좋습니다,2019.10.01,"60,000",대전 동구 한밭대로1316번길 34
용전동 박스 호텔,4,깔끔하고 좋네요,2019.08.28,"60,000",대전 동구 한밭대로1316번길 34
