hotel,star,review,date,price,address
브라운도트 호텔 대전역점,5,"객실이 너무 깨끗하고 조용해서 좋았습니다. 
주차도 직원분이 발렛을 해주셔서 편하게 입퇴실할 수 있었습니다. 
주변에 맛집 또한 많아서 좋았습니다. 출장와서 편하게 잘 쉬다 갑니다~",2024. 11. 16,"190,000",대전광역시 중구 대종로460번길 29
브라운도트 호텔 대전역점,5,친절하고 고객에게 최선을 다해 불편함이 없도록 정성을 다하는 서비스가 돋보였음,2024.11.03,"190,000",대전광역시 중구 대종로460번길 29
