hotel,star,review,date,price,address
자우리호텔 은행점,5,가성비 최고,2024.03.08,"40,000",대전광역시 중구 대흥로111번길 35
자우리호텔 은행점,5,"평일에는 매번 룸 업그레이드도 해주시고
친근하시고 친절하십니다😎
한두번 가게되면 단골로 등극한 본인의 모습을 보실수있을겁니다,, 서비스 넘 좋아요",2023.05.18,"40,000",대전광역시 중구 대흥로111번길 35
자우리호텔 은행점,5,방도 깨끗하고 조용하네요,2022.11.15,"40,000",대전광역시 중구 대흥로111번길 35
자우리호텔 은행점,3,저렴하게잘있다가요.,2024.09.24,"40,000",대전광역시 중구 대흥로111번길 35
자우리호텔 은행점,4,"깨끗하고 조용합니다
주변에 식사할곳도 많이 있어요",2024.09.13,"40,000",대전광역시 중구 대흥로111번길 35
자우리호텔 은행점,4,저렴한 가격에 푹 쉴수있어 좋았습니다,2024.07.31,"40,000",대전광역시 중구 대흥로111번길 35
자우리호텔 은행점,5,깔끔하고 좋아요,2023.12.05,"40,000",대전광역시 중구 대흥로111번길 35
자우리호텔 은행점,4,저렴하게 잘 묵고 갑니다,2023.11.10,"40,000",대전광역시 중구 대흥로111번길 35
자우리호텔 은행점,3,대흥동 근처에 위치해있어서 접근성이 좋네요,2023.10.17,"40,000",대전광역시 중구 대흥로111번길 35
자우리호텔 은행점,4,위치 좋고 주차 편하고 또 올게요!,2023.10.15,"40,000",대전광역시 중구 대흥로111번길 35
자우리호텔 은행점,3,다른 리뷰에도 있는 것 같은데 불친절합니다.,2023.02.15,"40,000",대전광역시 중구 대흥로111번길 35
자우리호텔 은행점,5,깔끔하고 좋았습니다,2022.11.18,"40,000",대전광역시 중구 대흥로111번길 35
자우리호텔 은행점,5,괜찮았어요~,2022.10.04,"40,000",대전광역시 중구 대흥로111번길 35
자우리호텔 은행점,5,잘 쉬다 갑니다,2022.10.01,"40,000",대전광역시 중구 대흥로111번길 35
자우리호텔 은행점,3,너무 습해요. ㅜㅜ,2022.09.23,"40,000",대전광역시 중구 대흥로111번길 35
자우리호텔 은행점,3,시설은 평균 청소상태나 욕실에서 담배냄새가 나는건 별로,2022.08.13,"40,000",대전광역시 중구 대흥로111번길 35
자우리호텔 은행점,5,너무 좋았어요~,2022.07.24,"40,000",대전광역시 중구 대흥로111번길 35
자우리호텔 은행점,5,잘 묵었습니다 시내인데도 주차시설이 좋았습니다,2022.07.20,"40,000",대전광역시 중구 대흥로111번길 35
자우리호텔 은행점,4,밤늦게 와서 쉬기에 편해요,2022.07.12,"40,000",대전광역시 중구 대흥로111번길 35
자우리호텔 은행점,5,출장외서 편히쉬고 갑니다. 교통편이ㅣ 좋네요,2022.07.12,"40,000",대전광역시 중구 대흥로111번길 35
자우리호텔 은행점,5,두번째 방문 오는도 잘쉬고 갑니다,2022.07.12,"40,000",대전광역시 중구 대흥로111번길 35
자우리호텔 은행점,5,잘쉬다가요,2022.06.25,"40,000",대전광역시 중구 대흥로111번길 35
자우리호텔 은행점,5,3명이서 하루 묵었는데 좋았으요,2022.06.08,"40,000",대전광역시 중구 대흥로111번길 35
자우리호텔 은행점,5,남자 사장님이 좋아요,2022.05.22,"40,000",대전광역시 중구 대흥로111번길 35
자우리호텔 은행점,3,그럭저럭 !!,2022.04.23,"40,000",대전광역시 중구 대흥로111번길 35
자우리호텔 은행점,4,가격대비 괜찮았는데 조금 오래된듯한 느낌이구요. 예민한 분들에게는 비추입니다. 저는 예민한 편이 아니라 그럭저럭 괜찮았습니다.,2022.02.23,"40,000",대전광역시 중구 대흥로111번길 35
자우리호텔 은행점,4,가격대비 괜찮은편,2022.02.21,"40,000",대전광역시 중구 대흥로111번길 35
자우리호텔 은행점,4,대전 출장왔다가 잘 쉬고 갑니다~,2022.01.22,"40,000",대전광역시 중구 대흥로111번길 35
자우리호텔 은행점,5,좋아요 좋인요,2021.09.15,"40,000",대전광역시 중구 대흥로111번길 35
자우리호텔 은행점,2,"통합리모콘에서 에어컨 바람세기 조절이 안됨. 그래서 자다 말고 껐다켰다 계속하느라 잠설침.
욕조 스파... 작동했다가 물 더러워짐. 청소할 때 스파 가동해서 그 밑에 찌꺼기도 빠지도록 해야할듯.
사장님은 친절하심.",2021.07.08,"40,000",대전광역시 중구 대흥로111번길 35
자우리호텔 은행점,4,................?,2021.06.27,"40,000",대전광역시 중구 대흥로111번길 35
자우리호텔 은행점,5,퇴실시간 여유롭고 객실 매우 청결합니다 잘 쉬다 갑니다,2021.06.24,"40,000",대전광역시 중구 대흥로111번길 35
