hotel,star,review,date,price,address
대전 유성 호텔 드레,5,제가 가본 숙소중에 가장 깔끔하고 가장 향기롭고 가장 시설좋고 가장 맘에 드는 곳이에요!!!! 신경쓰신 티가 팍팍 납니다ㅎㅎ 카운터보시는 분들도 다 친절하세요 감사합니다:),2023.06.01,"80,000",대전광역시 유성구 계룡로123번길 12
대전 유성 호텔 드레,5,유성온천역과 가깝고 엄청 깨끗합니다!! 사장님도 너무 친절하시고 좋아요 식사공간도 따로 있어서 방에서 냄새나지 않게 먹을수 있고 라면과 시리얼도 있더라구요ㅎㅎ 너무 쾌적하게 이용하고 왔습니다 추천해요,2023.09.10,"80,000",대전광역시 유성구 계룡로123번길 12
대전 유성 호텔 드레,5,시험치러 와서 묵기 편하고 좋았습니다.,2023.08.20,"80,000",대전광역시 유성구 계룡로123번길 12
대전 유성 호텔 드레,5,최근 두달동안 격주에 하루씩 수업들으러 대전 가는데 갈때마다 이용하고있어요 역 바로 앞이라 너무 편하고 깔끔해서 원래 집이 아닌곳에서 되게 잠을 못자는데도 불구하고 꽤 편하게 잣어요 무엇보다 담배냄새에 민감한데 그런거 하나도 안나요! 최고!,2024.10.18,"80,000",대전광역시 유성구 계룡로123번길 12
대전 유성 호텔 드레,5,"이틀 숙박으로 예약한 줄 알았는데 하루로 잘못 예약했더라고요ㅠㅠ
프론트로 말씀드리니 방을 옮겨야 하는 상황인데 데이트하라 나갈 때 까지 여유있게 시간주시고 배려해주셔서 넘 감사드렸어요!
데이트하고 다시 방문하니 친절하게 다른 객실로 배정해주셨더라고요. 친절히 응대해주셔서 감사드립니다^^",2024.05.25,"80,000",대전광역시 유성구 계룡로123번길 12
대전 유성 호텔 드레,5,"내부는 리모델링해서 좋아보임
수압좋음 화장실 창문이 불투명?처럼 보이고 커튼이 없어서 불편함 
침대는 다소 딱딱함
방안 거울 옆에 콘센트가 없어서 머리만지기 불편함
고데기는 카운터에서 받아가야함",2024.06.23,"80,000",대전광역시 유성구 계룡로123번길 12
대전 유성 호텔 드레,5,항상 대전가면 애용합니당 이번엔 아는 동생이랑 같이 퍼스널컬러 진단 받고 놀려고 숙소잡앗는데 진짜 하루종일 떠들고 즐겨도 손색이 없어용 방음도 잘되는듯!!,2024.11.02,"80,000",대전광역시 유성구 계룡로123번길 12
대전 유성 호텔 드레,5,방이 대체적으로 깔끔하고 출장와서 아주 편하게 쉬다 갔습니다 연인과 올때는 살짝 아쉽지만 혼자온다면 나름 만족하고 쉬다갈수 있는 숙소이며 에어컨과 수압으로 고민한적이 없었던것 같습니다 정말로 잘 쉬다 갑니다. 다음에도 또 뵙겠습니다.,2023.12.13,"80,000",대전광역시 유성구 계룡로123번길 12
대전 유성 호텔 드레,5,방이 대체적으로 깔끔하고 출장와서 아주 편하게 쉬다 갔습니다 연인과 올때는 살짝 아쉽지만 혼자온다면 나름 만족하고 쉬다갈수 있는 숙소이며 에어컨과 수압으로 고민한적이 없었던것 같습니다 정말로 잘 쉬다 갑니다. 다음에도 또 뵙겠습니다.,2023.12.07,"80,000",대전광역시 유성구 계룡로123번길 12
대전 유성 호텔 드레,5,방이 대체적으로 깔끔하고 출장와서 아주 편하게 쉬다 갔습니다 연인과 올때는 살짝 아쉽지만 혼자온다면 나름 만족하고 쉬다갈수 있는 숙소이며 에어컨과 수압으로 고민한적이 없었던것 같습니다 정말로 잘 쉬다 갑니다. 다음에도 또 뵙겠습니다.,2023.12.06,"80,000",대전광역시 유성구 계룡로123번길 12
대전 유성 호텔 드레,5,방이 대체적으로 깔끔하고 출장와서 아주 편하게 쉬다 갔습니다 연인과 올때는 살짝 아쉽지만 혼자온다면 나름 만족하고 쉬다갈수 있는 숙소이며 에어컨과 수압으로 고민한적이 없었던것 같습니다 정말로 잘 쉬다 갑니다. 다음에도 또 뵙겠습니다.,2023.12.06,"80,000",대전광역시 유성구 계룡로123번길 12
대전 유성 호텔 드레,5,"출입문을 열자마자 향기가 나는 기분좋은 숙소였고 전체적으로 군더더기 없이 굉장히 깔끔했어요
화장실 배수구가 1개라서 물이 잘 안빠지는건 있었지만 그건 크게 상관없을정도로 괜찮았습니다
다음에 또이용할예정입니다!",2024.02.09,"80,000",대전광역시 유성구 계룡로123번길 12
대전 유성 호텔 드레,5,"전체적으로 시설들이 깔끔하고 사장님도 친절했습니다.
지하철역과 가까워서 좋았으며, 주변 족욕장도 있고 조금만 걸으면 맛집들도 많아요! 개인적으로 제일 좋았던점은 빠른 체크인과 체크아웃시간이 넉넉해서 좋았습니당!!",2024.11.01,"80,000",대전광역시 유성구 계룡로123번길 12
대전 유성 호텔 드레,4,사진보다는 조금 노후했어요 그래도 전반적으로 깨끗하고 화장실 청결도가 정말 괜찮았어요 그리고 중앙난방식이던데 꽤 더워서 좀 낮추시는 게 좋을 것 같아요,2024.02.28,"80,000",대전광역시 유성구 계룡로123번길 12
대전 유성 호텔 드레,5,방 업그레이드 해주시고 이정도 가격에 룸 컨디션이면 정말 가성비 좋다고 생각합니다. 욕실 사진을 못 찍었는데 너무 깔끔하구요 비품도 다 좋습니다 ! 친절하게 응대해주셔서 감사합니다 번창하세요 !,2024.06.23,"80,000",대전광역시 유성구 계룡로123번길 12
대전 유성 호텔 드레,5,"객실 내부가 깨끗하고 소음이 적어서 좋습니다.
주차도 건물주차 및 별도의 주차장이 옆에 있어서 편했습니다.
일 때문에 내려와서 잘 쉬다 가네요.^^
다음에도 잘 부탁드립니다~",2023.12.19,"80,000",대전광역시 유성구 계룡로123번길 12
대전 유성 호텔 드레,4,"깨끗하고 샤워기 수압도 잘나오고 잘 쉬다 왔습니다!
객실에 커피포트가 없어서 다른층으로 정수기 사용하기가 좀 불편했는데 라면을 먹을 수 있어서 좋았습니다",2024.06.24,"80,000",대전광역시 유성구 계룡로123번길 12
대전 유성 호텔 드레,5,"대전 출장올때마다 장기 이용합니다
자주 이용중이며 다른 이용자들 후기 보시는
중이라몀 그냥 예약하시면 됩니다",2024.03.09,"80,000",대전광역시 유성구 계룡로123번길 12
대전 유성 호텔 드레,5,"혼자 대전 올 때도 자주 이용했는데 깔끔해서
이번에 친구랑 대전 왔을 때도 이용했더니 역시나 깔끔해서 좋았습니다!",2024.11.05,"80,000",대전광역시 유성구 계룡로123번길 12
대전 유성 호텔 드레,5,데스크 매니저님도 친절하게 인사주시고 객실도 아주 깨끗합니다. 비즈니스 목적으로 묵으시려는 분들께도 추천합니다.,2023.11.16,"80,000",대전광역시 유성구 계룡로123번길 12
대전 유성 호텔 드레,5,"4인실 썼는데 깔끔하고 방 구분도 되고 좋아요
친구들과 편안하게 지내다 갔어요~
출장 올 때도 여기 오자고 해야겠습니당..",2024.01.23,"80,000",대전광역시 유성구 계룡로123번길 12
대전 유성 호텔 드레,5,진짜 깨끗하고 쾌적하네요 숙박하면 라면도 준다는데 너무 늦게 가서 못 먹은게 아쉬우니까 다음에 또 갈래요 ㅋㅋㅋㅋ,2023.12.11,"80,000",대전광역시 유성구 계룡로123번길 12
대전 유성 호텔 드레,5,숙소날짜를 잘못 예약했는데도 친절하게 설명해주시고 잘 응대해주셔서 잘 쉬다갔습니다. ㅠㅠ 그리고 방에 청소 너무 깔끔하게 잘되어있어서 너무 좋았습니다. ㅎㅎ 감사합니당,2024.01.12,"80,000",대전광역시 유성구 계룡로123번길 12
대전 유성 호텔 드레,5,"늘 가는 숙소입니다. 지인들만 델꼬가고 싶은 나만알앗으면하는 맛집이죠ㅠ 이번에 가서도 3인실에서 친구들이랑 뜨끈한 바닥에서도 지지고 물 잘나오는 수압에 내부에 비품 깔끔하게 추가되어잇엇어요ㅠ 너무 만족합니다ㅠ 그리고 서비스적으로도 다 만족하게됩니다~ 대전에서는 여기만 숙소쓸거예요ㅠ 

아쉬운 점은 넷플릭스 가능방인데 리모컨이 안보엿어서 넷플릭스 못봣어요;; 하얀리모컨이 하나 더 잇다고 하시는데 안보이더라구요ㅠㅠ 
그리고 도보로 예약을 잘못해서 바로전화해서 차량이라고 말씀드려서 알겟다고 했는데 토요일에 들어갈때 차가많아서 주차하는게 곤란하다 하셨어요ㅠ 다행히 사정 설명해서 차량 주차 가능으로 있었지만 갑자기 유성온천에서 차 댈곳이 없어질뻔해서 당황했네요ㅠ 아마 이전에 전화받으신분이 전달을 안하신거 같은데 담에는 전달할 사항이 생기면 전달 잘 해주셔서 서로 문제 없이 지나가길 바랍니다ㅠ",2023.11.14,"80,000",대전광역시 유성구 계룡로123번길 12
대전 유성 호텔 드레,5,"정말 좋은 시간이었습니다!! 건물 입구에 들어가서부터 좋은 향기가 나고, 건물의 청결하며 위생적이었습니다~~!! 직원분이 건물 내부 관리를 신경 쓰고 있다는 것이 느껴졌고, 매우매우 친절하셔서 객실을 이용하기 전부터 기분이 좋았습니다!! 😄😄😄😄😄 방을 들어가고 나서 보니까, 이보다 더 좋을 수 없을 만큼 만족스럽고 좋았습니다!! 따뜻하고 아늑하면서도 위생적이며, 청결하게 잘 관리되어 있었습니다~~ 😄😄 저만 알고 쓰기에는 죄송스러울 정도의 객실에 만족합니다!! 사람들이 많이 찾았으면 좋겠습니다!!!! 앞으로도 자주 애용하겠습니다~~!!!! 😁😊",2023.08.09,"80,000",대전광역시 유성구 계룡로123번길 12
대전 유성 호텔 드레,5,"후기 하나하나 보면서 청결한 곳을 찾아다니는 편 인데 여행와서 너무 만족하고 하루 더 연박했습니다. 
일단 사장님이 진짜 너무 친절하시고 안에 청결도가 너무 좋아요..! 하루 더 예약했더니 알아보셔서 룸도 업그레이드 해주시고 비품들도 너무 만족합니다 :-)
유성 쪽에 숙소 찾고 계시면 드레 강추 합니다ㅎㅎ! 대전 자주 오는데 그때 마다 여기로 와야겠어요!
까다로운 편이라 만족하는 숙소를 찾는게 힘든데 완족 만족합니다ㅎㅎ",2023.09.13,"80,000",대전광역시 유성구 계룡로123번길 12
대전 유성 호텔 드레,5,"3년 장거리커플인데 유성드레 깨끗하고 너무좋아서
저희는 대전에서 볼때마다 일부러 유성까지가서 드레에서만 숙박합니댜><2년반 동안 드레만 고집해서 간 제2의 집이랄까..이제 대전 어디숙소갈까? 도 서로 안물어봐여ㅋㅋㅋㅋ무조건 드레 ㅋㅋ그정도로 진짜 편안하고 너무너무좋아요! 사장님도 항상 친절하시고 좋아요🫶🏻",2023.08.28,"80,000",대전광역시 유성구 계룡로123번길 12
대전 유성 호텔 드레,4,"후기 잘안쓰는데..왠지 써야할꺼같아서 써요
청결도나 주차나 친절도는 정말 최고 입니다 늦은시간 방문했는데도 정말 친절하게 맞아주셨고 넘좋았어요
약간 불편했더 점은 침구는 좋았는데 침대가 너무 딱딱해서 허리가 넘 아팠어요ㅠㅠ
10 월이라 그런건지 저희가 밑에지방에 살아서 인지 너무 방이 추웠어요..말씀드리고 싶었는데 새벽에 데스크에 아무도 안계셔서 ㅠㅠ
아이랑 신랑이 감기가..ㅠㅠ
그래도 깨끗한곳에서 잘잤어요",2023.10.04,"80,000",대전광역시 유성구 계룡로123번길 12
대전 유성 호텔 드레,5,"건물위치도 nc백화점 옆이기도하고 라마다호텔 뒤쪽이라 찾아가기 쉬웠고! 
방도 너무 깨끗하고 넷플 티빙 자유롭게 볼 수 있었어서 좋았어여!!!
사장님도 마주칠 때마다 웃어주시며 친절히 대해주셔서 좋은 기억만 생겨갑니당ㅎㅎ
대전 또 올 일 있다면 재방문 500퍼센트입니다>-<",2023.10.15,"80,000",대전광역시 유성구 계룡로123번길 12
대전 유성 호텔 드레,5,"가격대비 이럴 수 있나싶을정도로 최고였습니다!
1층에 커피머신도 준비되어있고, 객실도 청결하고 하루 더 묵고싶을정도였어요ㅜㅜ
랜덤배정이었는데 화장실에 욕조도 있어서..정말 최고였습니다.
대전에 또 간다면 무조건 재방문 할거에요👍",2023.08.27,"80,000",대전광역시 유성구 계룡로123번길 12
대전 유성 호텔 드레,5,여사장님 매우 친절하시고 마치 솜사탕처럼 푹신한 (스프링) 침대에서 아주 꿀잠잤네요 방이 새집처럼 깔끔하고 수압도 겁나쎄서 샤워하기도 편했구요 샴푸랑 바디워시향도 너무 좋아서 나올때 기분도 상쾌했어요 부자되세요~~,2023.05.31,"80,000",대전광역시 유성구 계룡로123번길 12
대전 유성 호텔 드레,5,"일주일에 한번 이상 이용하는 곳이에요~
시설이 깨끗하니까 일단 먼저 생각나는곳이고
타지 친구들 대전 오면 요기로 방 잡아줍니당",2023.06.09,"80,000",대전광역시 유성구 계룡로123번길 12
대전 유성 호텔 드레,5,"직장 동료분과 함께 방문하여 방을 두개 잡았는데 방음이 약한 거 빼곤 다 좋았다고 하시더라구요
대전 방문할 일이 또 생긴다면 다시 들리겠습니다!!",2023.09.20,"80,000",대전광역시 유성구 계룡로123번길 12
대전 유성 호텔 드레,4,에어컨 안에 곰팡이 보고 좀 놀랐지만..ㅎㅎ 객실 자체는 깨끗하고 좋았어요 입구에 있는 강아지 인형이 귀여워요,2023.05.28,"80,000",대전광역시 유성구 계룡로123번길 12
대전 유성 호텔 드레,5,숙소 너무 깨끗하고 침대도 더블2개 싱글2개 여서 넉넉하게 쉬고 갑니다. 수압도 좋고 청결도도 좋고 있을거 다있어요~,2023.10.24,"80,000",대전광역시 유성구 계룡로123번길 12
대전 유성 호텔 드레,5,시리얼과 우유가 구비되어있고 렌즈 세척액이 제공되는점이 마음에 들어요!! 잘 이용하고갑니다,2023.09.21,"80,000",대전광역시 유성구 계룡로123번길 12
대전 유성 호텔 드레,5,어메니티가 갑자기 싹 사라져서 실망했는데 나갈 때보니 1층에 셀프 ..???로 가져갈 수 있게 되어있더라구요! 1층에서 꼭 가져가세욥,2023.03.20,"80,000",대전광역시 유성구 계룡로123번길 12
대전 유성 호텔 드레,5,"시설이 청결하게 관리되고 서비스 친절해서 좋아요
요즘 부쩍 추워졌는데 난방도 충분히 따듯했어요.",2023.11.27,"80,000",대전광역시 유성구 계룡로123번길 12
대전 유성 호텔 드레,5,건물 전체적으로 깔끔하고 깨끗했습니다~ 일회용품 여분이 로비에 비치되어 있고 제빙기도 있어서 좋았어요ㅎㅎ,2023.07.22,"80,000",대전광역시 유성구 계룡로123번길 12
대전 유성 호텔 드레,4,"처음에 방 주셨을땐 정리가 안된 방을 주셔서 좀 놀랐다가, 다른 방을 내주셨을땐 깨끗하고 좋았어요. 방하고 화장실도 깨끗하고 접근성도 좋아서 편했어요",2024.02.17,"80,000",대전광역시 유성구 계룡로123번길 12
대전 유성 호텔 드레,4,너무너무 너무 좋았어요 냄새도 안나고 인테리어도 깔끔해서 다시오고 싶었는데 제가 머물렀던 방에 문 뒤에 곰팡이가 있어서 아쉬웠답니다ㅜㅜ,2023.05.29,"80,000",대전광역시 유성구 계룡로123번길 12
대전 유성 호텔 드레,5,타지역에서 친구들이 놀러와서 예약했는데 너무 깔끔하고 넷플릭스 보고 편하고 재밌게 보고 갔습니다!,2024.09.26,"80,000",대전광역시 유성구 계룡로123번길 12
대전 유성 호텔 드레,5,방 완전 깨끗했고 물 수압도 좋고 드라이기도 엄청 좋았어요! 게다가 입실을 15분정도 빨리 시켜주셔서 너무 감사했습니다...,2024.03.25,"80,000",대전광역시 유성구 계룡로123번길 12
대전 유성 호텔 드레,5,"항상 믿고 방문하는 숙소예요
이번에도 역시나 깨끗하고 포근하게 쉬다갈 수 있었어요^^ 감사합니다!",2024.02.22,"80,000",대전광역시 유성구 계룡로123번길 12
대전 유성 호텔 드레,5,다른데 다 다녀봤지만 젤깔끔하고 수압도 쎄고 직원분 너무 친절해요 단점은 침대가 많이 딱딱하다는정도? OTT도 아이디만있으면 다볼수있어요,2024.02.14,"80,000",대전광역시 유성구 계룡로123번길 12
대전 유성 호텔 드레,5,"사장님이 상당히 친절하시고 시설, 위치 어떤면에서도 아쉽지 않았습니다. 유성에선 앞으로 여기만 올게요",2023.10.13,"80,000",대전광역시 유성구 계룡로123번길 12
대전 유성 호텔 드레,5,"조용하고 좋아요 깨끗하고 전체적으로 만족 
그런데 7층 벽지에 곰팡이가 있어서 그건 좀 아쉬워요 ㅠㅠ",2023.08.13,"80,000",대전광역시 유성구 계룡로123번길 12
대전 유성 호텔 드레,5,사장님이신지 알바분인지 모르겠지만 친절하게 맞이해주셔서 처음부터 좋았고 숙소내부도 깨끗해서 모든게 만족스러웠음.,2024.04.15,"80,000",대전광역시 유성구 계룡로123번길 12
대전 유성 호텔 드레,5,호텔 내부나 편리해서 좋았어요!! 깔끔하고 친절하게 대해주셔서 좋았습니다!!ㅎㅎ 다음에 또 이용할게요!!,2024.01.03,"80,000",대전광역시 유성구 계룡로123번길 12
대전 유성 호텔 드레,5,"좋았습니다.
Nc백화점, 라마다 호텔 근처에 위치해 있고
엘리베이터, 숙소 내부 깔끔합니다.
늦은 시간까지 주변에 시끄러운 사람들은 있으나
전반적으로 숙면취할 수 있게 암막커튼 잘되어 있습니다.
화장실 리모델링 되어 있어 깔끔합니다.
추가용품 제공되어 좋습니다.
16시입실가능이였는데 18시가되어서야 입실가능했습니다.
수정이 필요해보입니다.",2023.10.07,"80,000",대전광역시 유성구 계룡로123번길 12
대전 유성 호텔 드레,5,"대전에 간다면 앞으로 여기만 갈 것 같습니다.

대전에서 3번 정도 숙소를 예약해봤지만 여기만큼 좋은 곳이 없습니다,
보통 호텔이라는 명칭의 모텔이나 여관방 수준이지만 여긴 정말 호텔이라는 명칭 값을 합니다.

1. 로비부터 객실까지 정말 향긋합니다.
다른 모텔들은 축축하고 곰팡내, 담배 냄새등 불쾌한 냄새와 습도로 찌들었지만 정말 너무나도 향긋한 냄새에 묵는 내내 기분이 좋았습니다.

2. 어매니티 준비가 잘 되어 있습니다.
폼 클렌징, 칫솔 치약은 물론 토너, 로션, 샴푸, 컨디셔너, 바디워시, 면도기, 면도 젤, 청결제 등등등 없는 것이 없습니다.
저는 특히 수건이 넉넉해서 혼자 지내기 너무 편했네요.

3. 그래도 단점이라면 배게나 수건이 구멍나거나 찢어진 경우가 있었습니다.
아마 이전에 이용하신 분이 담배 피다가 구멍 낸게 아닌가 싶은데...
하지만 크게 신경 쓰일 정도는 아니어서 잘 이용했습니다.",2024.07.03,"80,000",대전광역시 유성구 계룡로123번길 12
대전 유성 호텔 드레,4,"유성온천역과 봉명동 맛집 거리들과 가까워 편리했습니다. 소음 없이 조용했고, 방의 침구와 내부도 쾌적하고 청결해서 편하게 묵었습니다. 다만 욕조 배수구 머리카락 청소가 전혀 안되어 있어 직접 치우고 사용했습니다. 이점만 더 꼼꼼히 살피면 좋을것 같습니다.",2023.08.27,"80,000",대전광역시 유성구 계룡로123번길 12
대전 유성 호텔 드레,4,다좋았는데 욕실물이 잘안내려가고 티브이 선반쪽 먼지 청소가 아예안돼있어서 옷에 먼지가 다붙었네요 그이외엔 좋았습니다,2024.10.13,"80,000",대전광역시 유성구 계룡로123번길 12
대전 유성 호텔 드레,5,몇일전 에어컨갑자기 에어컨 고장났다고 당일 취소가능하다고 하셨지만 여사장님이 친절하셔서 믿고 편하게 쉬다 갔습니다~~단골이지만 후기 길게남기는거 처음🤗,2024.05.13,"80,000",대전광역시 유성구 계룡로123번길 12
대전 유성 호텔 드레,5,"3일 연속 숙박을 했고 사용 중일 때 짐을 놔둔 상태로 누군가 방에 들어오는 것이 조금 불편해서 체크인 때 청소는 괜찮다고 말씀드렸는데
청소를 하셨길래 그냥 깜빡하셨나보다 넘겼는데 다음날도 청소를 하셨더라구요 요청드리기엔 퇴실날이라.. 살짝 아쉬운 부분이었습니다
그 외에는 호텔 입구부터 깨끗했고 체크인할 때 계셨던 사장님? 직원분?이 정말 친절하셨고 위치가 너무너무 좋았고 객실 컨디션, 수압까지 완벽했습니다!!",2023.09.20,"80,000",대전광역시 유성구 계룡로123번길 12
대전 유성 호텔 드레,5,"다음날 퇴실시간에 맞춰 못일어나서 이후에 결제하겠다고 말씀드리고,,
야놀자로 퇴실시간 맞춰 대실 예약해야하는데 늦잠자버린탓에 두시간 늦은 시간으로 결제했어요ㅠㅠ
그런데 아무 말씀이 없으셔서 퇴실할 때 말씀드리려고 했는데 자리를 비우셨더라고요! 결제한 시간은 19시까지였지만 원래 시간 맞춰 17시에 퇴실했어요:)
혹시 몰라 남깁니다!
감사합니다^^",2024.05.25,"80,000",대전광역시 유성구 계룡로123번길 12
대전 유성 호텔 드레,5,첨부터 4인 이용실이라 적지마시던지 눈에보이게 가격을 올리셨으면...추가비용을 더내라해서 좀 아쉬웠습니다,2024.02.25,"80,000",대전광역시 유성구 계룡로123번길 12
대전 유성 호텔 드레,5,"오랜만에 방문했는데 이번에도 편안히 머물다 가요! 지인한테 추천하는 숙소예요.
502호 드라이기 전원이 안들어오는데 확인 부탁드려요ㅎㅎ",2024.03.30,"80,000",대전광역시 유성구 계룡로123번길 12
대전 유성 호텔 드레,4,"생각보다 방이 작았어요. 그래도 이정도면 깔끔한편이라 괜찮았구요.. 
화장실이 분리되어있고.. 크게 거슬리는것 없이 청결했는데 세면대 물이 잘 안빠지더라구요. 한번 뚫으셔야 할듯.
데스크 앞에 렌즈통이랑 세정액 있는게 인상깊었어요.
대실 5시간인것도 바디프랜즈 안마의자도 좋았어요..
또 오고 싶네요. 좀 넓은 방에 안마의자 짱짱하면 비싸도 전 그방으로 할것 같아요.",2023.11.07,"80,000",대전광역시 유성구 계룡로123번길 12
대전 유성 호텔 드레,5,"깔끔하고 깨끗해서 좋아요
그래서 지인 출장올 때마다 여기 추천해줘요:)
다만 넷플릭스가 이제 안되는건지 아무리 찾아봐도 안보이네요ㅠㅜ 푹 쉬고 갑니다!",2023.12.01,"80,000",대전광역시 유성구 계룡로123번길 12
대전 유성 호텔 드레,5,"타지에서 와주는 남자친구를 위해 예약했어요.
시설이 좋고 깔끔해서 재방문하는 곳이에요^^",2024.05.25,"80,000",대전광역시 유성구 계룡로123번길 12
대전 유성 호텔 드레,5,"일단 렌즈 케이스랑 리뉴 배치돼있는게 너무 좋아요 :)
급하게,아무생각 없이 가도 만사오케이 ,,",2023.06.09,"80,000",대전광역시 유성구 계룡로123번길 12
대전 유성 호텔 드레,4,"건물내 주차장은 협소해서
외부주차장을 이용해야합니다
유성에 있는 모텔중 제일 낫지만...",2023.09.20,"80,000",대전광역시 유성구 계룡로123번길 12
대전 유성 호텔 드레,5,"3박 4일 머물렀는데 그동안 객실도 깨끗하게 유지해주셔서 불편했던 점 없이 머물다가요:)

헤어드라이기가 많이 약해서 긴머리 여성분들 말리시는데 오래 걸려요..!!",2024.04.11,"80,000",대전광역시 유성구 계룡로123번길 12
대전 유성 호텔 드레,5,"깨끗하고 방음도 잘 되고 너무 젛았어욤 ㅎㅎㅎ 어매니티도 나름 있을 거 다 있고 좋았습니다. 엔씨백화점 옆인게 젤 맘에 들엇음 배달시키면 웬만하면 다 빨리 와용
직원분들도 친절하고 좋습니당

개인적으로 아쉬웠던 점: 성심당이랑 많이 멀어서 성심당때문에 대전 오시는 분들은 한번 재고해보세요. 그리고 저는 비데 없인 화장실 못 가는데 변기에 비데가 없어서 조금 불편했습니다!! 근뎅 이거는 전부 제 개인적인 취향이라서 참고하실 분들만 참고하세용",2024.05.13,"80,000",대전광역시 유성구 계룡로123번길 12
대전 유성 호텔 드레,5,"깨끗, 냄새 안남.
공기청정기x
넷플릭스, 고데기, 드라이기
재방문의사 있음.",2023.06.07,"80,000",대전광역시 유성구 계룡로123번길 12
대전 유성 호텔 드레,5,"전반적으로 나쁘지 않았지만 청결도가 아쉬웠어요 
침구들이 오래되어서 그런건지 아니면 습기를 먹어서 그런지 뽀송한 느낌도 없구 사용할때 쾌적하다는 느낌이 부족해서 아쉬었습니다 ㅠㅠ",2024.06.06,"80,000",대전광역시 유성구 계룡로123번길 12
대전 유성 호텔 드레,4,전반적으로 깨끗하고 위치도 좋습니다. 인셉션을 자주 비워서 체크인시 안내 되어있는 연락처로 전화 해야하는경우가 있습니다. 그래도 친절하고 응대가 좋습니다.,2024.10.19,"80,000",대전광역시 유성구 계룡로123번길 12
대전 유성 호텔 드레,5,연박 했는데 항상 깔끔하게 치워주시고 일단 시설이 깨끗하고 좋아요 다음에도 들릴거같아요! 👍🏻,2023.04.16,"80,000",대전광역시 유성구 계룡로123번길 12
대전 유성 호텔 드레,5,"잘쉬었다갑니다.
비품 칫솔,치약,면도기가 없습니다.
숙박하시는분들은 미리챙겨가시는거 추천드려요",2023.07.24,"80,000",대전광역시 유성구 계룡로123번길 12
대전 유성 호텔 드레,3,"위치가 괜찮고, 직원분이 친절하셔요ㅎㅎ
다만 침구가 조금 더 깨끗하게 관리되었음 좋을 것 같아요!!
편하게 잘 쉬다 갑니다 !",2024.01.01,"80,000",대전광역시 유성구 계룡로123번길 12
대전 유성 호텔 드레,5,"방도 침대도 깔끔하고 칫솔 등 비품도 괜찮아요. 스킨,로션이 자극적이지 않고 쓰기 좋았어요. 아침에 시리얼도 준비되어 있어 간단히 해결했네요. 건물 외부 소음이 들리지만, 심하진 않아 편히 쉬었어요",2023.05.04,"80,000",대전광역시 유성구 계룡로123번길 12
대전 유성 호텔 드레,5,"항상 만족스럽게 머물다 갔어요.
에어컨 사용이 안되었는데, 고장일까요? 넘 더워서 창문열고 잤는데 밖이 너무 시끄러워서 잠을 잘 못잤어요ㅠㅠ 
이 외에 전반적으로 모두 만족합니다!",2024.05.07,"80,000",대전광역시 유성구 계룡로123번길 12
대전 유성 호텔 드레,5,"남자친구 깜짝 케이크 선물 해주려고 미리 가서 보관해주실 수 있으시냐고 여쭤봤는데 가능하다고 해주셔서 넘 감사드려요!!
객실은 말할 것도 없이 깨끗했지만 침구에 곰팡이(?)흔적같이 검은색 얼룩이 넘 많아서 아쉬웠어요. 그래고 재방문 의사 있습니다^^",2024.06.10,"80,000",대전광역시 유성구 계룡로123번길 12
대전 유성 호텔 드레,5,"갈때마다 느끼지만 들어가는순간부터 기분이좋아짐
사장님께서 항상웃으면서 친절히대해주시고!
숙소들어가면 깨끗하고 향기로운냄시 나고!
따신물도 콸콸나오고 우린 푸욱 숙면하다 집갑니댜🫶🏻",2023.09.25,"80,000",대전광역시 유성구 계룡로123번길 12
대전 유성 호텔 드레,3,"호텔인데다 평이 좋아서 선택했는데 너무 작아서 답답했어요
3명이 이용했는데 퀸사이즈1개랑 싱글사이즈 1개 놓여있으니 방이 꽉차더군요
게다가 침구가 좀 누래서 깨끗하단 생각이 들지 않았어요
다시 이용하진 않을 것 같아요",2024.09.22,"80,000",대전광역시 유성구 계룡로123번길 12
대전 유성 호텔 드레,5,리모델링인지 새로 생긴건지 모르겠지만 깔끔합니다. 친절하시고요. 안마의자때문인지 층간 소음이 다소 있습니다.,2023.05.20,"80,000",대전광역시 유성구 계룡로123번길 12
대전 유성 호텔 드레,1,화장실 문고리 자체가 없어서 문 닫히지도않고 방에 곰팡이 심각해서 다른방으로 이동 요청했는데 불친절하게 응대 하신거 기억하고 절대 다시는 예약 안할게요. 굳이 전화 다시걸어서는 ‘그래서 제가 사과 하고 있잖아요’ 라고 사과받긴 처음이에요~ 연박 받기 싫으면 연박을 안받으시면 될텐데 출장가서 숙소때문에 스트레스받긴 처음이네요 연박이라 청소 요청해도 안해주셔서 수건 두개로 3박4일 썼어요 프론트로 연결되는 전화기도 고장나있어서 핸드폰으로 전화해도 잘 안받으세요,2024.07.13,"80,000",대전광역시 유성구 계룡로123번길 12
대전 유성 호텔 드레,3,"금연관리가 확실하게 되어있어서 좋았습니다.
2층 라운지도 소박하게 잘 되어있더라구요
숙소의 위치나 분위기도 깔끔해서 좋았습니다.
그러나
카운터 직원분이 조금 서투르셨던 점
수건에 철수세미? 한 올이 박혀있었던 점
사진과 객실의 갭이 크게 느껴진 점
창문을 다 닫고 있었는데 어디서 자꾸 모기가 들어왔던 점
이래저래 아쉬운 부분이 있었습니다",2023.07.10,"80,000",대전광역시 유성구 계룡로123번길 12
대전 유성 호텔 드레,1,"도보특가로 2박 예약하고 이용했습니다.
근데 2박하더라도 중간에 짐은 빼야한다네요 도보특가로 예약한거라 1박을 하곤 방을 바꿔야한데요
그러기 싫으면 2만원을 더 내라고 하더군요
어이없긴했지만 그냥 그러려니 하고 계산을 했는데 꼭 한마디를 더 붙치네요 아는 사람들은 다 알고 미리 도보특가로 예약 안한다면서 ㅋㅋㅋㅋㅋ
2월부터 매주 대전으로 2박에서 3박 머물고 있습니다
그 어떤 숙소에서도 추가요금을 요구한적은 없는데 참 새로운걸 알려주는 숙소였네요

숙소.
깔끔합니다
다만 깔끔만 합니다

에어컨이 침대 정면에 바로 붙어있어서 바람이 직사로 바로 와 오래켜두기엔 춥고 건조했고 객실엔 그 흔한 포트기도 없습니다.
방도 작은편에 속하구요
다신 찾지 않을 것 같네요",2023.06.09,"80,000",대전광역시 유성구 계룡로123번길 12
대전 유성 호텔 드레,1,"깔끔해서 대전갈때마다 자주갔었는데 이번일로 다시가기가 꺼려졌어요
연박하고 체크인할때 청소여부체크하셔서 안해도된다고 다말씀드렸는데 남자친구는 출근해서 여자인 저 혼자 자고있다가 오전9시쯤 어떤남자분이 들어오셔서 진짜 놀래서 깼어요
바로나가셨지만 확인전화를해보니 청소하는 외국인분인데 미숙해서 일어난일이라고 하네요..
겁이 많아서 그이후로 제대로 자지도 못했어요ㅠ
만약 씻고있는데 그런일이생겼다고 생각하면 더 끔찍하네요..",2023.06.27,"80,000",대전광역시 유성구 계룡로123번길 12
대전 유성 호텔 드레,1,여기 별 5개 주신분들은 알바이거나 모텔 처음 이용해보신 분들인듯...방 온도는 조정도 안되고 샤워기는 물 트니까 철가루 떨어지고 침구류는 찢어져있고....모기는 또 이겨울에 왜있는건지...직원이라도 친절하면 참을텐데.....,2023.11.26,"80,000",대전광역시 유성구 계룡로123번길 12
대전 유성 호텔 드레,1,"곰팡이에 칭구류 알수없는 이물질과 털들.. 
잠 못자고 다른곳으로 옮겼습니다
돈이 아까웠어요.
너무 충격받음",2024.09.08,"80,000",대전광역시 유성구 계룡로123번길 12
대전 유성 호텔 드레,5,항상 만족하며 이용하고있습니다,2024. 11. 14,"80,000",대전광역시 유성구 계룡로123번길 12
대전 유성 호텔 드레,5,깨끗하고 좋아요!!! 지하철 역이랑도 가까워서 편했어용 담에 또 가고싶어욜!!,2024. 11. 13,"80,000",대전광역시 유성구 계룡로123번길 12
대전 유성 호텔 드레,5,잘쉬다갑니다~~~~,2024. 11. 13,"80,000",대전광역시 유성구 계룡로123번길 12
대전 유성 호텔 드레,5,"처음 입실했을때 방이 중앙난방이라 추웠는데, 직원이 바로 조치해줘서 따뜻하게 잘 잤어요",2024.11.08,"80,000",대전광역시 유성구 계룡로123번길 12
대전 유성 호텔 드레,5,가격대비 좋아요 굿굿,2024.11.06,"80,000",대전광역시 유성구 계룡로123번길 12
대전 유성 호텔 드레,5,편하게ㅜ잘쉬다 갑니다,2024.10.30,"80,000",대전광역시 유성구 계룡로123번길 12
대전 유성 호텔 드레,5,친구랑 함께 대실했다가 좋아서 숙박까지 함,2024.10.29,"80,000",대전광역시 유성구 계룡로123번길 12
대전 유성 호텔 드레,5,깔끔하고 냄새안나고 좋았음,2024.10.29,"80,000",대전광역시 유성구 계룡로123번길 12
대전 유성 호텔 드레,4,사촌 동생 숙소로 예약했는데 만족했습니다,2024.10.28,"80,000",대전광역시 유성구 계룡로123번길 12
대전 유성 호텔 드레,5,잘 쉬다 갑니다 수고요,2024.10.25,"80,000",대전광역시 유성구 계룡로123번길 12
대전 유성 호텔 드레,5,잘 쉬다 갑니다 수고하세요,2024.10.22,"80,000",대전광역시 유성구 계룡로123번길 12
대전 유성 호텔 드레,5,출장으로 묵었는데 좋아요,2024.10.20,"80,000",대전광역시 유성구 계룡로123번길 12
대전 유성 호텔 드레,5,"심플하고 엄청 깨끗해요
아담하게 크지않아요.ㅍㅍ",2024.10.20,"80,000",대전광역시 유성구 계룡로123번길 12
대전 유성 호텔 드레,5,조용하고 깨끗했습니다!,2024.10.18,"80,000",대전광역시 유성구 계룡로123번길 12
대전 유성 호텔 드레,5,출장 숙소로 잘 썼어요,2024.10.18,"80,000",대전광역시 유성구 계룡로123번길 12
대전 유성 호텔 드레,5,출장 숙소로 잘 썼어요,2024.10.18,"80,000",대전광역시 유성구 계룡로123번길 12
대전 유성 호텔 드레,4,깨끗하고 좋았어욤!!,2024.10.10,"80,000",대전광역시 유성구 계룡로123번길 12
대전 유성 호텔 드레,4,좋았어요 편해요 다음에도 올게요,2024.10.09,"80,000",대전광역시 유성구 계룡로123번길 12
대전 유성 호텔 드레,5,깨끗하고 냄새 안나고 좋았습니다^^,2024.10.08,"80,000",대전광역시 유성구 계룡로123번길 12
대전 유성 호텔 드레,5,항상 깨끗하고 편안합니다,2024.10.07,"80,000",대전광역시 유성구 계룡로123번길 12
대전 유성 호텔 드레,5,시설이 깨끗하고 편안합니다,2024.09.30,"80,000",대전광역시 유성구 계룡로123번길 12
대전 유성 호텔 드레,5,믿고 가는 곳입니다.,2024.09.30,"80,000",대전광역시 유성구 계룡로123번길 12
대전 유성 호텔 드레,4,깨끗하고 좋은것 같아용,2024.09.29,"80,000",대전광역시 유성구 계룡로123번길 12
대전 유성 호텔 드레,5,재미있게 놀다갑니다아,2024.09.29,"80,000",대전광역시 유성구 계룡로123번길 12
대전 유성 호텔 드레,4,"대체로 깨끗한데, 치약이 없어서 불편했음.",2024.09.26,"80,000",대전광역시 유성구 계룡로123번길 12
대전 유성 호텔 드레,5,깨끗하고 좋습니다ㅎㅎ잘쉬다갑니다,2024.09.24,"80,000",대전광역시 유성구 계룡로123번길 12
대전 유성 호텔 드레,5,전체적으로 매우 만족. 무엇모다 모든 ott가 있어서 볼거리 풍부,2024.09.24,"80,000",대전광역시 유성구 계룡로123번길 12
대전 유성 호텔 드레,5,객실이 깨끗하고 편의시설이 좋아요,2024.09.21,"80,000",대전광역시 유성구 계룡로123번길 12
대전 유성 호텔 드레,5,수건이 두툼해서 좋았고 항상 깨끗해요,2024.09.21,"80,000",대전광역시 유성구 계룡로123번길 12
대전 유성 호텔 드레,5,잘쉬었습니다 깔끔해요,2024.09.19,"80,000",대전광역시 유성구 계룡로123번길 12
대전 유성 호텔 드레,5,전체적으로 청결한 편으로 자주 이용하는 곳입니다. 주차도 편해서 좋아요!,2024.09.19,"80,000",대전광역시 유성구 계룡로123번길 12
대전 유성 호텔 드레,5,전체적으로 깨끗하고 쉬고 가기 좋았습니다^^,2024.09.18,"80,000",대전광역시 유성구 계룡로123번길 12
대전 유성 호텔 드레,5,잘쉬고가요. 생각보다 괜찮았어요!,2024.09.17,"80,000",대전광역시 유성구 계룡로123번길 12
대전 유성 호텔 드레,5,스타일러있고 좋아요 직원분도 친절합니다,2024.09.12,"80,000",대전광역시 유성구 계룡로123번길 12
대전 유성 호텔 드레,5,깨끗하고 시설이 좋아요,2024.09.12,"80,000",대전광역시 유성구 계룡로123번길 12
대전 유성 호텔 드레,5,항상 깨끗한 객실 잘 쓰고있습니다,2024.09.12,"80,000",대전광역시 유성구 계룡로123번길 12
대전 유성 호텔 드레,5,객실이 깨끗합니다.,2024.09.10,"80,000",대전광역시 유성구 계룡로123번길 12
대전 유성 호텔 드레,5,객실이 깨끗합니다.,2024.09.10,"80,000",대전광역시 유성구 계룡로123번길 12
대전 유성 호텔 드레,5,깨끗하고 청결해서 좋았다.,2024.09.10,"80,000",대전광역시 유성구 계룡로123번길 12
대전 유성 호텔 드레,5,내부 깨끗하고 조용했어요.,2024.09.10,"80,000",대전광역시 유성구 계룡로123번길 12
대전 유성 호텔 드레,5,편하게 머물고 갑니다~ 청결해서 좋았어요.,2024.09.09,"80,000",대전광역시 유성구 계룡로123번길 12
대전 유성 호텔 드레,5,오랜만에 왔는데 깨끗하고 잘쉬다닙다~,2024.09.09,"80,000",대전광역시 유성구 계룡로123번길 12
대전 유성 호텔 드레,4,조용하고 주차하기 편해요,2024.09.07,"80,000",대전광역시 유성구 계룡로123번길 12
대전 유성 호텔 드레,5,친절하고 깨끗해요.,2024.09.06,"80,000",대전광역시 유성구 계룡로123번길 12
대전 유성 호텔 드레,5,좋았고 다음에 또 방문할께요,2024.09.06,"80,000",대전광역시 유성구 계룡로123번길 12
대전 유성 호텔 드레,5,객실 청소가 엄청 잘 되어 있는 느낌은 아니었지만 가성비로 갈만한 것 같습니다!,2024.09.05,"80,000",대전광역시 유성구 계룡로123번길 12
대전 유성 호텔 드레,5,룸 업그레이드해주셔서 더 편하게 묵었다 갑니다~,2024.09.02,"80,000",대전광역시 유성구 계룡로123번길 12
대전 유성 호텔 드레,5,즇아아아아아앙오토어엉,2024.09.01,"80,000",대전광역시 유성구 계룡로123번길 12
대전 유성 호텔 드레,5,깨끗하고 좋았습니다. 바로 앞에 백화점도 있고 잘 묵다 가요,2024.08.30,"80,000",대전광역시 유성구 계룡로123번길 12
대전 유성 호텔 드레,5,"전체적으로 엄청 깔끔하내요~
금연건물인것두 너무좋았습니다.",2024.08.30,"80,000",대전광역시 유성구 계룡로123번길 12
대전 유성 호텔 드레,5,주변보다 가성비 좋아요 깨끗합니다,2024.08.26,"80,000",대전광역시 유성구 계룡로123번길 12
대전 유성 호텔 드레,5,깔끔하고 좋았습니다,2024.08.24,"80,000",대전광역시 유성구 계룡로123번길 12
대전 유성 호텔 드레,1,"소음,습함,비위생,노후시설,약한수압,",2024.08.21,"80,000",대전광역시 유성구 계룡로123번길 12
대전 유성 호텔 드레,5,전반적으로 깔끔한 편이고 주차 걱정 없어 자주 이용하는 편입니다.,2024.08.20,"80,000",대전광역시 유성구 계룡로123번길 12
대전 유성 호텔 드레,5,깨끗하고 깔끔해서 잘 묵고 갑니다!,2024.08.16,"80,000",대전광역시 유성구 계룡로123번길 12
대전 유성 호텔 드레,5,집처럼 편안했어요 특유의 모텔느낌이 아니고 깨끗하고 침대도 푹신해서 좋았어용,2024.08.11,"80,000",대전광역시 유성구 계룡로123번길 12
대전 유성 호텔 드레,5,나름 깔끔하고 가격댜비 좋아요,2024.08.09,"80,000",대전광역시 유성구 계룡로123번길 12
대전 유성 호텔 드레,5,좋네요 좋아요 좋네요,2024.08.06,"80,000",대전광역시 유성구 계룡로123번길 12
대전 유성 호텔 드레,5,엔씨 백화점 바로 옆에 있어서 좋아요,2024.08.04,"80,000",대전광역시 유성구 계룡로123번길 12
대전 유성 호텔 드레,5,"인테리어도 깔끔하고 고데기, 조식, 라면 등 다양한 기본 서비스가 많아서 좋았어요",2024.07.29,"80,000",대전광역시 유성구 계룡로123번길 12
대전 유성 호텔 드레,5,너무너무 좋았어요 깔끔하고 예쁘고 !!,2024.07.24,"80,000",대전광역시 유성구 계룡로123번길 12
대전 유성 호텔 드레,5,최고입니다~ 꼭 가보세룡,2024.07.22,"80,000",대전광역시 유성구 계룡로123번길 12
대전 유성 호텔 드레,5,좋습니다 감사합니다,2024.07.19,"80,000",대전광역시 유성구 계룡로123번길 12
대전 유성 호텔 드레,5,대전 갈때미다 항상 이용합니다. 깨끗하고 친절해요,2024.07.14,"80,000",대전광역시 유성구 계룡로123번길 12
대전 유성 호텔 드레,5,스타일러있는방이었으며..만족했습니다..,2024.07.11,"80,000",대전광역시 유성구 계룡로123번길 12
대전 유성 호텔 드레,4,객실 청결하고요 비품도 구비가 잘돼있었습니다.,2024.07.08,"80,000",대전광역시 유성구 계룡로123번길 12
대전 유성 호텔 드레,5,깔끔하고좋았어요 넷이서 이용하기 좋아요,2024.07.07,"80,000",대전광역시 유성구 계룡로123번길 12
대전 유성 호텔 드레,5,깔끔하고 역도 가깝고 주변도 조용하고 좋았습니다.,2024.07.07,"80,000",대전광역시 유성구 계룡로123번길 12
대전 유성 호텔 드레,5,깔끔하고 역도 가깝고 주변도 조용하고 좋았습니다.,2024.07.07,"80,000",대전광역시 유성구 계룡로123번길 12
대전 유성 호텔 드레,5,편하게 잘 쉬다 갑니다.,2024.07.07,"80,000",대전광역시 유성구 계룡로123번길 12
대전 유성 호텔 드레,5,"방도 깔끔하고 청소도 잘되어있었지만
주차공간이 좀 아쉽습니다",2024.07.07,"80,000",대전광역시 유성구 계룡로123번길 12
대전 유성 호텔 드레,5,깔끔하고 좋아요..,2024.07.05,"80,000",대전광역시 유성구 계룡로123번길 12
대전 유성 호텔 드레,5,좋아요 감사합니다!!!!!,2024.07.03,"80,000",대전광역시 유성구 계룡로123번길 12
대전 유성 호텔 드레,5,버스 타기 전에 남는 시간을 안마의자에서 떼우기에 딱 좋았어요.,2024.07.03,"80,000",대전광역시 유성구 계룡로123번길 12
대전 유성 호텔 드레,5,주변 번화가와 가깝고 숙소가 너무 깨끗하고 편하게 잘 쉬었다 갑니다,2024.07.02,"80,000",대전광역시 유성구 계룡로123번길 12
대전 유성 호텔 드레,5,"모두 만족스러웠어요
편하고깨끗합니다",2024.06.28,"80,000",대전광역시 유성구 계룡로123번길 12
대전 유성 호텔 드레,5,진짜 깔끔하고 냄새도 안나고 좋았어요!!,2024.06.24,"80,000",대전광역시 유성구 계룡로123번길 12
대전 유성 호텔 드레,5,늘 깨끗하고 쾌적합니다!,2024.06.22,"80,000",대전광역시 유성구 계룡로123번길 12
대전 유성 호텔 드레,5,수압이항상신경쓰이는데..오케입니다..,2024.06.21,"80,000",대전광역시 유성구 계룡로123번길 12
대전 유성 호텔 드레,5,깔끔하고 좋아요~!~!~,2024.06.14,"80,000",대전광역시 유성구 계룡로123번길 12
대전 유성 호텔 드레,5,깨끗하게 잘 쓰고 갑니다!!,2024.06.11,"80,000",대전광역시 유성구 계룡로123번길 12
대전 유성 호텔 드레,4,지하철근처라 편리해요,2024.06.08,"80,000",대전광역시 유성구 계룡로123번길 12
대전 유성 호텔 드레,5,냄새도 안 나고 전반적으로 깔끔했어요!,2024.06.03,"80,000",대전광역시 유성구 계룡로123번길 12
대전 유성 호텔 드레,4,최고입니다. 유성에 온다면 추천,2024.05.31,"80,000",대전광역시 유성구 계룡로123번길 12
대전 유성 호텔 드레,3,유성에서 거의 가장 깜끔합니다,2024.05.31,"80,000",대전광역시 유성구 계룡로123번길 12
대전 유성 호텔 드레,5,깔끔하구요 지하철역이랑 꽤 가까워요!,2024.05.27,"80,000",대전광역시 유성구 계룡로123번길 12
대전 유성 호텔 드레,5,갑작스럽게 예약하고 갔는데 너무 좋았습니다~ 깨끗하고 넓고~ 잘 쉬다갑니다^^,2024.05.26,"80,000",대전광역시 유성구 계룡로123번길 12
대전 유성 호텔 드레,5,깔끔하오주차도 좋네요,2024.05.23,"80,000",대전광역시 유성구 계룡로123번길 12
대전 유성 호텔 드레,4,방음잘되고 조용해서 좋았어요,2024.05.20,"80,000",대전광역시 유성구 계룡로123번길 12
대전 유성 호텔 드레,5,쾌적하게 이용하고 갑니다~,2024.05.19,"80,000",대전광역시 유성구 계룡로123번길 12
대전 유성 호텔 드레,5,아주좋아요 최고에요,2024.05.18,"80,000",대전광역시 유성구 계룡로123번길 12
대전 유성 호텔 드레,5,편하게 쉬다갈수있엇어요,2024.05.17,"80,000",대전광역시 유성구 계룡로123번길 12
대전 유성 호텔 드레,5,냄새도 좋고 가기 좋아요,2024.05.17,"80,000",대전광역시 유성구 계룡로123번길 12
대전 유성 호텔 드레,5,깨끗해서 좋았습니다,2024.05.17,"80,000",대전광역시 유성구 계룡로123번길 12
대전 유성 호텔 드레,5,너무 좋았는데 좀더웠어요~,2024.05.16,"80,000",대전광역시 유성구 계룡로123번길 12
대전 유성 호텔 드레,5,깨끗하고 깔끔해서 좋아요.,2024.05.11,"80,000",대전광역시 유성구 계룡로123번길 12
대전 유성 호텔 드레,5,좁은 느낌은 있지만 나쁘지 않습니다.,2024.05.09,"80,000",대전광역시 유성구 계룡로123번길 12
대전 유성 호텔 드레,5,프론트에 안계셔서 말씀 못드렸는데 센스있게 기존 숙박이랑 연결해주셔서 감사드립니다^^,2024.05.07,"80,000",대전광역시 유성구 계룡로123번길 12
대전 유성 호텔 드레,5,"다른 사람들한테도 추천하고 싶은 숙소예요
잘 머물다 갑니다:)",2024.05.07,"80,000",대전광역시 유성구 계룡로123번길 12
대전 유성 호텔 드레,5,시설깨끗하고 좋았어요,2024.05.03,"80,000",대전광역시 유성구 계룡로123번길 12
대전 유성 호텔 드레,5,편안하고 깨끗한 공간이었습니다!,2024.04.29,"80,000",대전광역시 유성구 계룡로123번길 12
대전 유성 호텔 드레,5,대전올때마다 여기에서만 묵습니다!,2024.04.29,"80,000",대전광역시 유성구 계룡로123번길 12
대전 유성 호텔 드레,5,깔끔하고 좋았습니다!!,2024.04.28,"80,000",대전광역시 유성구 계룡로123번길 12
대전 유성 호텔 드레,5,엄청깨끗하고 좋아유,2024.04.26,"80,000",대전광역시 유성구 계룡로123번길 12
대전 유성 호텔 드레,5,깔끔하고 만족합니다,2024.04.20,"80,000",대전광역시 유성구 계룡로123번길 12
대전 유성 호텔 드레,5,깔끔하고 친절하고 좋았습니다,2024.04.20,"80,000",대전광역시 유성구 계룡로123번길 12
대전 유성 호텔 드레,4,좋았고 다음에 또 방문할께요,2024.04.15,"80,000",대전광역시 유성구 계룡로123번길 12
대전 유성 호텔 드레,5,편히 쉬다 왔습니다.,2024.04.11,"80,000",대전광역시 유성구 계룡로123번길 12
대전 유성 호텔 드레,5,따뜻하고 향기도 좋습니당,2024.04.09,"80,000",대전광역시 유성구 계룡로123번길 12
대전 유성 호텔 드레,4,매우 깔끔했어요,2024.04.08,"80,000",대전광역시 유성구 계룡로123번길 12
대전 유성 호텔 드레,5,가성비 짱,2024.04.07,"80,000",대전광역시 유성구 계룡로123번길 12
대전 유성 호텔 드레,5,"너무 깨끗했어요~^^ 
잘 쉬다갑니다!",2024.04.07,"80,000",대전광역시 유성구 계룡로123번길 12
대전 유성 호텔 드레,5,깨끗하고 좋았어요. 화장실도 깨끗해서 잘 썼어요.,2024.04.04,"80,000",대전광역시 유성구 계룡로123번길 12
대전 유성 호텔 드레,5,깨끗하고 좋았어요 담에 또올께요,2024.04.03,"80,000",대전광역시 유성구 계룡로123번길 12
대전 유성 호텔 드레,5,"다른곳보다 대실 시간이 길어서 좋았어요.
감사합니다!",2024.03.30,"80,000",대전광역시 유성구 계룡로123번길 12
대전 유성 호텔 드레,5,너무 좋았어요! 유온역이랑도 가깝고 깨끗하고 가성비 갑!!!,2024.03.27,"80,000",대전광역시 유성구 계룡로123번길 12
대전 유성 호텔 드레,5,자주 오는곳이에요 깔끔하고 좋아요 추천합니다,2024.03.26,"80,000",대전광역시 유성구 계룡로123번길 12
대전 유성 호텔 드레,5,위치가 참 좋았어요,2024.03.25,"80,000",대전광역시 유성구 계룡로123번길 12
대전 유성 호텔 드레,5,"객실 청결도, 숙소 접근성 ★★★★★
다시 방문하고 싶은 곳입니다. 감사합니다.",2024.03.22,"80,000",대전광역시 유성구 계룡로123번길 12
대전 유성 호텔 드레,5,깨끗하고 괜찮았어요,2024.03.21,"80,000",대전광역시 유성구 계룡로123번길 12
대전 유성 호텔 드레,5,깨끗하고 좋아요,2024.03.20,"80,000",대전광역시 유성구 계룡로123번길 12
대전 유성 호텔 드레,5,깔끔하고 만족합니다~,2024.03.11,"80,000",대전광역시 유성구 계룡로123번길 12
대전 유성 호텔 드레,5,죠아요엉ㅇ,2024.03.11,"80,000",대전광역시 유성구 계룡로123번길 12
대전 유성 호텔 드레,5,"가끔 쉬러오고싶을때 오는데
조용하고 깨끗하고 너무 만족해요🩷🩷",2024.03.01,"80,000",대전광역시 유성구 계룡로123번길 12
대전 유성 호텔 드레,5,좋았어요.,2024.02.29,"80,000",대전광역시 유성구 계룡로123번길 12
대전 유성 호텔 드레,4,너무좋아요,2024.02.26,"80,000",대전광역시 유성구 계룡로123번길 12
대전 유성 호텔 드레,5,넘좋습니다,2024.02.25,"80,000",대전광역시 유성구 계룡로123번길 12
대전 유성 호텔 드레,5,깔끔하고 일회용품이 잘 구비되어있어서 좋았어요!,2024.02.25,"80,000",대전광역시 유성구 계룡로123번길 12
대전 유성 호텔 드레,4,괜찮았어요,2024.02.24,"80,000",대전광역시 유성구 계룡로123번길 12
대전 유성 호텔 드레,5,깔끔해서좋아요,2024.02.20,"80,000",대전광역시 유성구 계룡로123번길 12
대전 유성 호텔 드레,5,깨끗하고 편안해요.,2024.02.18,"80,000",대전광역시 유성구 계룡로123번길 12
대전 유성 호텔 드레,5,딱히 모난 곳 없이 전반적으로 다 만족스러웠음,2024.02.18,"80,000",대전광역시 유성구 계룡로123번길 12
대전 유성 호텔 드레,5,다좋엇어요,2024.02.17,"80,000",대전광역시 유성구 계룡로123번길 12
대전 유성 호텔 드레,5,항상 GOAT,2024.02.17,"80,000",대전광역시 유성구 계룡로123번길 12
대전 유성 호텔 드레,5,대전 모텔중 여기가 젤 좋은듯하네요 사장님도 많이착하시고 좋아요!,2024.02.11,"80,000",대전광역시 유성구 계룡로123번길 12
대전 유성 호텔 드레,5,좋아여 ㅎㅎ,2024.02.11,"80,000",대전광역시 유성구 계룡로123번길 12
대전 유성 호텔 드레,4,객실이 깔끔하고 쾌적함,2024.02.10,"80,000",대전광역시 유성구 계룡로123번길 12
대전 유성 호텔 드레,5,분위기도 좋고 굿,2024.02.10,"80,000",대전광역시 유성구 계룡로123번길 12
대전 유성 호텔 드레,5,깔끔하고 좋았습니다,2024.02.07,"80,000",대전광역시 유성구 계룡로123번길 12
대전 유성 호텔 드레,5,아주 편히 잘쉬다 갑니다,2024.02.05,"80,000",대전광역시 유성구 계룡로123번길 12
대전 유성 호텔 드레,5,좋았고 다음에 또 갈께요!,2024.02.04,"80,000",대전광역시 유성구 계룡로123번길 12
대전 유성 호텔 드레,5,잘쉬다갑니당,2024.02.04,"80,000",대전광역시 유성구 계룡로123번길 12
대전 유성 호텔 드레,5,너무 좋아요오옹오오오옹,2024.01.31,"80,000",대전광역시 유성구 계룡로123번길 12
대전 유성 호텔 드레,5,엄청 쾌적하고 좋은 것 같습니다,2024.01.25,"80,000",대전광역시 유성구 계룡로123번길 12
대전 유성 호텔 드레,5,굿굿맨 굿굿,2024.01.15,"80,000",대전광역시 유성구 계룡로123번길 12
대전 유성 호텔 드레,4,냉장고가 언제부터 있었는지 모를 더위사냥으로 엉망이였던거 빼곤 괜찮았어요,2024.01.15,"80,000",대전광역시 유성구 계룡로123번길 12
대전 유성 호텔 드레,5,잘쉬다갑니다,2024.01.11,"80,000",대전광역시 유성구 계룡로123번길 12
대전 유성 호텔 드레,5,깨끗하고 좋아여,2024.01.10,"80,000",대전광역시 유성구 계룡로123번길 12
대전 유성 호텔 드레,3,잘쉬다갑니다,2024.01.08,"80,000",대전광역시 유성구 계룡로123번길 12
대전 유성 호텔 드레,5,잘쉬다갑니다,2024.01.08,"80,000",대전광역시 유성구 계룡로123번길 12
대전 유성 호텔 드레,4,새벽에 백화점 물류 이동때문에 시끄럽네요,2024.01.07,"80,000",대전광역시 유성구 계룡로123번길 12
대전 유성 호텔 드레,5,출장때 이용했는데 방깨끗하고 좋아요~,2024.01.03,"80,000",대전광역시 유성구 계룡로123번길 12
대전 유성 호텔 드레,5,출장때 이용했는데 방깨끗하고 좋아요~,2024.01.03,"80,000",대전광역시 유성구 계룡로123번길 12
대전 유성 호텔 드레,5,"좋아여 저렴하게 예약해써용
금연이라 좋아여 ㅎㅎ",2024.01.02,"80,000",대전광역시 유성구 계룡로123번길 12
대전 유성 호텔 드레,5,깨끗하고 좋아요,2024.01.02,"80,000",대전광역시 유성구 계룡로123번길 12
대전 유성 호텔 드레,5,매우 깨끗하고 따숩고 쵝오,2024.01.02,"80,000",대전광역시 유성구 계룡로123번길 12
대전 유성 호텔 드레,5,주차장이 협소하지만 숙소는 깨끗하고 좋았어요,2024.01.01,"80,000",대전광역시 유성구 계룡로123번길 12
대전 유성 호텔 드레,5,"아이들과 유성온천갔다가 간곳인데
너무 만족합니다",2023.12.31,"80,000",대전광역시 유성구 계룡로123번길 12
대전 유성 호텔 드레,5,친절하세요,2023.12.30,"80,000",대전광역시 유성구 계룡로123번길 12
대전 유성 호텔 드레,5,방문할때마다 항상 깨끗하고 좋아요,2023.12.29,"80,000",대전광역시 유성구 계룡로123번길 12
대전 유성 호텔 드레,5,안마의자 좋고 깨끗해서 좋아요,2023.12.28,"80,000",대전광역시 유성구 계룡로123번길 12
대전 유성 호텔 드레,5,따뜻하고 깨끗하고 잘 있었습니다:),2023.12.24,"80,000",대전광역시 유성구 계룡로123번길 12
대전 유성 호텔 드레,5,지금까지 대전 여러곳을 다녔지만 이곳만큼 깨끗한곳은 못봤던거같아요 애용하겠습니다,2023.12.24,"80,000",대전광역시 유성구 계룡로123번길 12
대전 유성 호텔 드레,5,깔끔하고 비품도 잘 준비 돼있어서 쓰기 좋았어요!,2023.12.20,"80,000",대전광역시 유성구 계룡로123번길 12
대전 유성 호텔 드레,5,직원분도 친절하시고 숙소도 조용하고 비품도 넉넉해서 좋았어요,2023.12.17,"80,000",대전광역시 유성구 계룡로123번길 12
대전 유성 호텔 드레,5,항상 만족스럽게 머물다 가요,2023.12.11,"80,000",대전광역시 유성구 계룡로123번길 12
대전 유성 호텔 드레,5,만족합니다,2023.12.10,"80,000",대전광역시 유성구 계룡로123번길 12
대전 유성 호텔 드레,5,깔끔하고 만족합니다,2023.12.10,"80,000",대전광역시 유성구 계룡로123번길 12
대전 유성 호텔 드레,4,떠가고싶네,2023.12.10,"80,000",대전광역시 유성구 계룡로123번길 12
대전 유성 호텔 드레,5,방이 넓고 조식이 있어 좋았어요.,2023.12.06,"80,000",대전광역시 유성구 계룡로123번길 12
대전 유성 호텔 드레,4,"침구도 편하고 화장실도 깔끔했어요
드라이기 고데기까지 있음",2023.12.04,"80,000",대전광역시 유성구 계룡로123번길 12
대전 유성 호텔 드레,5,깨끗하고 좋아여,2023.12.02,"80,000",대전광역시 유성구 계룡로123번길 12
대전 유성 호텔 드레,5,친절하시고 좋았어요 !,2023.12.02,"80,000",대전광역시 유성구 계룡로123번길 12
대전 유성 호텔 드레,5,항상 만족스럽게 이용하고 가요:),2023.12.01,"80,000",대전광역시 유성구 계룡로123번길 12
대전 유성 호텔 드레,5,"늘 애용합니다.
이번에도 좋았습니다.",2023.11.30,"80,000",대전광역시 유성구 계룡로123번길 12
대전 유성 호텔 드레,5,너무 자주가서 민망하지만 또 가게되는,2023.11.28,"80,000",대전광역시 유성구 계룡로123번길 12
대전 유성 호텔 드레,5,"깨끗한 숙소네요
좋아요",2023.11.24,"80,000",대전광역시 유성구 계룡로123번길 12
대전 유성 호텔 드레,3,좋았습니다,2023.11.24,"80,000",대전광역시 유성구 계룡로123번길 12
대전 유성 호텔 드레,5,겨울에는 방이 조금 건조하네요,2023.11.22,"80,000",대전광역시 유성구 계룡로123번길 12
대전 유성 호텔 드레,5,깨끗하고 의자안마기까지 첫방문인데. 아주좋았어요,2023.11.22,"80,000",대전광역시 유성구 계룡로123번길 12
대전 유성 호텔 드레,5,1층에서 자유롭게 부족한 비품을 가져다 쓸 수 있어서 좋았어요!!,2023.11.20,"80,000",대전광역시 유성구 계룡로123번길 12
대전 유성 호텔 드레,5,"깨끗함
조용함
향이 좋음
난방 잘됨
냉방도 잘됨

수압이 조금 약한편",2023.11.18,"80,000",대전광역시 유성구 계룡로123번길 12
대전 유성 호텔 드레,5,스타일러 최고!,2023.11.14,"80,000",대전광역시 유성구 계룡로123번길 12
대전 유성 호텔 드레,5,깨끗하구 좋았어요!,2023.11.12,"80,000",대전광역시 유성구 계룡로123번길 12
대전 유성 호텔 드레,5,잘 쉬다 갑니다!,2023.11.10,"80,000",대전광역시 유성구 계룡로123번길 12
대전 유성 호텔 드레,5,깨끗하고 욕조있고 좋네요,2023.11.08,"80,000",대전광역시 유성구 계룡로123번길 12
대전 유성 호텔 드레,4,"새벽에 출장나가는데
칫솔이 없어서.. 당황했네요 1층에도 칫솔은 없던데요",2023.11.08,"80,000",대전광역시 유성구 계룡로123번길 12
대전 유성 호텔 드레,5,편하게 이용했습니다!! :),2023.11.07,"80,000",대전광역시 유성구 계룡로123번길 12
대전 유성 호텔 드레,5,푹 잘쉬다갑니다,2023.11.06,"80,000",대전광역시 유성구 계룡로123번길 12
대전 유성 호텔 드레,5,깔끔하고 너무 좋네요,2023.11.06,"80,000",대전광역시 유성구 계룡로123번길 12
대전 유성 호텔 드레,4,"일단 어메니티 구비가 잘 되어있어서 좋았습니다.
청결합니다",2023.11.06,"80,000",대전광역시 유성구 계룡로123번길 12
대전 유성 호텔 드레,5,너무 잘 쉬다가요.,2023.11.05,"80,000",대전광역시 유성구 계룡로123번길 12
대전 유성 호텔 드레,5,"출장때문에 이용했는데 좋았어요
다음에도 이용할게요",2023.11.04,"80,000",대전광역시 유성구 계룡로123번길 12
대전 유성 호텔 드레,4,깨끗하고 시설 좋지만 방이 좀 작아요,2023.11.04,"80,000",대전광역시 유성구 계룡로123번길 12
대전 유성 호텔 드레,5,깔끔하고좋아요,2023.11.02,"80,000",대전광역시 유성구 계룡로123번길 12
대전 유성 호텔 드레,5,깨끗하고 담배냄새도 안나고 사장님이 친절하십니다,2023.10.31,"80,000",대전광역시 유성구 계룡로123번길 12
대전 유성 호텔 드레,5,좋았습니다,2023.10.30,"80,000",대전광역시 유성구 계룡로123번길 12
대전 유성 호텔 드레,5,깔끔하고 좋아요,2023.10.30,"80,000",대전광역시 유성구 계룡로123번길 12
대전 유성 호텔 드레,5,잘 쉬다갑니다,2023.10.30,"80,000",대전광역시 유성구 계룡로123번길 12
대전 유성 호텔 드레,4,굿이에요!!!!!!,2023.10.27,"80,000",대전광역시 유성구 계룡로123번길 12
대전 유성 호텔 드레,5,난방도 잘되었고 깨끗하고 쾌적해서 좋았습니다.,2023.10.26,"80,000",대전광역시 유성구 계룡로123번길 12
대전 유성 호텔 드레,5,깔끔하고 친절합니다~,2023.10.26,"80,000",대전광역시 유성구 계룡로123번길 12
대전 유성 호텔 드레,5,잘쉬었습니다,2023.10.23,"80,000",대전광역시 유성구 계룡로123번길 12
대전 유성 호텔 드레,4,담배냄새 안나고 깨끗하고 가성비 좋음,2023.10.22,"80,000",대전광역시 유성구 계룡로123번길 12
대전 유성 호텔 드레,3,침구가 조금 깨끗하지 못한거빼고는 괜찮아요,2023.10.20,"80,000",대전광역시 유성구 계룡로123번길 12
대전 유성 호텔 드레,5,항상 여기만 가요,2023.10.20,"80,000",대전광역시 유성구 계룡로123번길 12
대전 유성 호텔 드레,5,깔끔하고 깨끗해서 좋아요,2023.10.18,"80,000",대전광역시 유성구 계룡로123번길 12
대전 유성 호텔 드레,5,깔끔하고 깨끗해서 좋았어요,2023.10.18,"80,000",대전광역시 유성구 계룡로123번길 12
대전 유성 호텔 드레,5,"깨끗하고 좋아요
업그레이드 감사합니다 ^^",2023.10.17,"80,000",대전광역시 유성구 계룡로123번길 12
대전 유성 호텔 드레,5,너무 편하고 좋습니다,2023.10.15,"80,000",대전광역시 유성구 계룡로123번길 12
대전 유성 호텔 드레,5,친절하시고 좋아요 시설도 깔끔하구요,2023.10.15,"80,000",대전광역시 유성구 계룡로123번길 12
대전 유성 호텔 드레,5,친절하고 깔끔해요,2023.10.13,"80,000",대전광역시 유성구 계룡로123번길 12
대전 유성 호텔 드레,5,잘쉬고 왔습니다 친철하기까지 합니다,2023.10.06,"80,000",대전광역시 유성구 계룡로123번길 12
대전 유성 호텔 드레,5,가성비 완벽해요~~,2023.09.29,"80,000",대전광역시 유성구 계룡로123번길 12
대전 유성 호텔 드레,5,다음에 또 올게요~,2023.09.28,"80,000",대전광역시 유성구 계룡로123번길 12
대전 유성 호텔 드레,5,좋았습니다,2023.09.27,"80,000",대전광역시 유성구 계룡로123번길 12
대전 유성 호텔 드레,5,깔끔하고 가성비 굿굿,2023.09.23,"80,000",대전광역시 유성구 계룡로123번길 12
대전 유성 호텔 드레,5,친절하게 해주셔서 잘쉬다 갑니다,2023.09.23,"80,000",대전광역시 유성구 계룡로123번길 12
대전 유성 호텔 드레,4,좀 추웠는데 좋았어요,2023.09.19,"80,000",대전광역시 유성구 계룡로123번길 12
대전 유성 호텔 드레,5,깔끔하고 좋았어요~~,2023.09.13,"80,000",대전광역시 유성구 계룡로123번길 12
대전 유성 호텔 드레,5,친절하고 머무르기 좋습니다.,2023.09.13,"80,000",대전광역시 유성구 계룡로123번길 12
대전 유성 호텔 드레,5,깨끗 위치좋음 주차 살짝불편,2023.09.07,"80,000",대전광역시 유성구 계룡로123번길 12
대전 유성 호텔 드레,5,좋았습니다!!,2023.09.06,"80,000",대전광역시 유성구 계룡로123번길 12
대전 유성 호텔 드레,5,친절하고 깔끔하고 좋았어요 시살 최고에요,2023.09.02,"80,000",대전광역시 유성구 계룡로123번길 12
대전 유성 호텔 드레,5,너무 좋았습니다! 룸업글도 해주셨어요 ㅎㅎ 추천합니당,2023.08.31,"80,000",대전광역시 유성구 계룡로123번길 12
대전 유성 호텔 드레,5,괜찮습니더,2023.08.28,"80,000",대전광역시 유성구 계룡로123번길 12
대전 유성 호텔 드레,5,주차가 편하고 시설도 깨끗함,2023.08.26,"80,000",대전광역시 유성구 계룡로123번길 12
대전 유성 호텔 드레,5,나쁘지않앗어요,2023.08.24,"80,000",대전광역시 유성구 계룡로123번길 12
대전 유성 호텔 드레,4,평범해요 시설은 깨끗하긴한데 수리가 필요한곳이 좀 많았어요,2023.08.20,"80,000",대전광역시 유성구 계룡로123번길 12
대전 유성 호텔 드레,4,나쁘지않아요,2023.08.14,"80,000",대전광역시 유성구 계룡로123번길 12
대전 유성 호텔 드레,5,잘쉬다갑니다,2023.08.14,"80,000",대전광역시 유성구 계룡로123번길 12
대전 유성 호텔 드레,5,청결해서 만족하고 쉬다갑니다,2023.08.12,"80,000",대전광역시 유성구 계룡로123번길 12
대전 유성 호텔 드레,5,주차 편하고 주변에 할게 많아요.,2023.08.11,"80,000",대전광역시 유성구 계룡로123번길 12
대전 유성 호텔 드레,5,주차 편하고 주변에 상가가 많아서 좋아요.,2023.08.11,"80,000",대전광역시 유성구 계룡로123번길 12
대전 유성 호텔 드레,5,실내 주차장이 좁은거가 좀 아쉽,2023.08.10,"80,000",대전광역시 유성구 계룡로123번길 12
대전 유성 호텔 드레,4,편히 쉬다 왔습니다,2023.08.09,"80,000",대전광역시 유성구 계룡로123번길 12
대전 유성 호텔 드레,5,만족합니다,2023.08.08,"80,000",대전광역시 유성구 계룡로123번길 12
대전 유성 호텔 드레,5,시설도 좋고 편하게 쉬다갑니다~,2023.08.06,"80,000",대전광역시 유성구 계룡로123번길 12
대전 유성 호텔 드레,5,금연 숙소 좋아영,2023.08.01,"80,000",대전광역시 유성구 계룡로123번길 12
대전 유성 호텔 드레,5,진짜 너무 좋았어요! 직원분도 친절하셨어료!!,2023.07.27,"80,000",대전광역시 유성구 계룡로123번길 12
대전 유성 호텔 드레,5,깨끗 깔끔. 굿,2023.07.26,"80,000",대전광역시 유성구 계룡로123번길 12
대전 유성 호텔 드레,5,깨끗하고 좋았음,2023.07.26,"80,000",대전광역시 유성구 계룡로123번길 12
대전 유성 호텔 드레,5,처음 가봤는데 외관 좋아요,2023.07.24,"80,000",대전광역시 유성구 계룡로123번길 12
대전 유성 호텔 드레,5,깨끗하고 잠도 잘 오고 좋았습니다,2023.07.23,"80,000",대전광역시 유성구 계룡로123번길 12
대전 유성 호텔 드레,5,너무 깔끔해요,2023.07.23,"80,000",대전광역시 유성구 계룡로123번길 12
대전 유성 호텔 드레,5,편하게 쉬다가요~~~,2023.07.20,"80,000",대전광역시 유성구 계룡로123번길 12
대전 유성 호텔 드레,4,생각했던것보다 훨씬 청결해요!,2023.07.15,"80,000",대전광역시 유성구 계룡로123번길 12
대전 유성 호텔 드레,4,편하게 잘쉬다 가요~,2023.07.15,"80,000",대전광역시 유성구 계룡로123번길 12
대전 유성 호텔 드레,5,좋은 경험,2023.07.13,"80,000",대전광역시 유성구 계룡로123번길 12
대전 유성 호텔 드레,5,숙소 너무 깨끗하고 편하고 좋았습니다 잘 쉬다가룡^_^,2023.07.13,"80,000",대전광역시 유성구 계룡로123번길 12
대전 유성 호텔 드레,5,편하게 이용했어요,2023.07.11,"80,000",대전광역시 유성구 계룡로123번길 12
대전 유성 호텔 드레,5,항상 좋아요,2023.07.10,"80,000",대전광역시 유성구 계룡로123번길 12
대전 유성 호텔 드레,5,너무 좋아요,2023.07.05,"80,000",대전광역시 유성구 계룡로123번길 12
대전 유성 호텔 드레,5,푹쉬다갑니다,2023.07.02,"80,000",대전광역시 유성구 계룡로123번길 12
대전 유성 호텔 드레,5,일주일동안 편히 쉬다가여,2023.06.30,"80,000",대전광역시 유성구 계룡로123번길 12
대전 유성 호텔 드레,5,깨끗하고좋았브니다,2023.06.29,"80,000",대전광역시 유성구 계룡로123번길 12
대전 유성 호텔 드레,5,편하고좋아요,2023.06.29,"80,000",대전광역시 유성구 계룡로123번길 12
대전 유성 호텔 드레,5,깨끗하네요.,2023.06.28,"80,000",대전광역시 유성구 계룡로123번길 12
대전 유성 호텔 드레,5,푹 쉬다 갑니다,2023.06.27,"80,000",대전광역시 유성구 계룡로123번길 12
대전 유성 호텔 드레,5,청결해서 출장시 편하게 이용 합니다~^^,2023.06.26,"80,000",대전광역시 유성구 계룡로123번길 12
대전 유성 호텔 드레,5,ㅇㅇㅇㅇㅇ,2023.06.26,"80,000",대전광역시 유성구 계룡로123번길 12
대전 유성 호텔 드레,5,ㅇㅇㅇㅇㅇ,2023.06.26,"80,000",대전광역시 유성구 계룡로123번길 12
대전 유성 호텔 드레,5,깨끗하고 좋았어요,2023.06.25,"80,000",대전광역시 유성구 계룡로123번길 12
대전 유성 호텔 드레,5,"객실,화장실 모두 깨끗하고 여름이고 비도 내려서 꿉꿉할까 걱정했는데 쾌적하고 좋았어요!",2023.06.22,"80,000",대전광역시 유성구 계룡로123번길 12
대전 유성 호텔 드레,5,대전 방문시 또 방문할게요~~,2023.06.22,"80,000",대전광역시 유성구 계룡로123번길 12
대전 유성 호텔 드레,5,좋았습니당 ㅎㅎ,2023.06.19,"80,000",대전광역시 유성구 계룡로123번길 12
대전 유성 호텔 드레,5,깨끗하고 좋아요,2023.06.18,"80,000",대전광역시 유성구 계룡로123번길 12
대전 유성 호텔 드레,5,너무 친절하고 깨끗해요. 비품도 퀄리티가 좋아요,2023.06.17,"80,000",대전광역시 유성구 계룡로123번길 12
대전 유성 호텔 드레,4,피부가 예민해서 샴푸 잘못쓰는데 잘맞는느낌?? 샴푸 브린드 뭐에용??,2023.06.13,"80,000",대전광역시 유성구 계룡로123번길 12
대전 유성 호텔 드레,4,조아용ㅇㅇㅇㅇ,2023.06.12,"80,000",대전광역시 유성구 계룡로123번길 12
대전 유성 호텔 드레,5,급하게 구했는데 주인분이 엄청 친절하셔서 편하게 묵고 갑니다,2023.06.11,"80,000",대전광역시 유성구 계룡로123번길 12
대전 유성 호텔 드레,5,늘 만족하고 이용하고있어요!,2023.06.09,"80,000",대전광역시 유성구 계룡로123번길 12
대전 유성 호텔 드레,5,잘 쉬다 갑니다,2023.05.31,"80,000",대전광역시 유성구 계룡로123번길 12
대전 유성 호텔 드레,5,깔끔하고 좋아요!,2023.05.30,"80,000",대전광역시 유성구 계룡로123번길 12
대전 유성 호텔 드레,5,사장님 친절하시고 숙소가 깨끗해서 마음편히 쉬다 왔습니다!!,2023.05.30,"80,000",대전광역시 유성구 계룡로123번길 12
대전 유성 호텔 드레,5,소음이 조금 있지만 깔끔합니다.,2023.05.30,"80,000",대전광역시 유성구 계룡로123번길 12
대전 유성 호텔 드레,4,드레는 항상 만족하면서 쉬다가는거같아요:),2023.05.30,"80,000",대전광역시 유성구 계룡로123번길 12
대전 유성 호텔 드레,5,"항상 잘 애용합니다!
특히 샴푸랑 컨디셔너가 향이 갠적으로 좋아서 더 애용해요",2023.05.30,"80,000",대전광역시 유성구 계룡로123번길 12
대전 유성 호텔 드레,5,깔끔하고 좋았습니다,2023.05.24,"80,000",대전광역시 유성구 계룡로123번길 12
대전 유성 호텔 드레,5,구우우우웃,2023.05.23,"80,000",대전광역시 유성구 계룡로123번길 12
대전 유성 호텔 드레,5,깔끔했고 편하게 쉴 수 있었습니다!,2023.05.22,"80,000",대전광역시 유성구 계룡로123번길 12
대전 유성 호텔 드레,5,잘쉬다갑니다~친절하셔요~!,2023.05.17,"80,000",대전광역시 유성구 계룡로123번길 12
대전 유성 호텔 드레,5,"사장님이 넘 친절하시구
쾌적합니다~~",2023.05.16,"80,000",대전광역시 유성구 계룡로123번길 12
대전 유성 호텔 드레,5,잘쉬다갑니다,2023.05.12,"80,000",대전광역시 유성구 계룡로123번길 12
대전 유성 호텔 드레,5,새로 오픈한곳이라 그런지 깨끗하고 친절하시고 좋았습니다,2023.05.12,"80,000",대전광역시 유성구 계룡로123번길 12
대전 유성 호텔 드레,5,침구 깨끗하고 좋아요,2023.05.09,"80,000",대전광역시 유성구 계룡로123번길 12
대전 유성 호텔 드레,4,"객실은 깔끔한데...칫솔, 치약 등이 없어요",2023.05.09,"80,000",대전광역시 유성구 계룡로123번길 12
대전 유성 호텔 드레,5,"진짜 너무 깨끗하고 편하고 조용하고 좋아요
잠 너무 푹잤는데 매트릭스 정보좀요..",2023.05.06,"80,000",대전광역시 유성구 계룡로123번길 12
대전 유성 호텔 드레,5,잘자고 갑니다,2023.05.03,"80,000",대전광역시 유성구 계룡로123번길 12
대전 유성 호텔 드레,5,"깨끗하고 좋았어요
다음에도 이용할 생각이 있어요",2023.05.02,"80,000",대전광역시 유성구 계룡로123번길 12
대전 유성 호텔 드레,5,조용해요.,2023.04.28,"80,000",대전광역시 유성구 계룡로123번길 12
대전 유성 호텔 드레,5,정밀좋습니다,2023.04.28,"80,000",대전광역시 유성구 계룡로123번길 12
대전 유성 호텔 드레,3,편히 쉬다 갑니다.,2023.04.27,"80,000",대전광역시 유성구 계룡로123번길 12
대전 유성 호텔 드레,5,깔끔하고 조용했어요.,2023.04.22,"80,000",대전광역시 유성구 계룡로123번길 12
대전 유성 호텔 드레,5,깨끗하고 좋았습니다,2023.04.21,"80,000",대전광역시 유성구 계룡로123번길 12
대전 유성 호텔 드레,5,깨끗하고 좋습니다~,2023.04.21,"80,000",대전광역시 유성구 계룡로123번길 12
대전 유성 호텔 드레,5,잘쉬다갑니다~~,2023.04.20,"80,000",대전광역시 유성구 계룡로123번길 12
대전 유성 호텔 드레,5,매번 좋습니다,2023.04.17,"80,000",대전광역시 유성구 계룡로123번길 12
대전 유성 호텔 드레,5,출장때마다 이용하는데 시설도 좋고 아침식사도 있고 좋습니다,2023.04.13,"80,000",대전광역시 유성구 계룡로123번길 12
대전 유성 호텔 드레,5,방 깨끗하고 너무 좋습니다 따뜻한물도 금방금방나오고 수압도 좋습니다,2023.04.10,"80,000",대전광역시 유성구 계룡로123번길 12
대전 유성 호텔 드레,5,예약 변경때문에 전화드렸었는데 친철히 응대해주셨고 방도 깨끗하고 너무 좋았습니다,2023.04.10,"80,000",대전광역시 유성구 계룡로123번길 12
대전 유성 호텔 드레,3,가격이 너무 올랐음 ㅜㅠ,2023.04.09,"80,000",대전광역시 유성구 계룡로123번길 12
대전 유성 호텔 드레,5,좋았습니다,2023.04.09,"80,000",대전광역시 유성구 계룡로123번길 12
대전 유성 호텔 드레,3,방에 곰팡이 ㅠㅠㅠ물샜었나봐요,2023.04.09,"80,000",대전광역시 유성구 계룡로123번길 12
대전 유성 호텔 드레,5,좋아요 ㅋㅋㅋ,2023.04.08,"80,000",대전광역시 유성구 계룡로123번길 12
대전 유성 호텔 드레,5,웨이브 로그인해서 볼 수 있어서 좋아요,2023.04.07,"80,000",대전광역시 유성구 계룡로123번길 12
대전 유성 호텔 드레,5,좋았습니다.,2023.04.02,"80,000",대전광역시 유성구 계룡로123번길 12
대전 유성 호텔 드레,5,꿀침대라 너무 꿀잠잤어요,2023.04.01,"80,000",대전광역시 유성구 계룡로123번길 12
대전 유성 호텔 드레,5,잘 쉬고 갑니다,2023.03.29,"80,000",대전광역시 유성구 계룡로123번길 12
대전 유성 호텔 드레,5,출장가서 머문 곳 중 상위에요,2023.03.27,"80,000",대전광역시 유성구 계룡로123번길 12
대전 유성 호텔 드레,5,"깔끔하고 담배냄새도 없어서 좋아요
안마의자 진짜 최고
저렴하게 잘 쉬었습니다",2023.03.26,"80,000",대전광역시 유성구 계룡로123번길 12
대전 유성 호텔 드레,5,늦은 시간에도 친절하게 안내해 주셔서 좋았어요~,2023.03.26,"80,000",대전광역시 유성구 계룡로123번길 12
대전 유성 호텔 드레,4,깨끗하고 좋았어요~,2023.03.18,"80,000",대전광역시 유성구 계룡로123번길 12
