hotel,star,review,date,price,address
대전 유성 브라운도트 유성온천점,5,"늦은 시각 입실이었으나 직원분께서 친절하게 응대해주셨습니다. 또한 룸도 업그레이드 해주셔서 스타일러도 사용할 수 있어 출장차 방문한 제가 편하게 쉴 수 있는 하루가 되었습니다. 오픈한지 얼마되지 않아 방이 매우 깔끔하였고, 주차 또한 지상, 지하 모두 넓어 늦은 시간임에도 주차를 하는데 어려움을 겪지 않았습니다. 다음번 출장시 다시 방문하도록 하겠습니다.",2024.11.03,"35,000",대전광역시 유성구 온천동로65번길 42
대전 유성 브라운도트 유성온천점,5,"늦은 시각 입실임에도 프론트 직원분이 친절하게 응대해주셨습시다. 방 또한 업그레이드 해주셔서 출장차 방문한 제가 스타일러도 사용할 수 있어서 매우 좋았습니다. 주차장도 지상, 지하 모두 넓어 주차하기 매우 편했고, 최근 신규 오픈을 해서인지 모든게 깔끔해서 매우 좋았습니다. 다음번 출장시 다시 방문토록 하겠습니다.",2024.11.03,"35,000",대전광역시 유성구 온천동로65번길 42
대전 유성 브라운도트 유성온천점,5,"대전 출장마다 타 숙소만 이용하다 신규오픈한지 얼마 안되어 이용해 보았습니다. 브라운도트는 역시 체인으로 운영해서 어딜 가도 평타 이상은 하네요.
룸 업그레이드도 해주시고 봉명동 먹자거리와 인접해 있어서 잘 쉬다 왔네요. 좋습니다.",2024.09.28,"35,000",대전광역시 유성구 온천동로65번길 42
대전 유성 브라운도트 유성온천점,5,"대전 출장마다 타 숙소만 이용하다 신규오픈한지 얼마 안되어 이용해 보았습니다. 브라운도트는 역시 체인으로 운영해서 어딜 가도 평타 이상은 하네요.
룸 업그레이드도 해주시고 봉명동 먹자거리와 인접해 있어서 잘 쉬다 왔네요. 좋습니다.",2024.09.28,"35,000",대전광역시 유성구 온천동로65번길 42
대전 유성 브라운도트 유성온천점,5,"대전 출장마다 타 숙소만 이용하다 신규오픈한지 얼마 안되어 이용해 보았습니다. 브라운도트는 역시 체인으로 운영해서 어딜 가도 평타 이상은 하네요.
룸 업그레이드도 해주시고 봉명동 먹자거리와 인접해 있어서 잘 쉬다 왔네요. 좋습니다.",2024.09.28,"35,000",대전광역시 유성구 온천동로65번길 42
대전 유성 브라운도트 유성온천점,5,"대전 출장마다 타 숙소만 이용하다 신규오픈한지 얼마 안되어 이용해 보았습니다. 브라운도트는 역시 체인으로 운영해서 어딜 가도 평타 이상은 하네요.
룸 업그레이드도 해주시고 봉명동 먹자거리와 인접해 있어서 잘 쉬다 왔네요. 좋습니다.",2024.09.28,"35,000",대전광역시 유성구 온천동로65번길 42
대전 유성 브라운도트 유성온천점,5,룸 깔끔 청결 하고 무엇보다 욕실이 너무 너무 깨끗해요 새벽 늦게까지 놀다 늦잠을자 퇴실시간 보다 조금 늦어져 허둥지둥 하고 있는데 퇴실 알림도 기분 상하지않게 전화주셔서 인상 깊은 숙소었어요^^,2024.09.20,"35,000",대전광역시 유성구 온천동로65번길 42
대전 유성 브라운도트 유성온천점,5,"숙소가 일단 깔끔해서 좋았어요.
이불이랑 수건도 새거라서 냄새도 안났어요.
에어컨도 빵빵해서 나중엔 잠시 껐을정도.
넷플릭스로 영화보느라 넘 늦게잔게 흠.^^",2024.08.28,"35,000",대전광역시 유성구 온천동로65번길 42
대전 유성 브라운도트 유성온천점,5,오픈한지 얼마 안되서 예약하고 갔는데 다음에는 숙박을 하고 싶을 정도로 너무 깨끗하고 좋았습니다. 룸도 업그레이드 해주셔서 너무 감사했습니다. 대전에서 대실할때는 여기를 우선적으로 이용하려고합니다!,2024.10.28,"35,000",대전광역시 유성구 온천동로65번길 42
대전 유성 브라운도트 유성온천점,5,"신축이라 그런지 엄청 깔끔하고 잘 되어있어요! 카운터 계신 여사장님도 친절하시고 주차장도 지하, 지상 둘 다 있어서 좋네요. 리모델링도 깔끔하고 담배냄새가 안 나서 좋았어요!",2024.08.11,"35,000",대전광역시 유성구 온천동로65번길 42
대전 유성 브라운도트 유성온천점,5,"출장다니면서 근래 이용했던 모텔중 가장 깨끗했네요 
두번째 이용인데 고층은 수압이 조금 약하네요",2024.10.13,"35,000",대전광역시 유성구 온천동로65번길 42
대전 유성 브라운도트 유성온천점,5,"숙소가 깔끔하고 좋았고, 조용한 환경을 원해서 모텔보다는 비싼 숙소를 선택했는데 조용해서 좋았습니다. 직원분들도 매우 친절했습니다. 다음에도 방문의사 있습니다.",2024.10.31,"35,000",대전광역시 유성구 온천동로65번길 42
대전 유성 브라운도트 유성온천점,5,타지역에서도 브라운도트를 애용하는 편인데 유성점은 오픈한지 얼마 되지 않아 더욱 깔끔해서 좋았어요 ^*^,2024.08.15,"35,000",대전광역시 유성구 온천동로65번길 42
대전 유성 브라운도트 유성온천점,5,"엄청 깨끗했고
직원분들 모두 친절하셨어요
요청사항도 들어주셔서 감사했습니다
다음에 또 할아버지 뵈러 현충원 올 일 있으면 또 들리겠습니다",2024.08.03,"35,000",대전광역시 유성구 온천동로65번길 42
대전 유성 브라운도트 유성온천점,5,"신축이라 깔끔하고 침구류가 포근해요
어메니티도 싸구려가 아닌듯 싶어요 향이 좋아요
주차장도 넓고 직원분도 친절하세요!",2024.10.23,"35,000",대전광역시 유성구 온천동로65번길 42
대전 유성 브라운도트 유성온천점,5,"깨끗하고 좋았으나, 침대 머리맡에 말라버린 일회용 콘텍트렌즈가 있었어요 저희 중엔 렌즈끼는 사람이 없는데 말이죠",2024.08.11,"35,000",대전광역시 유성구 온천동로65번길 42
대전 유성 브라운도트 유성온천점,5,무엇보다 깨끗하고 깔끔해서 좋았어요. 거기에 사장님두 친절하시고요. 대전 갈때마다 여기만잡을것 같아요ㅎㅎ,2024.10.21,"35,000",대전광역시 유성구 온천동로65번길 42
대전 유성 브라운도트 유성온천점,5,"전반적으로 깨끗하고 괜찮았어요
다음에 근처에 오게되서 방 잡게되면 1순위로 보게될것같네요 잘 쉬다갑니다~",2024.08.12,"35,000",대전광역시 유성구 온천동로65번길 42
대전 유성 브라운도트 유성온천점,5,브라운도트 체인들은 다 깨끗한거같아요 대구 포항 다 이용해봤는데 합리적인 금액에 이용하기 좋았습니다,2024.09.22,"35,000",대전광역시 유성구 온천동로65번길 42
대전 유성 브라운도트 유성온천점,5,"숙소 청결하고 좋아요!!!!!
리모델링도 예쁘게 잘 해놓으셨어요!!!!!
앞으로 여기만 갈게요!",2024.08.02,"35,000",대전광역시 유성구 온천동로65번길 42
대전 유성 브라운도트 유성온천점,5,"카운터 직원분 너무 친절하셨습니다.
객실 상태 정말 깔끔했어요. 특히 화장실 너무 깨끗했습니다.
티비도 정말 크고 적당히 거리가 있어서 만족스러웠습니다.
다음에도 봉명동 온다면 여기로 이용할려고 합니다.
앞으로도 이런 관리 상태 잘 유지해주세요!",2024.10.13,"35,000",대전광역시 유성구 온천동로65번길 42
대전 유성 브라운도트 유성온천점,5,에어컨 빵빵히 잘 나오고 친절해요. 근데 방에 딱들어가니 바닥이 젖은거처럼 축축했는데 에어컨틀고 건조시켰어요,2024.08.26,"35,000",대전광역시 유성구 온천동로65번길 42
대전 유성 브라운도트 유성온천점,1,"수압 너무약하고
침대에 머리카락도 3개나 나오고 
에어컨 최대로 틀어도 너무 약하게 나와서 더워서 밤에 잠을 제대로 못잤어요 
새로 오픈했다고 해서 많이 기대했는데 실망적이에요..",2024.08.19,"35,000",대전광역시 유성구 온천동로65번길 42
대전 유성 브라운도트 유성온천점,1,"누구랑 왔든 얼마전에도 오시지 않았냐는 말은 안하는게 이업계 불문율일텐데 그런말을 굳이 하시는지,,,",2024.08.04,"35,000",대전광역시 유성구 온천동로65번길 42
대전 유성 브라운도트 유성온천점,5,유성은 은근히 낡은 곳들이 많아서 여기는 최고로 만족하는 곳입니다.,2024. 11. 15,"35,000",대전광역시 유성구 온천동로65번길 42
대전 유성 브라운도트 유성온천점,5,예약이 빨리 차서 미리미리 예약해야되는점 말곤 다 만족스럽습니다,2024. 11. 15,"35,000",대전광역시 유성구 온천동로65번길 42
대전 유성 브라운도트 유성온천점,5,기본적으로 룸상태 좋아요,2024. 11. 14,"35,000",대전광역시 유성구 온천동로65번길 42
대전 유성 브라운도트 유성온천점,5,"주차장도 넓고, 객실 컨디션도 좋았습니다~!!",2024. 11. 13,"35,000",대전광역시 유성구 온천동로65번길 42
대전 유성 브라운도트 유성온천점,5,깔끔하고 깨끗해요 친절하세요,2024. 11. 13,"35,000",대전광역시 유성구 온천동로65번길 42
대전 유성 브라운도트 유성온천점,5,깨끗하고 편안한 숙소,2024. 11. 13,"35,000",대전광역시 유성구 온천동로65번길 42
대전 유성 브라운도트 유성온천점,5,아주 깔끔하고 조아용 곰팡이 냄새도 안나구 스타일러 너무 조아여,2024. 11. 13,"35,000",대전광역시 유성구 온천동로65번길 42
대전 유성 브라운도트 유성온천점,5,혼자 자야해서 걱정했는데 방안 분위기가 따스해서 잘잤어요!,2024. 11. 13,"35,000",대전광역시 유성구 온천동로65번길 42
대전 유성 브라운도트 유성온천점,4,최근에 리모델링해서 그런지 내부는 깔끔해요,2024. 11. 13,"35,000",대전광역시 유성구 온천동로65번길 42
대전 유성 브라운도트 유성온천점,5,깨끗하고 친절해서 좋아요,2024. 11. 13,"35,000",대전광역시 유성구 온천동로65번길 42
대전 유성 브라운도트 유성온천점,5,깨끗하고 편안한 숙소,2024.11.08,"35,000",대전광역시 유성구 온천동로65번길 42
대전 유성 브라운도트 유성온천점,5,깨끗하고 친절하십니다.,2024.11.06,"35,000",대전광역시 유성구 온천동로65번길 42
대전 유성 브라운도트 유성온천점,5,시설도 청결하고 직원분도 친절하세요!,2024.11.06,"35,000",대전광역시 유성구 온천동로65번길 42
대전 유성 브라운도트 유성온천점,5,출장 이용 괜찮네요.,2024.11.05,"35,000",대전광역시 유성구 온천동로65번길 42
대전 유성 브라운도트 유성온천점,5,출장 이용 괜찮네요.,2024.11.05,"35,000",대전광역시 유성구 온천동로65번길 42
대전 유성 브라운도트 유성온천점,5,리모델링 해서 그런지 깔끔했어요,2024.11.04,"35,000",대전광역시 유성구 온천동로65번길 42
대전 유성 브라운도트 유성온천점,5,깨끗하고 조용한 숙소네요~다음 출장에도 이용해야겟네요~,2024.11.02,"35,000",대전광역시 유성구 온천동로65번길 42
대전 유성 브라운도트 유성온천점,5,너무 깨끗히고 좋아요,2024.11.02,"35,000",대전광역시 유성구 온천동로65번길 42
대전 유성 브라운도트 유성온천점,4,객실 업그레이드해주셔서 좋았습니다.ott도 다 되고 깨끗합니다,2024.10.28,"35,000",대전광역시 유성구 온천동로65번길 42
대전 유성 브라운도트 유성온천점,5,엄청 침대 푹신푹신하고 깨끗하고 좋아요,2024.10.28,"35,000",대전광역시 유성구 온천동로65번길 42
대전 유성 브라운도트 유성온천점,5,깔끔하고 좋은데 층간 담배냄새가 올라와서 아쉬웠습니다 ㅠ,2024.10.26,"35,000",대전광역시 유성구 온천동로65번길 42
대전 유성 브라운도트 유성온천점,5,만족스럽니요 깔끔하고 좋았어요~^^,2024.10.25,"35,000",대전광역시 유성구 온천동로65번길 42
대전 유성 브라운도트 유성온천점,5,새로 지어 깔끔하고 설비가 좋습니다.,2024.10.24,"35,000",대전광역시 유성구 온천동로65번길 42
대전 유성 브라운도트 유성온천점,5,다음에 또 방문하겠습니다,2024.10.23,"35,000",대전광역시 유성구 온천동로65번길 42
대전 유성 브라운도트 유성온천점,5,새로 지어져서 그런지 깨끗하고 좋았습니다~,2024.10.23,"35,000",대전광역시 유성구 온천동로65번길 42
대전 유성 브라운도트 유성온천점,5,다음에 다시 방문하겠습니다,2024.10.22,"35,000",대전광역시 유성구 온천동로65번길 42
대전 유성 브라운도트 유성온천점,5,여기는 너무너무 깨끗해서 기분이좋아져요 항상,2024.10.21,"35,000",대전광역시 유성구 온천동로65번길 42
대전 유성 브라운도트 유성온천점,5,숙소 이용 매번 하는데 좋습니다,2024.10.20,"35,000",대전광역시 유성구 온천동로65번길 42
대전 유성 브라운도트 유성온천점,5,주차하기 편하고 좋습니다!!,2024.10.18,"35,000",대전광역시 유성구 온천동로65번길 42
대전 유성 브라운도트 유성온천점,5,깨끗하고 친절해서 좋아요,2024.10.16,"35,000",대전광역시 유성구 온천동로65번길 42
대전 유성 브라운도트 유성온천점,5,깨끗하고 친절해서 좋아요,2024.10.16,"35,000",대전광역시 유성구 온천동로65번길 42
대전 유성 브라운도트 유성온천점,5,완전 깨끗하고 좋아요. OTT도 본인 계정 필요없이 사용할 수 있네요,2024.10.14,"35,000",대전광역시 유성구 온천동로65번길 42
대전 유성 브라운도트 유성온천점,5,새로 오픈해서 깨끗하고 좋아요,2024.10.13,"35,000",대전광역시 유성구 온천동로65번길 42
대전 유성 브라운도트 유성온천점,5,좋습니다 출장와서 이용하는데 매우만족스럼,2024.10.13,"35,000",대전광역시 유성구 온천동로65번길 42
대전 유성 브라운도트 유성온천점,5,"오픈한지 얼마 안돼서 그런가 깔끔하고 청결했습니다
다음 출장때도 올거같네요",2024.10.12,"35,000",대전광역시 유성구 온천동로65번길 42
대전 유성 브라운도트 유성온천점,4,하루 쉬었다가 갑니다.,2024.10.11,"35,000",대전광역시 유성구 온천동로65번길 42
대전 유성 브라운도트 유성온천점,5,잘다녀왔습니다 신축이라 좋,2024.10.07,"35,000",대전광역시 유성구 온천동로65번길 42
대전 유성 브라운도트 유성온천점,5,너무 조아요 담에 또방문할게요!,2024.10.03,"35,000",대전광역시 유성구 온천동로65번길 42
대전 유성 브라운도트 유성온천점,5,아주 좋아요 추천드립니다,2024.10.03,"35,000",대전광역시 유성구 온천동로65번길 42
대전 유성 브라운도트 유성온천점,5,친절하시고 시설도 좋아요,2024.10.03,"35,000",대전광역시 유성구 온천동로65번길 42
대전 유성 브라운도트 유성온천점,5,깨끗하고 친절해서 좋아요,2024.10.02,"35,000",대전광역시 유성구 온천동로65번길 42
대전 유성 브라운도트 유성온천점,5,위치가 좋고 깔끔해요,2024.10.01,"35,000",대전광역시 유성구 온천동로65번길 42
대전 유성 브라운도트 유성온천점,5,깨끗하고 친절합니다.,2024.09.29,"35,000",대전광역시 유성구 온천동로65번길 42
대전 유성 브라운도트 유성온천점,5,주차장도 넓고 시설도 깔끔해서 항상 이용하고 있어요!,2024.09.29,"35,000",대전광역시 유성구 온천동로65번길 42
대전 유성 브라운도트 유성온천점,5,비지니 출장에 매우 적합한 모텔입니다,2024.09.24,"35,000",대전광역시 유성구 온천동로65번길 42
대전 유성 브라운도트 유성온천점,5,시설도 깔끔하고 너무 좋았습니다,2024.09.23,"35,000",대전광역시 유성구 온천동로65번길 42
대전 유성 브라운도트 유성온천점,5,시설 깨끗하고 좋습니다,2024.09.22,"35,000",대전광역시 유성구 온천동로65번길 42
대전 유성 브라운도트 유성온천점,5,"내부가 깔끔해서 좋아요!!
주차도 편리합니다!",2024.09.22,"35,000",대전광역시 유성구 온천동로65번길 42
대전 유성 브라운도트 유성온천점,5,깨끗하고 너무 좋아요,2024.09.19,"35,000",대전광역시 유성구 온천동로65번길 42
대전 유성 브라운도트 유성온천점,5,깨끗은 한데.. 돈벌레라든지.. 그런게 좀 많이보이네요.. 그외엔 최고의 모텔입니다.,2024.09.19,"35,000",대전광역시 유성구 온천동로65번길 42
대전 유성 브라운도트 유성온천점,5,깨끗하고 조용히 쉬다 왔습니다.,2024.09.19,"35,000",대전광역시 유성구 온천동로65번길 42
대전 유성 브라운도트 유성온천점,5,올때마다 이용하는데 만족합니다,2024.09.17,"35,000",대전광역시 유성구 온천동로65번길 42
대전 유성 브라운도트 유성온천점,4,객실 청결하나 락스냄새인지 새집냄새인지 냄새가 좀 나네요,2024.09.17,"35,000",대전광역시 유성구 온천동로65번길 42
대전 유성 브라운도트 유성온천점,5,편하게 잘 쉬었습니다,2024.09.15,"35,000",대전광역시 유성구 온천동로65번길 42
대전 유성 브라운도트 유성온천점,5,"룸 컨디션도 좋고, 주변에 먹을거리 많고 좋았습니다~",2024.09.13,"35,000",대전광역시 유성구 온천동로65번길 42
대전 유성 브라운도트 유성온천점,5,비지니스 출장에 아주 적합합니다.,2024.09.11,"35,000",대전광역시 유성구 온천동로65번길 42
대전 유성 브라운도트 유성온천점,5,사장님과 직원분들 모두 너무 친절하셔서 아이와 편하게 쉬고 왔습니다. 감사합니다,2024.09.09,"35,000",대전광역시 유성구 온천동로65번길 42
대전 유성 브라운도트 유성온천점,5,즐거운 숙박이었습니다,2024.09.09,"35,000",대전광역시 유성구 온천동로65번길 42
대전 유성 브라운도트 유성온천점,5,최근에 오픈한 곳이여서 깔끔해서 좋았어요.,2024.09.08,"35,000",대전광역시 유성구 온천동로65번길 42
대전 유성 브라운도트 유성온천점,5,신축이라 숙소도 깔끔하고 매우 친절하셔서 편안하게 잘쉬다갑니다.,2024.09.08,"35,000",대전광역시 유성구 온천동로65번길 42
대전 유성 브라운도트 유성온천점,5,깨끗하고 편하게 지내다왔네요,2024.09.08,"35,000",대전광역시 유성구 온천동로65번길 42
대전 유성 브라운도트 유성온천점,5,"신축이라 다 좋았어요
큰 tv 화면과 넓은욕실
편하게 잘쉬고 왔어요",2024.09.08,"35,000",대전광역시 유성구 온천동로65번길 42
대전 유성 브라운도트 유성온천점,5,신축이라 그런지 너무 깔끔해서 좋네요~,2024.09.03,"35,000",대전광역시 유성구 온천동로65번길 42
대전 유성 브라운도트 유성온천점,5,주차장도 넓고 깔끔해요!,2024.09.01,"35,000",대전광역시 유성구 온천동로65번길 42
대전 유성 브라운도트 유성온천점,5,깔끔하고 좋았어요!!!,2024.08.29,"35,000",대전광역시 유성구 온천동로65번길 42
대전 유성 브라운도트 유성온천점,5,"좋아서 또 예약했네요.
대전 출장 시 숙박은 정해져 있네요. ^^",2024.08.29,"35,000",대전광역시 유성구 온천동로65번길 42
대전 유성 브라운도트 유성온천점,5,깨끗하고 좋아요 !,2024.08.29,"35,000",대전광역시 유성구 온천동로65번길 42
대전 유성 브라운도트 유성온천점,5,숙소도 깨끗하고 직원 분들도 모두 친절하셨어요! 다음 대전 여행 때도 또 오려구요! :),2024.08.27,"35,000",대전광역시 유성구 온천동로65번길 42
대전 유성 브라운도트 유성온천점,5,화장실도 깨끗하고 객실도 깔끔해서 넘 좋아요~!,2024.08.26,"35,000",대전광역시 유성구 온천동로65번길 42
대전 유성 브라운도트 유성온천점,5,너무 깔끔하고 쾌적해서 좋았어요!,2024.08.26,"35,000",대전광역시 유성구 온천동로65번길 42
대전 유성 브라운도트 유성온천점,5,깨끗하고 친절해서 잘 쉬었어요,2024.08.24,"35,000",대전광역시 유성구 온천동로65번길 42
대전 유성 브라운도트 유성온천점,5,처음 가봤는데 올때마다 이용할거 같아요,2024.08.24,"35,000",대전광역시 유성구 온천동로65번길 42
대전 유성 브라운도트 유성온천점,5,"새로 리모델링한 신축이라 깨끗,깔끔합니다",2024.08.21,"35,000",대전광역시 유성구 온천동로65번길 42
대전 유성 브라운도트 유성온천점,2,담배 냄새가 많이 나네요,2024.08.20,"35,000",대전광역시 유성구 온천동로65번길 42
대전 유성 브라운도트 유성온천점,5,조용하고 주차 시설이 좋아요,2024.08.15,"35,000",대전광역시 유성구 온천동로65번길 42
대전 유성 브라운도트 유성온천점,5,주변에 먹을데도 많고 편리성도 좋고 잘 묵다 갑니다~!,2024.08.12,"35,000",대전광역시 유성구 온천동로65번길 42
대전 유성 브라운도트 유성온천점,5,"여사장님께서 엄청친절하셔요!
객실 컨디션 좋아요!!",2024.08.10,"35,000",대전광역시 유성구 온천동로65번길 42
대전 유성 브라운도트 유성온천점,5,출장와서 잘 쉬다갑니다,2024.08.09,"35,000",대전광역시 유성구 온천동로65번길 42
대전 유성 브라운도트 유성온천점,5,새로생긴 숙소라 매우 깨끗함 직원분도 친절하셨음 굿굿,2024.08.08,"35,000",대전광역시 유성구 온천동로65번길 42
대전 유성 브라운도트 유성온천점,5,좋음..........,2024.08.08,"35,000",대전광역시 유성구 온천동로65번길 42
대전 유성 브라운도트 유성온천점,5,새로 생겨서 깔끔했습니다,2024.08.06,"35,000",대전광역시 유성구 온천동로65번길 42
대전 유성 브라운도트 유성온천점,5,신규 오픈되어 깔끔하고 좋습니디,2024.08.06,"35,000",대전광역시 유성구 온천동로65번길 42
대전 유성 브라운도트 유성온천점,5,사장님 너무 친절히셔요!,2024.08.06,"35,000",대전광역시 유성구 온천동로65번길 42
대전 유성 브라운도트 유성온천점,4,신설이라 깔끔하고 좋네요,2024.08.04,"35,000",대전광역시 유성구 온천동로65번길 42
대전 유성 브라운도트 유성온천점,5,잘자고 잘먹고가요! 사장님 너무 친절하시네용,2024.08.04,"35,000",대전광역시 유성구 온천동로65번길 42
대전 유성 브라운도트 유성온천점,5,시설도 좋고 아주 좋습니다,2024.08.04,"35,000",대전광역시 유성구 온천동로65번길 42
대전 유성 브라운도트 유성온천점,5,새거라 그런지 깔끔하고 좋네요. 바로옆에 태평소국밥까지.. 완벽했어요,2024.08.03,"35,000",대전광역시 유성구 온천동로65번길 42
대전 유성 브라운도트 유성온천점,5,깔끔하고 친절하고 좋았어요!,2024.08.03,"35,000",대전광역시 유성구 온천동로65번길 42
대전 유성 브라운도트 유성온천점,5,사장님 친절하시고 너무 좋았어요!!!!!,2024.08.02,"35,000",대전광역시 유성구 온천동로65번길 42
대전 유성 브라운도트 유성온천점,5,깨끗하고 좋았습니다,2024.08.01,"35,000",대전광역시 유성구 온천동로65번길 42
대전 유성 브라운도트 유성온천점,5,유성지역 최고의 숙소입니다.,2024.08.01,"35,000",대전광역시 유성구 온천동로65번길 42
대전 유성 브라운도트 유성온천점,5,너무 깔끔했습니다 감사합니다,2024.07.30,"35,000",대전광역시 유성구 온천동로65번길 42
대전 유성 브라운도트 유성온천점,5,말 해봐야 입 아픔 시설 청결 다 만족 난 여기만 감,2024.07.30,"35,000",대전광역시 유성구 온천동로65번길 42
