hotel,star,review,date,price,address
에스앤나봄호텔,5,"숙소는 침대와 티테이블 외에도 실내공간이 꽤 넓어 답답하지 않아서 좋았습니다 
특히 쿠폰 할인 받아서 이틀간 조식 복국과 황태국 먹었는데 식당이 너무 깔끔하고 친절하고 복전문집이라 그런지 복국 특히 맛있게 먹았습니다 가격도 싸고 이용객이 왜 적은지 의문이 들 정도
이틀 묵었는데 아주 만족합니다^^",2024. 11. 13,"70,000",대전광역시 유성구 테크노중앙로 69
에스앤나봄호텔,5,"매번 대전출장올때마다 이용하는곳인데 올때마다 여기만 예약하네요
가성비괜찮고 주변 부대시설이나 먹자골목형성이 잘되어 있어서 너무 괜찮아요 같은건물에 타이마사지샵도있고 바로길건너에 스벅도있어서 좋아요 그리고 침대도 편안하구 방도 관리잘해주시는것같아서 괜찮네요 관평동쪽이 산업단지 이다보니 숙소가 손에꼽지만 그중에 가성비 고르자면 여기가 아닐까 싶네요 5번정도왔는데 사건사고없이 동네도 나빠보이진않아요 다음출장때도 또이용할께요 데스크 친절하심!!",2024.07.10,"70,000",대전광역시 유성구 테크노중앙로 69
에스앤나봄호텔,5,"호텔 바로 앞 수변공원이 잘 조성되어있어 산책하기 최적의 위치입니다.
그리고 객실 내부는 넓어서 아주 쾌적합니다.
다만 아쉬운점은 3박을 숙박했는데 2박 기준으로 클리닝해주시는것은 다소 아쉬윘지만 위생과 청결상 적어도 쓰레기통은 매일 비워주는게 적절하지않을까 생각이 듭니다.",2024.05.25,"70,000",대전광역시 유성구 테크노중앙로 69
에스앤나봄호텔,4,아주 청결했어요 주변에 식당들도 많고 아울렛도 가깝습니다 다만 늦게 체크인하시면 주차공간이 협소할 수 있어요 그리고 세면대 물이 잘 안 내려가서 아쉬웠습니다,2024.05.22,"70,000",대전광역시 유성구 테크노중앙로 69
에스앤나봄호텔,4,유명한 맛 집과 편의시설 가까이에 위치하고 있어서 매우 만족합니다. 객실 관리도 아주 좋았습니다.,2024.02.03,"70,000",대전광역시 유성구 테크노중앙로 69
에스앤나봄호텔,4,그냥 하루 잠자기 나쁘지 않아요 조식은 조식이 아니고 그냥 아침식사가 가능한 식당이라고 표현하는게 맞는거 같아요 복국 맛있었어요,2024.10.07,"70,000",대전광역시 유성구 테크노중앙로 69
에스앤나봄호텔,5,깨끗하고 방음이 좋아서 소음 못느끼고 잘 잤어요. 주차장이 자리는 꽤 있는데 선이 빡빡하다고ㅜ 해야하나 운전초보는 조금 힘들었음..ㅎ 다음에도 이용할 예정입니다. 추천이에요,2024.07.29,"70,000",대전광역시 유성구 테크노중앙로 69
에스앤나봄호텔,5,"깔끔하고 친절해서 좋았어요!
다만 샤워실과 화장실이 모두 훤히 다 보이는 구조에 문이나 가림막이 없어서 조금 불편했습니다. 애인과 오는 것이 아니라면 민망할 것 같네요..",2024.06.12,"70,000",대전광역시 유성구 테크노중앙로 69
에스앤나봄호텔,5,"전체적으로 만족 스러워요. 단 샤워기 위치가 남자가 쓰기에 낮고, 토너랑 로션 없는게 아쉬워요.",2024.05.11,"70,000",대전광역시 유성구 테크노중앙로 69
에스앤나봄호텔,3,다른 곳에 비해 거저 평범한 시설이었고 굿이 지적하라면 숙박을 하고 조식을 하려고 식당에 들렸더니 쿠폰이 만료 되었다며 복국 가격을 다 지불했다는 것 추천을 하라면 그닥 내키지 않는다는 정도~,2023.12.16,"70,000",대전광역시 유성구 테크노중앙로 69
에스앤나봄호텔,4,"바닥 난방이 되지 않고 천장에 설치된 온풍기도 작동되지 않았습니다. 만실이라 객실 교체도 불가능했었는데, 이런 불편함이 없도록 객실에 설치된 기기의 정상작동 여부를 주기적으로 확인해주세요.",2024.01.28,"70,000",대전광역시 유성구 테크노중앙로 69
에스앤나봄호텔,4,"스타일러 있는방으로 일부러 예약했는데
고장나있어서 방 바뀌 주셨구
바꾼 방도 고장나 있어서 그냥 잤어요
95000원 짜리 였는데",2024.01.17,"70,000",대전광역시 유성구 테크노중앙로 69
에스앤나봄호텔,2,"가성비가 상당히 떨어져요 객실도 좁고
호텔내 편의시설도 부족,
주변에 식당이나 아울렛, 공원있어서 접근성이 좋긴합니다,",2024.01.12,"70,000",대전광역시 유성구 테크노중앙로 69
에스앤나봄호텔,1,"호텔이라고 하기엔 넘 부적절해요.. 객실도 좁고
샤워공간이랑 침대가 가까운데 문도 없어서 놀랐어요.
양변기 있는 곳에는 유리문이라서 소리도 다들리고 참.. 블편하더라고요.
냉장고는 오래되서 자다가 몇번을 놀라서 깼는지;;
주차 편한거 말고는 장점이 없네요",2024.10.07,"70,000",대전광역시 유성구 테크노중앙로 69
에스앤나봄호텔,3,"가격대비시설은 그저그렇습니다.모텔같은 호텔입니다
엘베에서 먼지인지 곰팡이인지 냄새좀나구요.뭐 그렇네요",2024.04.29,"70,000",대전광역시 유성구 테크노중앙로 69
에스앤나봄호텔,2,"1. 화장실서 벌레나옴
2. 가격에 부적합한 시설구성
3. 낮고 불편한 침대
4. 샤워기 고장방치",2023.11.16,"70,000",대전광역시 유성구 테크노중앙로 69
에스앤나봄호텔,5,"한달전 야놀자를 보다가 유성온천축제로 쿠폰 이벤트를 보게 되었어요. 3만원 할인쿠폰 얻고 괜찮은 숙소를 찾다가 이곳을 찾았구요.
엄마를 모시고 왔는데 만족하시더라구요. 저 역시 만족했구요. 숙소도 전체적으로 깔끔했구요.

아쉬운건 여기 조식이 복국이라는데 일,월요일에는 식당이 영업을 안해서 복국 못 먹었어요.",2022.05.29,"70,000",대전광역시 유성구 테크노중앙로 69
에스앤나봄호텔,5,"처음 방문해본 에스앤나봄 호텔이었는데 굉장히 따뜻하고 청결했습니다
침대는 물론이고 화장실도 너무 좋았고 주차장도 야외에 넓게 준비되어있어 주차하기도 좋더라도요
지하에는 투숙객들을 위한 당구장도 있다고 하니 무료로 이용해보세요",2022.05.08,"70,000",대전광역시 유성구 테크노중앙로 69
에스앤나봄호텔,5,"고속도로내려서 10분도 안걸리고
조용하고
ㄱ근처 밥집 술집 불편한것 없이 다있고~
룸컨디션 좋구요^^
물이랑 수건등 2박하는동안 불편함 전혀없었습니다
대전가면 무조건 여기입니다!!!",2023.04.17,"70,000",대전광역시 유성구 테크노중앙로 69
에스앤나봄호텔,5,"우선 방이 비지니스 호텔느낌은 안나긴하는데
그래도 넘만족했던건 보일러가 빵빵해서 뜨끈뜨끈해서 넘 좋았습니다 ㅜㅠ(살짝낮추셔도 될듯...약간 건조ㅜ)
원래가던 인근 호텔은 히터밖에 안되서 좀 건조했거든ㅇ요!!!",2023.01.28,"70,000",대전광역시 유성구 테크노중앙로 69
에스앤나봄호텔,4,"깨끗해서 아이랑 가도 불편하지 않았어요
조식으로 먹은 복국도 또먹고싶을정도로 맛있게먹었어요
다만, 침대가 좀 불편했어요
지하주차장이 너무좁았지만 지상주차장이 있어서 편했어요",2022.05.08,"70,000",대전광역시 유성구 테크노중앙로 69
에스앤나봄호텔,5,"최신 시설은 아니지만 깔끔하게 관리된 실내.
침구 깔끔. 필수 어메너티 1회용 준비됨.
아침으로 복국 7천원에 식사 가능.",2023.08.05,"70,000",대전광역시 유성구 테크노중앙로 69
에스앤나봄호텔,5,출장 때문에 이용했어요. 주변 호텔중에서는 제일 좋은 거 같아요. 주차장이 커서 이용하기 아주 편리합니다.,2022.11.15,"70,000",대전광역시 유성구 테크노중앙로 69
에스앤나봄호텔,4,깨끗하고 깔끔합니다 주변에 없는것 빼고 다 있어 편리합니다 다만 중앙 난방인듯 온도조절이 안되서 건조하고 덥습니다 빌트인 에어컨은 별도 설치되어 있습니다,2023.03.06,"70,000",대전광역시 유성구 테크노중앙로 69
에스앤나봄호텔,4,깨끗하고 깔끔합니다 주변에 없는것 빼고 다 있어 편리합니다 다만 중앙 난방인듯 온도조절이 안되서 건조하고 덥습니다 빌트인 에어컨은 별도 설치되어 있습니다,2023.03.06,"70,000",대전광역시 유성구 테크노중앙로 69
에스앤나봄호텔,4,"출장차 다녀왔어요! 방문할 때마다 주차가 편리한 점이 가장 좋아요. 방도 깨끗하고, 저녁에 잘 쉬고 왔습니다.",2022.12.11,"70,000",대전광역시 유성구 테크노중앙로 69
에스앤나봄호텔,5,"주차장도 넓구 좋아요! 시설도 깨끗하고 화장실은 다만 오픈형,,ㅠ 와도 또와도 너무 가격도 저렴하게 잘 쉬다 갑니다~~",2022.12.26,"70,000",대전광역시 유성구 테크노중앙로 69
에스앤나봄호텔,5,"두번째 이용했네요
직원 친절하고 방은 깔끔하고 좋아요
에어컨에 문제가 있었는데 방 업글해서 변경해주시고 굿",2022.09.17,"70,000",대전광역시 유성구 테크노중앙로 69
에스앤나봄호텔,4,"모텔보다는 깨끗하게 관리되고 있는 느낌이고
호텔이라고 하기에는 고급스러움이 좀 부족한데
그래도 조용하고 깨끗하게 잘 묵었습니다.
주변에 시설이 많아서 접근성이 좋아요",2023.02.18,"70,000",대전광역시 유성구 테크노중앙로 69
에스앤나봄호텔,4,깨끗하고 친절하게 응대해주고 번화가 근처라 좋았는데 리모컨은 있지만 방 전등 제어가 안되더라구요 하루만 있을꺼라 그냥 지내긴했어요,2023.02.08,"70,000",대전광역시 유성구 테크노중앙로 69
에스앤나봄호텔,5,대전에서 이쪽에서는 이만큼 쾌적한곳이 없을거에요 정말 편안하고 기분좋게 잘 쉬었다가 갑니다,2022.08.29,"70,000",대전광역시 유성구 테크노중앙로 69
에스앤나봄호텔,5,시설 위치 다 좋아요 ~!!!!!!!!!!!!!!!!!!! 항상 이용합니다!!!!!!!!!!!!,2023.06.11,"70,000",대전광역시 유성구 테크노중앙로 69
에스앤나봄호텔,3,출장가면 가던곳인데 객실 청결도가 날이갈수록 떨어져요. 금연서명 안내데스크에서 해도 방에서 담배냄새 나는건 어쩔수없나봐요. 그리고 여름인데 에어컨 점검좀 필요해 보여요 310호 에어컨냄새랑 덜덜덜 거리는 소리가 심하네요,2021.06.29,"70,000",대전광역시 유성구 테크노중앙로 69
에스앤나봄호텔,4,"외관과 프론트 등이 고급져 기대치가 높은 상태에서 봐서 그런지 모르겠습니다만

방음이 별로입니다. 하지만 큰 문제가 될 정도는 아닙니다.
프론트 직원이 친절한듯 불친절한듯 친절합니다. 직원도 사람인지라 그런날도 있을거라 생각합니다. 결론은 친절합니다.

모텔 0.3 호텔 0.7 섞인 느낌이었습니다.

위에 기재한 제 생각들은 주관적인것이고,
교통편 좋고 깔끔하고 추천합니다. 잘쉬다갑니다.",2023.09.23,"70,000",대전광역시 유성구 테크노중앙로 69
에스앤나봄호텔,5,"주차장은 좀 불편하지만 그 외에는 좋았습니다
호텔과 모텔사이지만 방도 엄청크고 깔끔합니다",2022.06.07,"70,000",대전광역시 유성구 테크노중앙로 69
에스앤나봄호텔,4,출장때문에 다녀왔어요. 무엇보다 넓은 주차장이 이용하기 편리했습니다. 호텔뒤쪽에 위치한 주차장이 넓어서 좋았어요. 객실도 조용해서 좋았어요. 위치도 회사쪽이랑 가까워서 최적이지 않았나 싶어요!,2022.10.13,"70,000",대전광역시 유성구 테크노중앙로 69
에스앤나봄호텔,3,"일단 리셉션 직원분이 친절하셨기에 좋았어요.
숙소 자체랑 객실도 청결했구요 근데 엘리베이터 시트지에 흠집 같은게 있어서 보기에 좋지만은 않았던거 같네요.. 
시설은 .. 컴퓨터도 일체형이고 욕조도 있고 비데 등등 그냥저냥 괜찮았는데 에어컨에서 끼이익 소리가 나서 불편했어요... 미세먼지 때문에 창문을 열수도 없었고..
교통은 괜찮았고 찾기도 어렵진 않았던거 같아요.

그리고 가격이 시설에 비해 그렇게 좋진 않았던거 같구요 ㅠㅠ 제가 예약한 방은 더블베드였는데 

트윈베드랑 더블베드만 다르고 방 평수 및 여러가지 다른 부분은 같은데 왜 트윈 방이랑 더블 방이 가격이 만원 넘게 차이나는지 잘 모르겠어요.. 

합리적이라는 생각은 크게는 안들었고 대전에 숙소가 그렇게 좋은곳이 많이 없어서 선택한 차선이었다고 생각합니다.",2019.04.09,"70,000",대전광역시 유성구 테크노중앙로 69
에스앤나봄호텔,5,"다른 리뷰에서 봤던 것보다 모든 면에서 ㄷㅏ
만족했지만, 방음면에선 아쉬웠어요ㅠㅠ 칫솔 두드리는 소리까지 들리더라는.... 그 외에는 욕실 만족도 상! 이었습니다!!!",2021.03.01,"70,000",대전광역시 유성구 테크노중앙로 69
에스앤나봄호텔,4,"별하나 뻰건 다좋았는데 갑자기 매이드분이 갑자기 들어와어요 3시 입실이면 우선 확실하게확인하시던지 아님 벨이나 노크해보셔야하지 않을까요
전화로 죄송하다고 해주셨지만그래도 조금 그랬어요
그것말고는 또 방문하고싶어요",2023.03.06,"70,000",대전광역시 유성구 테크노중앙로 69
에스앤나봄호텔,5,"옆에 호텔보다 100배 좋습니다 
시설도 훨씬좋고 따듯한물 잘나와서 아주 개운하게 씻엇어요~ 비품도 아주 잘되어있습니다 다음에도 또 이용할게요!!@@",2021.11.12,"70,000",대전광역시 유성구 테크노중앙로 69
에스앤나봄호텔,3,"비즈니스 디럭스 방에 숙박했는데, 게시된 사진과 구조도 다르고 욕실 문이 없었어요. 욕실과 수건은 깨끗했고 침구는 시트에 얼룩이 좀 있었어요. 시설이 오래되어 벽 얼룩들이 지저분해 보여요. 직원분들 상냥했습니다.",2021.01.17,"70,000",대전광역시 유성구 테크노중앙로 69
에스앤나봄호텔,5,"음 일단 여자들이 필요한 폼클렌징이나 머리끈 등 없었어요 
제가 폼클렌징은 챙겨서 다행이지만 기본적으로 있어야할것들이 부족했어요 
그리고 다른것들은 만족이에요 
테라스도 있어서좋았구요 
관평동에 이런호텔이있는줄도모르고 대전올때마다 신탄진에있는 모텔에있었내요 
이제라도 알았으니 대전올때마다 여기에 자주올거같습니다.
그리고 물수압 와 겁나 짱입니다.
3박4일동안 즐겁게놀다갔어요^^",2019.08.18,"70,000",대전광역시 유성구 테크노중앙로 69
에스앤나봄호텔,2,"지하주차장과 욕조 좁음
객실에 긴머리카락 다수발견
차가운 바닥
뒤척일때 나는 매트리스 소리

잘 못쉬고갑니다",2021.06.22,"70,000",대전광역시 유성구 테크노중앙로 69
에스앤나봄호텔,3,"걍 그렇네요. 볼일있는 곳이랑 가까운거 말곤 딱히 장점은 모르겠네요, 침대도 솔직히 너무 안좋아요. 그냥3성은 아닌거 같아요",2021.11.07,"70,000",대전광역시 유성구 테크노중앙로 69
에스앤나봄호텔,5,"잘 쉬고왔습니다. 방 위치에 따라 커튼(?)을 쳐도 밤에 건물 외벽 등에서 나오는 푸른 빛이 틈새로 들어오는 것 같네요. 아쉬운대로 타올로 살짝 가리고 잤는데, 완벽히는 가려지지 않았어요. 개선되면 더 좋을 것 같습니다 !",2019.12.02,"70,000",대전광역시 유성구 테크노중앙로 69
에스앤나봄호텔,4,"금연실인데 화장실에 담배 냄새가 너무 심했어요(이건 사실 여기 문제라기보다는 시민의식의 문제겠죠..ㅠ)
그래도 바로 룸 업그레이드 해주셨고,
청결도는 꽤 괜찮았지만 온수가 잘 안나왔네요..",2019.10.27,"70,000",대전광역시 유성구 테크노중앙로 69
에스앤나봄호텔,5,확실히 비지니스 호텔이라서 그런지 담배냄새 안나서 좋았어요 주변 상업시설도 가까워서 저녁먹기도 편하구요,2021.09.12,"70,000",대전광역시 유성구 테크노중앙로 69
에스앤나봄호텔,5,"유성구에서 가성비 최고 인듯 합니다
특히 어메니티와 침구류 마음에 들구요
약간의 부족함은 건물 특성상 지하주차장이 조금 비좁으나 외부 주차장 있으며 객실 방음이 조금 약 합니다",2019.07.13,"70,000",대전광역시 유성구 테크노중앙로 69
에스앤나봄호텔,4,"시설은 생긴지얼마 안된곳이어서 깔끔했어요
조식이 생각보다 가격대비 넘 좋았어요 
2박했는데 매뉴는 국을 빼곤 똑같았지만 일식당에서 하시는거라 다 맛있고 좋았어요
다만 리셉션에 2박인데 물 추가요금 1000원이라고 단호박같이 말하셔서 좀 어이없었어요
 싸구려 모텔도 물은 무제한으로 주는데 얼마나한다고.........",2018.12.12,"70,000",대전광역시 유성구 테크노중앙로 69
에스앤나봄호텔,4,둔산동보다 덜 북적거리는 곳 찾다가 관평동에서 머물렀는데 깔끔하고 좋네요 특히 객실이 환해서 좋았어요 ^^,2021.03.02,"70,000",대전광역시 유성구 테크노중앙로 69
에스앤나봄호텔,5,"또후기남기내용 냉장고에 음료수도없는게 쵸큼실망..
냉장고열때 무슨음료수있나 하고 봤었는뎅 ㅠ물만덩그러니2개있는거보고 힝 그래도좋았어용!",2019.08.18,"70,000",대전광역시 유성구 테크노중앙로 69
에스앤나봄호텔,2,아는 지인이 잠깐 대전에와서 일부러 좋은곳에 머물게 해드리고 싶어서 호텔로 예약하고 보내드렸는데 오히려 모텔보다 안좋았다고 해서 지인께 미안해집니다.,2020.12.01,"70,000",대전광역시 유성구 테크노중앙로 69
에스앤나봄호텔,2,"기본적인 클렌징 , 폼클렌징 비품이 없고 충전기도 없으며 , 옛날 건물이어서 그런지 usb코드도 없습니다 .. 호텔 치고는 가성비가 많이 떨어지는거 같습니다",2020.08.22,"70,000",대전광역시 유성구 테크노중앙로 69
에스앤나봄호텔,5,"전체적으로 좋았어요,
깔끔하고 따뜻하고ㅋ
근처먹을것도 많구요
단,아쉬운건 센서등이ㅠ너무
민감하게반응한게......... 좀아쉬벗네요.침대누워서
발만잠시움직여도 센서등작동...ㅎ
그거빼곤전부대만족ㅋ",2019.01.12,"70,000",대전광역시 유성구 테크노중앙로 69
에스앤나봄호텔,2,배정받았던 객실 시트 손바닥만한 오염되어있어 프론트 연락했더니 입실한지 채 1시간이 안된 우리가 그런것 아니냐고 해서 기분나빴음(이미 말라버린 오염 상태였고 시트도 구김 다 가있고) 결국 직원분 올라와서 확인 후 방교환함. 티비랑 컴퓨터 연결해서 영화보려했는데 그게 안되있어서 불편했음(대부분의 객실 연결안된다고함),2019.02.25,"70,000",대전광역시 유성구 테크노중앙로 69
에스앤나봄호텔,5,"입실하기로 한 날짜 하루전(취소마감시간인 3시이후)에 
딸래미가 독감으로 입원하는 바람에
숙소예약을 취소하지 못해서 입실도 못하고
결제한 돈만 다 날렸네요 ㅠㅠ
이번에 꼭 가고 싶었는데 아쉽습니다.
다음에 시간내서 꼭 가고싶어서 별 5개드립니다.",2022.08.05,"70,000",대전광역시 유성구 테크노중앙로 69
에스앤나봄호텔,4,"깔끔한 호텔입니다.
호텔이라고하기에는 조금 부족한..,
침대가 조금 낮고 불편했지만
전체적으로 좋았습니다.",2020.09.29,"70,000",대전광역시 유성구 테크노중앙로 69
에스앤나봄호텔,1,309호 인데 지금 세벽 4신데 310에 술먹은 미친남자새끼둘이 들어와서 벽에 탁구치구 노래부르고 여자친구 깰까봐 프론트 전화도 못하겠네 방음때매 별 1개,2020.03.08,"70,000",대전광역시 유성구 테크노중앙로 69
에스앤나봄호텔,5,깨끗하고 넓고 괜찮은 호텔이었습니다! 스파 욕조도 넓게 있었고 테라스도 프라이빗하게 있어서 괜찮았어요:)),2020.09.06,"70,000",대전광역시 유성구 테크노중앙로 69
에스앤나봄호텔,3,방음이 잘 안된다는 점이 많이 아쉽네요... 새벽에 초인종이 울리는 소리나 옆 객실에서 씻는 물소리가 너무 생생하게 들렸어요.....ㅠㅠ,2019.12.17,"70,000",대전광역시 유성구 테크노중앙로 69
에스앤나봄호텔,2,"위치는 진짜 좋은데 숙소가 와.....
난방 조절 안되서 덥고 건조하지 에어컨 키면 쿰쿰한냄새나지 수건에서도 좀 덜 말린 수건냄새나지 수전에 곰팡이에 비데 수압 조절안되지.. 불도 너무 침침하게 들어오질 않나 창문 열어서 환기시킬려고 했는데 방충망에 구멍이란 구멍은 다 나있고 찢겨져있질 않나..
그냥 저렴한 맛에 가는거 같아요 행사때문에 숙소에 머무는 시간은 적어서 그냥저냥 썼네요",2023.10.16,"70,000",대전광역시 유성구 테크노중앙로 69
에스앤나봄호텔,5,조식은 기대를 많이 해서인지 평범했지만 나머지는 모두 만족했습니다. 다음에도 대전에서는 여기로 갈 예정입니다!,2019.04.02,"70,000",대전광역시 유성구 테크노중앙로 69
에스앤나봄호텔,4,"청결도 및 직원 친절도는 좋았어요
아쉬운건 욕실에 거울이 없다는거랑 폼클렌징이 없네요ㅠㅠㅠ",2019.09.22,"70,000",대전광역시 유성구 테크노중앙로 69
에스앤나봄호텔,5,"새해를 맞이해서 가족과 함께 예약했었어요~
근데 날짜를 잘못 잡아서 하루 늦게 갔는데
카운터에 계신 분이 친절하게도 
그냥 이용하게 해주시더라고요 ^^
정말 감사했습니다 ~ 시설도 깔끔하고 청결해요",2018.01.06,"70,000",대전광역시 유성구 테크노중앙로 69
에스앤나봄호텔,5,"방이 사진에 보이는 것보다 좋아요
관평동 식당많은 곳과 가까워서 너무 좋았어요!
비품도 좋고 방도 너무 좋았어요!
저렴하게 이용해서 더 좋았어요~~",2018.01.29,"70,000",대전광역시 유성구 테크노중앙로 69
에스앤나봄호텔,2,카운터 직원분 친절하시고 방은 생각보다 넓었는데.... 침대 시트에 발자국인지 뭔지 검은 자국이 있고... 화장실 바닥에 다른 사람 머리카락 뭉쳐있고 욕조에는 코딱지까지... 세면대 하수구도 지저분해서 비위 상했어요.,2023.05.15,"70,000",대전광역시 유성구 테크노중앙로 69
에스앤나봄호텔,5,출장시마다 자주 이용하는 숙소입니다. 항상 좋았는데 이번엔 방에서 좀 이상한 냄새가 나서 창문열고 환기시키고 쉬었습니다.,2022.08.25,"70,000",대전광역시 유성구 테크노중앙로 69
에스앤나봄호텔,4,깔끔해서 좋아요 수건도 깔끔했는데 아쉬웠던건 갯수가 약간 부족했어요 ㅠㅠ 여자분들 가시게 되면 머리끈 챙겨가세요,2018.05.27,"70,000",대전광역시 유성구 테크노중앙로 69
에스앤나봄호텔,1,가운이 하나 부족해서 갖다 달라니까 알겠다더니 퇴실 전까지 안 갖다 주심.. 외출복 입고 그대로 자느라 너무 찝찝했어요. 실내화는 저런 걸 누가 신고 싶겠어요ㅜㅜ 침대는 뒤척일 때마다 삐걱삐걱 디스크 생기는 줄.. 세 번째 투숙인데 점점 더 별로네요 그래도 앞에 먹자골목 있어서 접근성은 좋아요,2023.05.05,"70,000",대전광역시 유성구 테크노중앙로 69
에스앤나봄호텔,3,"먼지가 많아서 고생함 
 친절하지도않고 그렇다고 불친절하지도않고 그렇다고 또 오고싶진 않네요",2018.12.08,"70,000",대전광역시 유성구 테크노중앙로 69
에스앤나봄호텔,4,"시설은 가격대비 괜찮았고 조식포함이라 
 근데 폼클렌징이 없어요 남자껀 스킨만 여자는 로션만 있어요",2017.12.25,"70,000",대전광역시 유성구 테크노중앙로 69
에스앤나봄호텔,3,"욕실문이 없던데...
소리때문에 엄청 민망할정도...
왜 욕실문이 없는지...
나머지는 편안한 숙소!",2023.10.03,"70,000",대전광역시 유성구 테크노중앙로 69
에스앤나봄호텔,1,쾌쾌한 냄새가 나고 매트리스는 그냥 스프링만 달려있는 싸구려 매트리스라 불편해서 잠을 못잤습니다. 참고하세요,2023.02.28,"70,000",대전광역시 유성구 테크노중앙로 69
에스앤나봄호텔,4,"다 좋았는데.. 방이 추워서 아쉬웠네요~_~
컨트롤러 메뉴얼대로 켜놨건만..
웅크리고 자서 찌뿌둥했네요;",2022.02.21,"70,000",대전광역시 유성구 테크노중앙로 69
에스앤나봄호텔,3,"침대는 나름깔끔하긴 했는데 의자는 좀 얼룩이 많습니다.
침대는 완전편해요.
조식은 10시까지랬는데 9시44분에ㄱㅏ니까 그냥 마감했다고해서 못먹었어요..",2022.04.13,"70,000",대전광역시 유성구 테크노중앙로 69
에스앤나봄호텔,1,"겉만 번지르르한 여인숙느낌
이름만 호텔이지 그냥 싸구려 모텔만도 못한 침구류에 그흔한 로션, 스프레이 기본용품도 없고 충전기도 없음
냉장고에는 물 두개가 끝..
왜 쫙빼입고 카운터에 직원이 있는지 모르겠는 수준낮은 내부 인테리어
이 돈이면 그냥 5만원짜리 모텔방에서 잘듯 합니다",2022.11.01,"70,000",대전광역시 유성구 테크노중앙로 69
에스앤나봄호텔,1,조식7천원주고 쿠폰삿는데 10분 늦엇다고 서빙이안된다네요 ㅜㅜ 에어컨 소리심하고 잘때 소음이 잇어요. 비데는 고장이고..,2023.07.12,"70,000",대전광역시 유성구 테크노중앙로 69
에스앤나봄호텔,3,"어메니티에 클렌징 폼이 없어서 아쉬웠어요.
냉장고에 물 한 병만 있던 것도 아쉬웠어요.
에어컨이 너무 시끄러워서 잠을 자다가 자주 깼어요.
그 외의 것들은 만족스러웠어요.",2023.01.15,"70,000",대전광역시 유성구 테크노중앙로 69
에스앤나봄호텔,3,주변 시설 좋아요. 근데 냉장고에서 가끔가다가 따악!!! 소리가 겁나 크게 나서 잘 깼어요. 그리고 방음도 잘 안됩니다.. 침대 편안했습니다,2022.05.22,"70,000",대전광역시 유성구 테크노중앙로 69
에스앤나봄호텔,5,편하게 잘 쉬다왔습니다.,2024. 11. 14,"70,000",대전광역시 유성구 테크노중앙로 69
에스앤나봄호텔,5,시내에 위치가 좋습니다.,2024.11.07,"70,000",대전광역시 유성구 테크노중앙로 69
에스앤나봄호텔,5,항상 출장갈 때 예약합니다.,2024.11.05,"70,000",대전광역시 유성구 테크노중앙로 69
에스앤나봄호텔,5,가성비 좋은 숙소입니다.,2024.11.03,"70,000",대전광역시 유성구 테크노중앙로 69
에스앤나봄호텔,5,깔끔하고 저렴해서 좋아요,2024.11.02,"70,000",대전광역시 유성구 테크노중앙로 69
에스앤나봄호텔,5,깔끔하고 저렴해서 좋아요,2024.11.02,"70,000",대전광역시 유성구 테크노중앙로 69
에스앤나봄호텔,5,깨끗하고 친절합니다.,2024.10.31,"70,000",대전광역시 유성구 테크노중앙로 69
에스앤나봄호텔,5,시설이 깨끗하고 훌룡합니다,2024.10.25,"70,000",대전광역시 유성구 테크노중앙로 69
에스앤나봄호텔,5,주위 맛집이 많아 좋아요,2024.10.21,"70,000",대전광역시 유성구 테크노중앙로 69
에스앤나봄호텔,5,즐겁게 잘 잤습니다 감사,2024.10.19,"70,000",대전광역시 유성구 테크노중앙로 69
에스앤나봄호텔,4,친절하고 편했습니다,2024.10.13,"70,000",대전광역시 유성구 테크노중앙로 69
에스앤나봄호텔,4,그럭저럭 괜찮았어요~,2024.10.12,"70,000",대전광역시 유성구 테크노중앙로 69
에스앤나봄호텔,5,"깔끔합니다.
다리미만있다면 굿",2024.10.09,"70,000",대전광역시 유성구 테크노중앙로 69
에스앤나봄호텔,5,잘 쉬다가 왔습니다.,2024.09.29,"70,000",대전광역시 유성구 테크노중앙로 69
에스앤나봄호텔,4,하루 자고 가기 딱 좋은 호텔이네요~~,2024.09.28,"70,000",대전광역시 유성구 테크노중앙로 69
에스앤나봄호텔,5,깨끗하고 너무 좋아요!!,2024.09.27,"70,000",대전광역시 유성구 테크노중앙로 69
에스앤나봄호텔,2,객실이 너무 어두워서 눈아파뇨,2024.09.19,"70,000",대전광역시 유성구 테크노중앙로 69
에스앤나봄호텔,5,깨끗하고 시설 좋아요.,2024.09.13,"70,000",대전광역시 유성구 테크노중앙로 69
에스앤나봄호텔,5,출장시 이용했는데 너무 침구가 편했음,2024.09.12,"70,000",대전광역시 유성구 테크노중앙로 69
에스앤나봄호텔,4,"조용하고 깨끗한 숙소
치약 칫솔 면도기는 별도구입",2024.09.12,"70,000",대전광역시 유성구 테크노중앙로 69
에스앤나봄호텔,5,깨끗하고 위치가 좋아요,2024.08.30,"70,000",대전광역시 유성구 테크노중앙로 69
에스앤나봄호텔,4,"배게가
너무 높아서 불편했음",2024.08.29,"70,000",대전광역시 유성구 테크노중앙로 69
에스앤나봄호텔,4,잘 이용하다 갑니다,2024.08.28,"70,000",대전광역시 유성구 테크노중앙로 69
에스앤나봄호텔,5,깨끗한 객실과 가까운 주변상권에 가성비 좋은 숙소입니다.,2024.08.19,"70,000",대전광역시 유성구 테크노중앙로 69
에스앤나봄호텔,5,정말 잘쉬다 갑니다,2024.08.17,"70,000",대전광역시 유성구 테크노중앙로 69
에스앤나봄호텔,5,친절하고.깨끗합니다,2024.08.13,"70,000",대전광역시 유성구 테크노중앙로 69
에스앤나봄호텔,5,"테라스있는방이었어요
좋아요",2024.08.09,"70,000",대전광역시 유성구 테크노중앙로 69
에스앤나봄호텔,5,"방깔끔해요
조식은선결제",2024.08.09,"70,000",대전광역시 유성구 테크노중앙로 69
에스앤나봄호텔,5,편하게 쉬다올수있었습니다,2024.08.08,"70,000",대전광역시 유성구 테크노중앙로 69
에스앤나봄호텔,4,오래된것 빼면 좋습니다,2024.08.03,"70,000",대전광역시 유성구 테크노중앙로 69
에스앤나봄호텔,4,편하게 잘 쉬고 갑니다,2024.08.01,"70,000",대전광역시 유성구 테크노중앙로 69
에스앤나봄호텔,5,좋아요~ 친철하고 숙소컨디션 깔끔해요,2024.07.29,"70,000",대전광역시 유성구 테크노중앙로 69
에스앤나봄호텔,5,깨끗하고.친절합니다,2024.07.22,"70,000",대전광역시 유성구 테크노중앙로 69
에스앤나봄호텔,4,깨끗하고 좋아요.손님도 좋아해요,2024.07.19,"70,000",대전광역시 유성구 테크노중앙로 69
에스앤나봄호텔,4,나쁘진 않았어요..,2024.07.15,"70,000",대전광역시 유성구 테크노중앙로 69
에스앤나봄호텔,5,이번에는 방이있었네요,2024.07.13,"70,000",대전광역시 유성구 테크노중앙로 69
에스앤나봄호텔,5,깨끗하고.친절합니다,2024.07.09,"70,000",대전광역시 유성구 테크노중앙로 69
에스앤나봄호텔,5,편히 잘 쉬었습니다,2024.07.03,"70,000",대전광역시 유성구 테크노중앙로 69
에스앤나봄호텔,5,친절하고.깨끗합니다,2024.07.01,"70,000",대전광역시 유성구 테크노중앙로 69
에스앤나봄호텔,5,출장으로 숙박하기 좋습니다.,2024.07.01,"70,000",대전광역시 유성구 테크노중앙로 69
에스앤나봄호텔,5,좋았습니다. 잘보냈습니다.,2024.06.29,"70,000",대전광역시 유성구 테크노중앙로 69
에스앤나봄호텔,5,친절하고.깨끗합니다,2024.06.24,"70,000",대전광역시 유성구 테크노중앙로 69
에스앤나봄호텔,5,친절하고.깨끗합니다,2024.06.24,"70,000",대전광역시 유성구 테크노중앙로 69
에스앤나봄호텔,5,오늘도 잘 쉬다 갑니다 주변에 먹을곳도 많고 조용하고 좋아요,2024.06.24,"70,000",대전광역시 유성구 테크노중앙로 69
에스앤나봄호텔,5,언제 와도 깨끗하고 직원분들이 친절하게 잘 해주셔서 근처 출장오면 항상 여기 방문 합니다,2024.06.23,"70,000",대전광역시 유성구 테크노중앙로 69
에스앤나봄호텔,5,깨끗하고 좋아요~~~,2024.06.23,"70,000",대전광역시 유성구 테크노중앙로 69
에스앤나봄호텔,3,잘 쉬고 가는데 창문이 없어서 아쉽네요,2024.06.21,"70,000",대전광역시 유성구 테크노중앙로 69
에스앤나봄호텔,5,전반적으로 만족합니다,2024.06.10,"70,000",대전광역시 유성구 테크노중앙로 69
에스앤나봄호텔,5,깨끗하고.친절합니다,2024.06.09,"70,000",대전광역시 유성구 테크노중앙로 69
에스앤나봄호텔,5,깨끗하고.친절합니다,2024.06.09,"70,000",대전광역시 유성구 테크노중앙로 69
에스앤나봄호텔,5,깨끗하고.친절합니다,2024.06.09,"70,000",대전광역시 유성구 테크노중앙로 69
에스앤나봄호텔,5,깨끗하고.친절합니다,2024.06.09,"70,000",대전광역시 유성구 테크노중앙로 69
에스앤나봄호텔,5,너무 친절하셔서 좋아요,2024.06.03,"70,000",대전광역시 유성구 테크노중앙로 69
에스앤나봄호텔,5,호텔이 항상 깨끗하고 좋아요ㅎㅎ,2024.05.31,"70,000",대전광역시 유성구 테크노중앙로 69
에스앤나봄호텔,5,저렴하고 이용하기 좋았다고 합니다.,2024.05.30,"70,000",대전광역시 유성구 테크노중앙로 69
에스앤나봄호텔,5,깨끗하고.친절합니다,2024.05.27,"70,000",대전광역시 유성구 테크노중앙로 69
에스앤나봄호텔,5,만족스럽네요 막말로 굿등ㅎ,2024.05.27,"70,000",대전광역시 유성구 테크노중앙로 69
에스앤나봄호텔,4,전반적으로 만족합니다. 다만 도로변이라 소음이 다소 있는 편입니다.,2024.05.23,"70,000",대전광역시 유성구 테크노중앙로 69
에스앤나봄호텔,5,친절하고.깨끗합니다,2024.05.19,"70,000",대전광역시 유성구 테크노중앙로 69
에스앤나봄호텔,5,잘쉬다 갑니다~~~~<<,2024.05.13,"70,000",대전광역시 유성구 테크노중앙로 69
에스앤나봄호텔,5,깨끗하고.친절합니다,2024.05.12,"70,000",대전광역시 유성구 테크노중앙로 69
에스앤나봄호텔,5,깨끗하고.친절합니다,2024.05.12,"70,000",대전광역시 유성구 테크노중앙로 69
에스앤나봄호텔,4,편히 쉬고 갑니다 감사합니다,2024.05.11,"70,000",대전광역시 유성구 테크노중앙로 69
에스앤나봄호텔,5,깨끗하고.친절합니다,2024.05.07,"70,000",대전광역시 유성구 테크노중앙로 69
에스앤나봄호텔,5,깨끗하고.친절합니다,2024.05.07,"70,000",대전광역시 유성구 테크노중앙로 69
에스앤나봄호텔,5,깨끗하고.친절합니다,2024.05.07,"70,000",대전광역시 유성구 테크노중앙로 69
에스앤나봄호텔,5,깨끗하고.친절합니다,2024.05.07,"70,000",대전광역시 유성구 테크노중앙로 69
에스앤나봄호텔,5,깨끗하고.친절합니다,2024.05.07,"70,000",대전광역시 유성구 테크노중앙로 69
에스앤나봄호텔,5,깨끗하고.친절합니다,2024.05.04,"70,000",대전광역시 유성구 테크노중앙로 69
에스앤나봄호텔,5,친절하고.깨끗합니다,2024.05.02,"70,000",대전광역시 유성구 테크노중앙로 69
에스앤나봄호텔,5,"깨끗하고.친절합니다
기본로션이없는게.아쉽습니다",2024.04.28,"70,000",대전광역시 유성구 테크노중앙로 69
에스앤나봄호텔,5,깨끗하고.친절합니다,2024.04.28,"70,000",대전광역시 유성구 테크노중앙로 69
에스앤나봄호텔,5,잘 묵고 가요 좋습니다,2024.04.24,"70,000",대전광역시 유성구 테크노중앙로 69
에스앤나봄호텔,5,잘 묵고 가요 좋습니다,2024.04.24,"70,000",대전광역시 유성구 테크노중앙로 69
에스앤나봄호텔,5,생각보단 깨끗햇어용,2024.04.21,"70,000",대전광역시 유성구 테크노중앙로 69
에스앤나봄호텔,4,청결하고 직원들 친절합니다.,2024.04.20,"70,000",대전광역시 유성구 테크노중앙로 69
에스앤나봄호텔,4,거래처 대전오시면 늘 가는곳 입니다. 청결해요 직원들 친절하구요,2024.04.20,"70,000",대전광역시 유성구 테크노중앙로 69
에스앤나봄호텔,5,잘 묵고 가요 깨끗해요,2024.04.19,"70,000",대전광역시 유성구 테크노중앙로 69
에스앤나봄호텔,5,잘 묵고 가요 깨끗해요,2024.04.19,"70,000",대전광역시 유성구 테크노중앙로 69
에스앤나봄호텔,5,좋았습니다,2024.04.08,"70,000",대전광역시 유성구 테크노중앙로 69
에스앤나봄호텔,5,좋았습니다,2024.04.08,"70,000",대전광역시 유성구 테크노중앙로 69
에스앤나봄호텔,5,좋았습니다,2024.04.08,"70,000",대전광역시 유성구 테크노중앙로 69
에스앤나봄호텔,3,운전 못하시면 건물에 주차하지 마세요.,2024.04.07,"70,000",대전광역시 유성구 테크노중앙로 69
에스앤나봄호텔,4,잘 있다갑니다,2024.04.06,"70,000",대전광역시 유성구 테크노중앙로 69
에스앤나봄호텔,5,깔끔한 숙소입니다,2024.04.05,"70,000",대전광역시 유성구 테크노중앙로 69
에스앤나봄호텔,5,깔끔하고 좋아요,2024.04.05,"70,000",대전광역시 유성구 테크노중앙로 69
에스앤나봄호텔,5,깨끗하고 가족단위 숙박에 적합합니다,2024.04.05,"70,000",대전광역시 유성구 테크노중앙로 69
에스앤나봄호텔,5,"숙소 자체는 깔끔하고 좋아요 
침대 스프링이 좀 삐걱거리는고 말곤 괜찮아용",2024.03.31,"70,000",대전광역시 유성구 테크노중앙로 69
에스앤나봄호텔,5,잘 쉬엇다가 가요~,2024.03.29,"70,000",대전광역시 유성구 테크노중앙로 69
에스앤나봄호텔,5,잘 쉬었다갑니다,2024.03.29,"70,000",대전광역시 유성구 테크노중앙로 69
에스앤나봄호텔,4,무난합니다,2024.03.25,"70,000",대전광역시 유성구 테크노중앙로 69
에스앤나봄호텔,5,항상 잘 묵고갑니다,2024.03.25,"70,000",대전광역시 유성구 테크노중앙로 69
에스앤나봄호텔,4,깔끔하고 좋았습니다,2024.03.21,"70,000",대전광역시 유성구 테크노중앙로 69
에스앤나봄호텔,5,"관평동에서 놀기 딱 좋은 위치!
주차장이 좀 아쉽지만 뒷 야외주치장으로가시길",2024.03.18,"70,000",대전광역시 유성구 테크노중앙로 69
에스앤나봄호텔,4,무난무난합니다,2024.03.10,"70,000",대전광역시 유성구 테크노중앙로 69
에스앤나봄호텔,3,생각보다 별로 모텔같음,2024.03.03,"70,000",대전광역시 유성구 테크노중앙로 69
에스앤나봄호텔,5,매우 좋았습니다.,2024.03.03,"70,000",대전광역시 유성구 테크노중앙로 69
에스앤나봄호텔,1,"위치는 좋은데 위생은 별로...
다시가진 않을듯해요",2024.02.26,"70,000",대전광역시 유성구 테크노중앙로 69
에스앤나봄호텔,5,먹자골목 건너편입니다,2024.02.24,"70,000",대전광역시 유성구 테크노중앙로 69
에스앤나봄호텔,5,주차편해요,2024.02.24,"70,000",대전광역시 유성구 테크노중앙로 69
에스앤나봄호텔,1,직원들 관리좀 하세요,2024.02.23,"70,000",대전광역시 유성구 테크노중앙로 69
에스앤나봄호텔,5,너무너무 좋았어욤!,2024.02.22,"70,000",대전광역시 유성구 테크노중앙로 69
에스앤나봄호텔,5,편안하게 잘 쉬었습니다.,2024.02.22,"70,000",대전광역시 유성구 테크노중앙로 69
에스앤나봄호텔,4,"깔끔하고 다 좋은데, 윗층 물내려가는 소리가 가끔 들리는 방도 있어요~",2024.02.10,"70,000",대전광역시 유성구 테크노중앙로 69
에스앤나봄호텔,4,깔끔하고 좋았습니다,2024.02.01,"70,000",대전광역시 유성구 테크노중앙로 69
에스앤나봄호텔,5,깨끗하고 좋아요,2024.01.29,"70,000",대전광역시 유성구 테크노중앙로 69
에스앤나봄호텔,5,깨끗하고 좋아요,2024.01.26,"70,000",대전광역시 유성구 테크노중앙로 69
에스앤나봄호텔,5,따뜻한 바닥 덕분에 편하게 잤습니다.,2024.01.24,"70,000",대전광역시 유성구 테크노중앙로 69
에스앤나봄호텔,5,깨끗하고 좋아요,2024.01.22,"70,000",대전광역시 유성구 테크노중앙로 69
에스앤나봄호텔,5,좋은추억만들고 갑니다.,2024.01.12,"70,000",대전광역시 유성구 테크노중앙로 69
에스앤나봄호텔,4,"주차폭이 좁고 추웠습니다.
나머진 만족",2024.01.11,"70,000",대전광역시 유성구 테크노중앙로 69
에스앤나봄호텔,5,잘쉬었습니다,2024.01.11,"70,000",대전광역시 유성구 테크노중앙로 69
에스앤나봄호텔,4,보통이에요~,2023.12.31,"70,000",대전광역시 유성구 테크노중앙로 69
에스앤나봄호텔,5,깔끔하고 포켓볼도 할수 있어 간단하게 좋아요,2023.12.29,"70,000",대전광역시 유성구 테크노중앙로 69
에스앤나봄호텔,3,그냥 모텔 느낌,2023.12.22,"70,000",대전광역시 유성구 테크노중앙로 69
에스앤나봄호텔,5,잘 쉬다 갑니다,2023.12.21,"70,000",대전광역시 유성구 테크노중앙로 69
에스앤나봄호텔,4,손님 모시는 곳인데 만족스러워하십니다.,2023.12.21,"70,000",대전광역시 유성구 테크노중앙로 69
에스앤나봄호텔,5,좋았습니다,2023.12.19,"70,000",대전광역시 유성구 테크노중앙로 69
에스앤나봄호텔,5,아주 괜찮았어요! 다음에 또 방문해도 좋을 거 같아요,2023.12.17,"70,000",대전광역시 유성구 테크노중앙로 69
에스앤나봄호텔,5,친절하시고 편안합니다~,2023.12.15,"70,000",대전광역시 유성구 테크노중앙로 69
에스앤나봄호텔,5,친절하시고 편안합니다~,2023.12.15,"70,000",대전광역시 유성구 테크노중앙로 69
에스앤나봄호텔,4,깔끔해서 자주 이용하는 숙소입니다. 평일도 가격이 좀 있네요.,2023.12.06,"70,000",대전광역시 유성구 테크노중앙로 69
에스앤나봄호텔,5,좋았습니다,2023.12.06,"70,000",대전광역시 유성구 테크노중앙로 69
에스앤나봄호텔,5,좋았습니다,2023.12.06,"70,000",대전광역시 유성구 테크노중앙로 69
에스앤나봄호텔,5,너무 좋았어욘,2023.11.24,"70,000",대전광역시 유성구 테크노중앙로 69
에스앤나봄호텔,5,옴총 좋아요 강추합니다,2023.11.15,"70,000",대전광역시 유성구 테크노중앙로 69
에스앤나봄호텔,5,룸깔끔하고 수건이나 물 여유롭게받을수있어서 좋았어요 조식 복국도 최고였어요,2023.11.13,"70,000",대전광역시 유성구 테크노중앙로 69
에스앤나봄호텔,4,편안하게 묵을 수 있는 곳,2023.11.10,"70,000",대전광역시 유성구 테크노중앙로 69
에스앤나봄호텔,5,깨끗하고 좋아뇨,2023.11.08,"70,000",대전광역시 유성구 테크노중앙로 69
에스앤나봄호텔,5,깨끗하고 좋아요,2023.11.08,"70,000",대전광역시 유성구 테크노중앙로 69
에스앤나봄호텔,5,"대전 출장시 매번 애용하는 숙소입니다
룸 컨디션도 좋고 깔끔합니다",2023.11.05,"70,000",대전광역시 유성구 테크노중앙로 69
에스앤나봄호텔,5,잘쉬었습니다,2023.10.31,"70,000",대전광역시 유성구 테크노중앙로 69
에스앤나봄호텔,5,잘쉬다가요.,2023.10.24,"70,000",대전광역시 유성구 테크노중앙로 69
에스앤나봄호텔,5,깨끗하고 좋아요,2023.10.24,"70,000",대전광역시 유성구 테크노중앙로 69
에스앤나봄호텔,5,깨끗하고좋아요,2023.10.24,"70,000",대전광역시 유성구 테크노중앙로 69
에스앤나봄호텔,4,2대 주차 가능하고 나름 깨끗했어요..,2023.10.23,"70,000",대전광역시 유성구 테크노중앙로 69
에스앤나봄호텔,5,만족합니다,2023.10.22,"70,000",대전광역시 유성구 테크노중앙로 69
에스앤나봄호텔,5,깨끗하고 좋습니다 항상 편히 잘 쉬고 갑니다.,2023.10.20,"70,000",대전광역시 유성구 테크노중앙로 69
에스앤나봄호텔,5,항상 친절하시고 깨끗하고 편안합니다. ^^,2023.10.20,"70,000",대전광역시 유성구 테크노중앙로 69
에스앤나봄호텔,5,항상 친절하시고 깨끗하고 편안합니다. ^^,2023.10.20,"70,000",대전광역시 유성구 테크노중앙로 69
에스앤나봄호텔,4,"위치는 굿이나
방음이 완전 꽝",2023.10.16,"70,000",대전광역시 유성구 테크노중앙로 69
에스앤나봄호텔,4,"편하고 근처에 먹자골목 있어서 좋았어요!
침구도 침대도 완전 편해요!!!",2023.10.10,"70,000",대전광역시 유성구 테크노중앙로 69
에스앤나봄호텔,5,"침대가 다른숙소보다 낮은타입인데 편하고 좋았어요
가성비좋게 잘 이용했습니다",2023.10.09,"70,000",대전광역시 유성구 테크노중앙로 69
에스앤나봄호텔,5,친절하시고 편안합니다. ^^,2023.10.06,"70,000",대전광역시 유성구 테크노중앙로 69
에스앤나봄호텔,5,친절하시고 편안합니다. ^^,2023.10.06,"70,000",대전광역시 유성구 테크노중앙로 69
에스앤나봄호텔,2,.....,2023.09.30,"70,000",대전광역시 유성구 테크노중앙로 69
에스앤나봄호텔,5,너무너무 친절하고 깨끗하고 좋았습니다.,2023.09.25,"70,000",대전광역시 유성구 테크노중앙로 69
에스앤나봄호텔,5,편안하게 잘 쉬었습니다. ^^,2023.09.24,"70,000",대전광역시 유성구 테크노중앙로 69
에스앤나봄호텔,5,편안하게 잘 쉬었습니다. ^^,2023.09.24,"70,000",대전광역시 유성구 테크노중앙로 69
에스앤나봄호텔,5,친절하시고 깨끗합니다.^^,2023.09.24,"70,000",대전광역시 유성구 테크노중앙로 69
에스앤나봄호텔,5,친절하시고 깨끗합니다.^^,2023.09.24,"70,000",대전광역시 유성구 테크노중앙로 69
에스앤나봄호텔,5,좋았습니다.,2023.09.18,"70,000",대전광역시 유성구 테크노중앙로 69
에스앤나봄호텔,5,깨끗하고 좋았습니다. 잘 쉬고 갑니다.,2023.09.16,"70,000",대전광역시 유성구 테크노중앙로 69
에스앤나봄호텔,5,대전출장시 자주 이용하는 호텔 편히 쉬다 갑니다.,2023.09.10,"70,000",대전광역시 유성구 테크노중앙로 69
에스앤나봄호텔,5,늘 잘 쉬고 갑니다. 깨끗하고 좋아요,2023.09.09,"70,000",대전광역시 유성구 테크노중앙로 69
에스앤나봄호텔,5,깨끗하고 좋아요,2023.09.06,"70,000",대전광역시 유성구 테크노중앙로 69
에스앤나봄호텔,4,쾌적하고 좋습니다,2023.09.01,"70,000",대전광역시 유성구 테크노중앙로 69
에스앤나봄호텔,5,항상 잘 쉬고갑니다,2023.09.01,"70,000",대전광역시 유성구 테크노중앙로 69
에스앤나봄호텔,5,깔끔하고 친절해요,2023.08.31,"70,000",대전광역시 유성구 테크노중앙로 69
에스앤나봄호텔,5,깨끗합니다. 잘 쉬고갑니다.,2023.08.26,"70,000",대전광역시 유성구 테크노중앙로 69
에스앤나봄호텔,5,깨끗하고 좋았습니다. 잘쉬다 갑니다.,2023.08.22,"70,000",대전광역시 유성구 테크노중앙로 69
에스앤나봄호텔,5,깨끗하고 좋아요,2023.08.20,"70,000",대전광역시 유성구 테크노중앙로 69
에스앤나봄호텔,4,방이넓고 좋았습니다,2023.08.18,"70,000",대전광역시 유성구 테크노중앙로 69
에스앤나봄호텔,4,깨끗하고 위치가 좋아요,2023.08.15,"70,000",대전광역시 유성구 테크노중앙로 69
에스앤나봄호텔,1,특별한 것 없고 가성비 좋은 곳은 아닙니다,2023.08.12,"70,000",대전광역시 유성구 테크노중앙로 69
에스앤나봄호텔,4,"대전출장겸 잠시 머무른 호텔!!
비데사용이 안되네요ㅠ
다른것은 전반적으로 쏘쏘~~",2023.08.12,"70,000",대전광역시 유성구 테크노중앙로 69
에스앤나봄호텔,5,잘 쉬다 갑니다,2023.08.09,"70,000",대전광역시 유성구 테크노중앙로 69
에스앤나봄호텔,5,깨끗하고 좋았습니다,2023.08.09,"70,000",대전광역시 유성구 테크노중앙로 69
에스앤나봄호텔,5,좋은곳에서 잘쉬다갑니다,2023.07.26,"70,000",대전광역시 유성구 테크노중앙로 69
에스앤나봄호텔,4,객실 컨디션이 생각보다 좋지않았음.,2023.07.26,"70,000",대전광역시 유성구 테크노중앙로 69
에스앤나봄호텔,5,최고입니다.,2023.07.25,"70,000",대전광역시 유성구 테크노중앙로 69
에스앤나봄호텔,5,주변에 올때 자주와요!!,2023.07.13,"70,000",대전광역시 유성구 테크노중앙로 69
에스앤나봄호텔,5,생각보다 깨끗하고 좋아요,2023.07.10,"70,000",대전광역시 유성구 테크노중앙로 69
에스앤나봄호텔,5,깔끔하고 좋았어요,2023.07.03,"70,000",대전광역시 유성구 테크노중앙로 69
에스앤나봄호텔,5,깔끔하고 좋았어요,2023.07.03,"70,000",대전광역시 유성구 테크노중앙로 69
에스앤나봄호텔,5,깔끔하고 좋았어요,2023.07.03,"70,000",대전광역시 유성구 테크노중앙로 69
에스앤나봄호텔,5,만족합니다,2023.07.03,"70,000",대전광역시 유성구 테크노중앙로 69
에스앤나봄호텔,5,좋아욯ㅎㅎ,2023.07.01,"70,000",대전광역시 유성구 테크노중앙로 69
에스앤나봄호텔,5,만족합니다,2023.06.28,"70,000",대전광역시 유성구 테크노중앙로 69
에스앤나봄호텔,5,만족합니다,2023.06.27,"70,000",대전광역시 유성구 테크노중앙로 69
에스앤나봄호텔,5,넓고 청결하고 친절합니다.,2023.06.26,"70,000",대전광역시 유성구 테크노중앙로 69
에스앤나봄호텔,5,출장마다옵니다,2023.06.22,"70,000",대전광역시 유성구 테크노중앙로 69
에스앤나봄호텔,5,출장때 방문했ㅇ어요,2023.06.22,"70,000",대전광역시 유성구 테크노중앙로 69
에스앤나봄호텔,5,출장으로 방문했는데 깔끔하고 잘쉬고갑니다,2023.06.14,"70,000",대전광역시 유성구 테크노중앙로 69
에스앤나봄호텔,5,깔끔하고좋아요,2023.06.14,"70,000",대전광역시 유성구 테크노중앙로 69
에스앤나봄호텔,5,프론트 직원분들이 친절하시고 불편함없이 묵고 갑니다,2023.06.11,"70,000",대전광역시 유성구 테크노중앙로 69
에스앤나봄호텔,5,편안하게 잘지내고 왔습니다,2023.06.03,"70,000",대전광역시 유성구 테크노중앙로 69
에스앤나봄호텔,5,"주변에 출장외서 두번째 묵었는데
저번보다 더 깔끔해서 좋앗습니자",2023.06.02,"70,000",대전광역시 유성구 테크노중앙로 69
에스앤나봄호텔,5,최고의 비즈니스호텔 친절하고 객실 내부 너무 깔끔합니다,2023.05.27,"70,000",대전광역시 유성구 테크노중앙로 69
에스앤나봄호텔,5,편하고 좋아요~,2023.05.27,"70,000",대전광역시 유성구 테크노중앙로 69
에스앤나봄호텔,3,그냥그냥 괜찮아요,2023.05.24,"70,000",대전광역시 유성구 테크노중앙로 69
에스앤나봄호텔,5,"출장갈때 이용하는데
수압쎄고 좋아요",2023.05.15,"70,000",대전광역시 유성구 테크노중앙로 69
에스앤나봄호텔,5,가격대가 조금 있긴 했지만 깔끔하고 좋았어요!!,2023.05.13,"70,000",대전광역시 유성구 테크노중앙로 69
에스앤나봄호텔,3,가격대비 실내인테리어는 별로지만 주변상권 환경이좋습니다.,2023.05.10,"70,000",대전광역시 유성구 테크노중앙로 69
에스앤나봄호텔,5,신발장 분리되어있고 바닥이 매트가아니라서 너무좋았습니다~,2023.05.07,"70,000",대전광역시 유성구 테크노중앙로 69
에스앤나봄호텔,5,깨끗하고 좋아요,2023.05.06,"70,000",대전광역시 유성구 테크노중앙로 69
에스앤나봄호텔,4,쏘쏘네요 호텔이없으니,2023.05.05,"70,000",대전광역시 유성구 테크노중앙로 69
에스앤나봄호텔,4,"깔끔하고 좋네요 
또오고싶네요 ^^",2023.05.04,"70,000",대전광역시 유성구 테크노중앙로 69
에스앤나봄호텔,5,직원들 친절하고 이 가격에 숙소방은 어찌나 큰지..주위에 먹자골목있고 최고입니다.,2023.05.01,"70,000",대전광역시 유성구 테크노중앙로 69
에스앤나봄호텔,5,두번째 이용인데 깔끔하고 좋아요,2023.04.28,"70,000",대전광역시 유성구 테크노중앙로 69
에스앤나봄호텔,5,조았어요.,2023.04.28,"70,000",대전광역시 유성구 테크노중앙로 69
에스앤나봄호텔,5,깔끔합니나,2023.04.27,"70,000",대전광역시 유성구 테크노중앙로 69
에스앤나봄호텔,5,잘 쉬었어요,2023.04.18,"70,000",대전광역시 유성구 테크노중앙로 69
에스앤나봄호텔,5,관평동에서 최고시설은 아니지만 가성비좋은곳,2023.04.17,"70,000",대전광역시 유성구 테크노중앙로 69
에스앤나봄호텔,5,잘 지내고 왔습니다,2023.04.11,"70,000",대전광역시 유성구 테크노중앙로 69
에스앤나봄호텔,5,룸 업그레이드 해주셔서 더욱 좋았어요,2023.04.11,"70,000",대전광역시 유성구 테크노중앙로 69
에스앤나봄호텔,5,깔끔하고 좋았습니다. 주차는 큰차는 조금 힘들거같아요 초보운전자나,2023.04.09,"70,000",대전광역시 유성구 테크노중앙로 69
에스앤나봄호텔,5,잘 쉬었어요,2023.03.29,"70,000",대전광역시 유성구 테크노중앙로 69
에스앤나봄호텔,4,잘쉬었다왔러요,2023.03.17,"70,000",대전광역시 유성구 테크노중앙로 69
에스앤나봄호텔,5,조식이 맛있어요,2023.03.13,"70,000",대전광역시 유성구 테크노중앙로 69
에스앤나봄호텔,5,가성비 좋습니다,2023.03.11,"70,000",대전광역시 유성구 테크노중앙로 69
에스앤나봄호텔,5,깨끗하고 친절했습니다,2023.03.06,"70,000",대전광역시 유성구 테크노중앙로 69
에스앤나봄호텔,4,가성비 좋습니다.,2023.03.04,"70,000",대전광역시 유성구 테크노중앙로 69
에스앤나봄호텔,5,잘쉬고 갑니다 ~,2023.03.01,"70,000",대전광역시 유성구 테크노중앙로 69
에스앤나봄호텔,5,편하게 잘 쉬었습니다,2023.02.20,"70,000",대전광역시 유성구 테크노중앙로 69
에스앤나봄호텔,5,"잘 쉬다 왔습니다~~ 
깔끔하고 로비에서 커피와 얼음, 물이 제공되어 좋았어요",2023.02.20,"70,000",대전광역시 유성구 테크노중앙로 69
에스앤나봄호텔,4,가격대비 짱요,2023.02.20,"70,000",대전광역시 유성구 테크노중앙로 69
에스앤나봄호텔,4,깨끗합니다..주변에 식당들도 많습니다,2023.02.19,"70,000",대전광역시 유성구 테크노중앙로 69
에스앤나봄호텔,5,좋아요 잘잤어요,2023.02.17,"70,000",대전광역시 유성구 테크노중앙로 69
에스앤나봄호텔,5,잘 쉬다 갑니다,2023.02.16,"70,000",대전광역시 유성구 테크노중앙로 69
에스앤나봄호텔,5,잘 쉬다 갑니다,2023.02.16,"70,000",대전광역시 유성구 테크노중앙로 69
에스앤나봄호텔,5,최고입니다,2023.02.09,"70,000",대전광역시 유성구 테크노중앙로 69
에스앤나봄호텔,4,깔끔해요. 주위에 식당이 별로 없는게 흠이네요.,2023.01.25,"70,000",대전광역시 유성구 테크노중앙로 69
에스앤나봄호텔,5,"깔끔하고 좋았어요
책상이 있어 출장온분들에게 적합해요",2023.01.14,"70,000",대전광역시 유성구 테크노중앙로 69
에스앤나봄호텔,5,편히 쉬었다가요,2023.01.08,"70,000",대전광역시 유성구 테크노중앙로 69
에스앤나봄호텔,5,"찜질방에 온것처럼 완전 따뜻했고, 온수도 콸콸콸 잘 나와서 좋았어요",2023.01.01,"70,000",대전광역시 유성구 테크노중앙로 69
에스앤나봄호텔,5,깔끔하고 좋아용,2022.12.28,"70,000",대전광역시 유성구 테크노중앙로 69
에스앤나봄호텔,4,주차장이 정말 별로에여.. 너무 좁아요,2022.12.25,"70,000",대전광역시 유성구 테크노중앙로 69
에스앤나봄호텔,5,어메니가 고급져요 편하게 쉬었어요,2022.12.20,"70,000",대전광역시 유성구 테크노중앙로 69
에스앤나봄호텔,5,두반째방문! 좋아요,2022.12.11,"70,000",대전광역시 유성구 테크노중앙로 69
에스앤나봄호텔,4,주차가 편리해서 좋은 호텔이예요. 주변의 편의시설도 이용하기 좋아요.,2022.11.28,"70,000",대전광역시 유성구 테크노중앙로 69
에스앤나봄호텔,5,감사합니다,2022.11.16,"70,000",대전광역시 유성구 테크노중앙로 69
에스앤나봄호텔,5,추천드립니다,2022.11.14,"70,000",대전광역시 유성구 테크노중앙로 69
에스앤나봄호텔,5,강추드립니당,2022.11.14,"70,000",대전광역시 유성구 테크노중앙로 69
에스앤나봄호텔,5,추천드립니다 관평동에서제일좋아요,2022.11.13,"70,000",대전광역시 유성구 테크노중앙로 69
에스앤나봄호텔,5,사진에 소개된 대로 입니다.,2022.11.12,"70,000",대전광역시 유성구 테크노중앙로 69
에스앤나봄호텔,5,사진에 소개된 대로 입니다.,2022.11.12,"70,000",대전광역시 유성구 테크노중앙로 69
에스앤나봄호텔,5,만족합니다,2022.11.10,"70,000",대전광역시 유성구 테크노중앙로 69
에스앤나봄호텔,5,적당한 가격 만족스럽네요,2022.11.08,"70,000",대전광역시 유성구 테크노중앙로 69
에스앤나봄호텔,5,번화가 근처에 있어 좋습니다,2022.11.03,"70,000",대전광역시 유성구 테크노중앙로 69
에스앤나봄호텔,5,출장시 좋은 숙소입니다 당구장도있음,2022.11.02,"70,000",대전광역시 유성구 테크노중앙로 69
에스앤나봄호텔,5,출장시 좋은 숙소입니다 당구장도있음,2022.11.02,"70,000",대전광역시 유성구 테크노중앙로 69
에스앤나봄호텔,5,출장시 좋은 숙소입니다 당구장도있음,2022.11.02,"70,000",대전광역시 유성구 테크노중앙로 69
에스앤나봄호텔,5,출장시 좋은 숙소입니다 당구장도있음,2022.11.02,"70,000",대전광역시 유성구 테크노중앙로 69
에스앤나봄호텔,5,주말 출장 잘 쉬다갑니다,2022.10.31,"70,000",대전광역시 유성구 테크노중앙로 69
에스앤나봄호텔,5,관평동에서는 여기만한데가 없죠,2022.10.31,"70,000",대전광역시 유성구 테크노중앙로 69
에스앤나봄호텔,5,관평동에서는 여기만한데가 없죠,2022.10.31,"70,000",대전광역시 유성구 테크노중앙로 69
에스앤나봄호텔,5,편히 쉬다 갑니다,2022.10.18,"70,000",대전광역시 유성구 테크노중앙로 69
에스앤나봄호텔,3,가성비좋고 잘쉬다갑니다,2022.10.18,"70,000",대전광역시 유성구 테크노중앙로 69
에스앤나봄호텔,5,좋아요 편해요,2022.10.15,"70,000",대전광역시 유성구 테크노중앙로 69
에스앤나봄호텔,5,참 좋았습니다,2022.10.14,"70,000",대전광역시 유성구 테크노중앙로 69
에스앤나봄호텔,5,편히 가족 여행하고 갑니다. 번창하세요.,2022.10.11,"70,000",대전광역시 유성구 테크노중앙로 69
에스앤나봄호텔,5,다 만족스럽게 이용하였습니다,2022.09.22,"70,000",대전광역시 유성구 테크노중앙로 69
에스앤나봄호텔,5,만족스럽게 이용하였습니다,2022.09.21,"70,000",대전광역시 유성구 테크노중앙로 69
에스앤나봄호텔,5,아주 좋았습니다^^,2022.09.19,"70,000",대전광역시 유성구 테크노중앙로 69
에스앤나봄호텔,5,추천합니다,2022.09.15,"70,000",대전광역시 유성구 테크노중앙로 69
에스앤나봄호텔,5,만족합니다,2022.09.15,"70,000",대전광역시 유성구 테크노중앙로 69
에스앤나봄호텔,5,청결하고 좋네요,2022.09.14,"70,000",대전광역시 유성구 테크노중앙로 69
에스앤나봄호텔,4,나쁘지 않습니다. 좋아요,2022.09.07,"70,000",대전광역시 유성구 테크노중앙로 69
에스앤나봄호텔,4,항상 출장 올때마다 만족스럽게 자고 있습니다 ~,2022.08.31,"70,000",대전광역시 유성구 테크노중앙로 69
에스앤나봄호텔,5,"편하게 잘 묵다가요~
접근성이 좋아서 더 편하게 지내고 온거 같아요",2022.08.27,"70,000",대전광역시 유성구 테크노중앙로 69
에스앤나봄호텔,4,깨끗하고 좋았어요~ 다시 방문할 의사 있어요~,2022.08.25,"70,000",대전광역시 유성구 테크노중앙로 69
에스앤나봄호텔,4,당구장 좋아요,2022.08.24,"70,000",대전광역시 유성구 테크노중앙로 69
에스앤나봄호텔,5,테라스방 최고에요,2022.08.22,"70,000",대전광역시 유성구 테크노중앙로 69
에스앤나봄호텔,5,가성비 좋아요,2022.08.22,"70,000",대전광역시 유성구 테크노중앙로 69
에스앤나봄호텔,5,아울렛과 가까워서 좋아요,2022.08.21,"70,000",대전광역시 유성구 테크노중앙로 69
에스앤나봄호텔,5,주변상권이 좋아요,2022.08.19,"70,000",대전광역시 유성구 테크노중앙로 69
에스앤나봄호텔,5,매우 깨끗합니다,2022.08.15,"70,000",대전광역시 유성구 테크노중앙로 69
에스앤나봄호텔,5,"깨끗했고 넓어서 좋았어요~
직원분도 친절하시고~ 좋았어요 욕조가 굳!!",2022.08.14,"70,000",대전광역시 유성구 테크노중앙로 69
에스앤나봄호텔,3,갈 곳이 없어서 묵었는데 그냥 그래요ㅎㅎ,2022.08.13,"70,000",대전광역시 유성구 테크노중앙로 69
에스앤나봄호텔,5,편히 쉬다 갑니다,2022.08.10,"70,000",대전광역시 유성구 테크노중앙로 69
에스앤나봄호텔,5,만족합니다,2022.08.08,"70,000",대전광역시 유성구 테크노중앙로 69
에스앤나봄호텔,1,가족 확진때문에 급히 예약은했지만 너무 퀄리테 떨어지는...담배냄새 심하고 최악,2022.08.07,"70,000",대전광역시 유성구 테크노중앙로 69
에스앤나봄호텔,5,잘쉬었습니다,2022.08.05,"70,000",대전광역시 유성구 테크노중앙로 69
에스앤나봄호텔,5,아주 좋았어요,2022.08.01,"70,000",대전광역시 유성구 테크노중앙로 69
에스앤나봄호텔,5,"편히 잘 쉬다 왔습니다.

다음에 또 이용 하겠습니다~~^^",2022.07.28,"70,000",대전광역시 유성구 테크노중앙로 69
에스앤나봄호텔,5,건물 외관도 깔끔하고 내부도 깔끔했습니다. 직원분들도 친절하고 좋았습니다,2022.07.28,"70,000",대전광역시 유성구 테크노중앙로 69
에스앤나봄호텔,5,깨끗하고 돟아요,2022.07.24,"70,000",대전광역시 유성구 테크노중앙로 69
에스앤나봄호텔,5,다시 가고싶을정도로 방도 완전깔끔하고 좋았어요!!!!재방문의사 500%,2022.07.19,"70,000",대전광역시 유성구 테크노중앙로 69
에스앤나봄호텔,5,주차장이 뒤에 지상으로도 있네요. 위치는 괜찮습니다. 밥집도 많고,2022.06.26,"70,000",대전광역시 유성구 테크노중앙로 69
에스앤나봄호텔,5,"조식도 괜찮고 편합니다
지하주차장 큰차는 힘들거같네요",2022.06.25,"70,000",대전광역시 유성구 테크노중앙로 69
에스앤나봄호텔,5,쾌적했어요,2022.06.19,"70,000",대전광역시 유성구 테크노중앙로 69
에스앤나봄호텔,5,잘 이용했습니다.,2022.06.12,"70,000",대전광역시 유성구 테크노중앙로 69
에스앤나봄호텔,5,적당히 좋네요,2022.05.24,"70,000",대전광역시 유성구 테크노중앙로 69
에스앤나봄호텔,5,회식끝나고 갔는데 너무 좋았어요! 직원분들도 친절하셨습니다!,2022.05.24,"70,000",대전광역시 유성구 테크노중앙로 69
에스앤나봄호텔,5,수고하셨습니다,2022.05.22,"70,000",대전광역시 유성구 테크노중앙로 69
에스앤나봄호텔,3,"예약을 했으나 확인이 안되서 기다리다 다른 방을 주셨음.
이유는 모르겠음.",2022.05.22,"70,000",대전광역시 유성구 테크노중앙로 69
에스앤나봄호텔,4,"재방문의사 있습니다^^
주변 편의시설이 좋아요~",2022.05.21,"70,000",대전광역시 유성구 테크노중앙로 69
에스앤나봄호텔,5,좋아요!!!,2022.05.21,"70,000",대전광역시 유성구 테크노중앙로 69
에스앤나봄호텔,5,괜찮아요 굿,2022.05.19,"70,000",대전광역시 유성구 테크노중앙로 69
에스앤나봄호텔,5,매우만족하였습니다.,2022.05.18,"70,000",대전광역시 유성구 테크노중앙로 69
에스앤나봄호텔,5,깨끗하고 좋아요,2022.05.18,"70,000",대전광역시 유성구 테크노중앙로 69
에스앤나봄호텔,4,괜찮았어요,2022.05.17,"70,000",대전광역시 유성구 테크노중앙로 69
에스앤나봄호텔,5,늘 잘 이용하고있습니다,2022.05.13,"70,000",대전광역시 유성구 테크노중앙로 69
에스앤나봄호텔,5,좋아요!!!,2022.05.11,"70,000",대전광역시 유성구 테크노중앙로 69
에스앤나봄호텔,5,출장 편안 깔끔 친절 다음에 또,2022.05.11,"70,000",대전광역시 유성구 테크노중앙로 69
에스앤나봄호텔,5,다음에 또 이용하겠습니다.,2022.05.10,"70,000",대전광역시 유성구 테크노중앙로 69
에스앤나봄호텔,4,다음번에도 또이용할게요.,2022.05.10,"70,000",대전광역시 유성구 테크노중앙로 69
에스앤나봄호텔,4,그냥 그랬어요 청소에 신경좀 써주시면 좋을듯해요,2022.05.03,"70,000",대전광역시 유성구 테크노중앙로 69
에스앤나봄호텔,5,숙소가 깨끗하고 좋았어요,2022.05.02,"70,000",대전광역시 유성구 테크노중앙로 69
에스앤나봄호텔,5,연속으로 자는 데 항상 편합니다.,2022.04.28,"70,000",대전광역시 유성구 테크노중앙로 69
에스앤나봄호텔,4,조식으로 복국주는 곧 첨봤어요 잘 쉬다 갑니다.,2022.04.28,"70,000",대전광역시 유성구 테크노중앙로 69
에스앤나봄호텔,5,.ㅇㅇㅇㅈ,2022.04.22,"70,000",대전광역시 유성구 테크노중앙로 69
에스앤나봄호텔,5,조용하고 깨끗해요,2022.04.21,"70,000",대전광역시 유성구 테크노중앙로 69
에스앤나봄호텔,5,출장 올 때 마다 매번 잘 이용하고 있어요 늘 깔끔합니다,2022.04.20,"70,000",대전광역시 유성구 테크노중앙로 69
에스앤나봄호텔,5,깔끔하고 좋았습니다 ^-^,2022.04.18,"70,000",대전광역시 유성구 테크노중앙로 69
에스앤나봄호텔,3,"깔끔하고 나쁘지않아서 1박하기 좋아요.
주변에 마땅히 갈데가 없어요.",2022.04.13,"70,000",대전광역시 유성구 테크노중앙로 69
에스앤나봄호텔,5,편하게 푹 쉬고 왔어요,2022.04.04,"70,000",대전광역시 유성구 테크노중앙로 69
에스앤나봄호텔,5,번창하세요~,2022.04.02,"70,000",대전광역시 유성구 테크노중앙로 69
에스앤나봄호텔,5,괜찮았어요,2022.04.01,"70,000",대전광역시 유성구 테크노중앙로 69
에스앤나봄호텔,5,좋습니닼ㅋ,2022.03.19,"70,000",대전광역시 유성구 테크노중앙로 69
에스앤나봄호텔,5,출장때마다 잘 이용하고있어요,2022.03.17,"70,000",대전광역시 유성구 테크노중앙로 69
에스앤나봄호텔,3,"주변에 식당이 많아요 
온도조절기능이 없었어요",2022.03.15,"70,000",대전광역시 유성구 테크노중앙로 69
에스앤나봄호텔,4,너무 좋았어요! 근데 많이 더워요.. ㅠㅠ,2022.03.14,"70,000",대전광역시 유성구 테크노중앙로 69
에스앤나봄호텔,4,발렛파킹이 안되서 아쉬웠어요,2022.03.07,"70,000",대전광역시 유성구 테크노중앙로 69
에스앤나봄호텔,5,쿠폰활성화로 할인율 높게 했으면 좋겠습니다,2022.03.06,"70,000",대전광역시 유성구 테크노중앙로 69
에스앤나봄호텔,5,방도 따뜻하고 깨끗해요!,2022.01.21,"70,000",대전광역시 유성구 테크노중앙로 69
에스앤나봄호텔,5,좋은 사람끼리 잘 갔다가 왔어요,2022.01.20,"70,000",대전광역시 유성구 테크노중앙로 69
에스앤나봄호텔,4,위치가 마음에 들었습니다.,2021.12.31,"70,000",대전광역시 유성구 테크노중앙로 69
에스앤나봄호텔,5,가성비 좋네요,2021.12.23,"70,000",대전광역시 유성구 테크노중앙로 69
에스앤나봄호텔,5,넓고 엄청 좋아요~~,2021.12.23,"70,000",대전광역시 유성구 테크노중앙로 69
에스앤나봄호텔,5,항상좋아요,2021.12.17,"70,000",대전광역시 유성구 테크노중앙로 69
에스앤나봄호텔,5,깔끔하고 좋아요! 추천합니다🤗,2021.12.02,"70,000",대전광역시 유성구 테크노중앙로 69
에스앤나봄호텔,5,항상 출장때마다 이용해요 좋습니다ㅠㅠ,2021.12.02,"70,000",대전광역시 유성구 테크노중앙로 69
에스앤나봄호텔,4,청결하고 좋아요,2021.11.27,"70,000",대전광역시 유성구 테크노중앙로 69
에스앤나봄호텔,5,잘만합니다 재방문의사 있음,2021.11.23,"70,000",대전광역시 유성구 테크노중앙로 69
에스앤나봄호텔,4,다 괜찮은데 방 환기에 더 신경써주셨으면..,2021.11.22,"70,000",대전광역시 유성구 테크노중앙로 69
에스앤나봄호텔,5,따뜻하고 괜찮았습니다 다음에 다시 방문할 의향 있습니다!,2021.11.10,"70,000",대전광역시 유성구 테크노중앙로 69
에스앤나봄호텔,5,요즘 쌀쌀한데 룸이 따뜻해서 참 좋았습니다,2021.11.03,"70,000",대전광역시 유성구 테크노중앙로 69
에스앤나봄호텔,5,너무좋라요,2021.10.25,"70,000",대전광역시 유성구 테크노중앙로 69
에스앤나봄호텔,5,위치도 좋고 깔끔해요,2021.10.22,"70,000",대전광역시 유성구 테크노중앙로 69
에스앤나봄호텔,5,깔끔하고 방풍이 잘되어서 따뜻하게 잘묵었습니다,2021.10.18,"70,000",대전광역시 유성구 테크노중앙로 69
에스앤나봄호텔,5,방 넓고 컴퓨터 있음,2021.10.12,"70,000",대전광역시 유성구 테크노중앙로 69
에스앤나봄호텔,3,무난하게 2박정도 하기 괜찮은거 같아요,2021.09.27,"70,000",대전광역시 유성구 테크노중앙로 69
에스앤나봄호텔,5,"금연구역이라 냄새도 없고 숙소도 깨끗합니다
그리고 주변 식당도 많아서 좋아요",2021.09.27,"70,000",대전광역시 유성구 테크노중앙로 69
에스앤나봄호텔,3,깨끗하고 좋았어요,2021.09.08,"70,000",대전광역시 유성구 테크노중앙로 69
에스앤나봄호텔,5,편했는데 청결은 좀 ㅠ머리카락이 계속나왓어여ㅠ,2021.08.30,"70,000",대전광역시 유성구 테크노중앙로 69
에스앤나봄호텔,4,침대가 좀 딱딱해서 불편한거빼곤좋아요,2021.08.30,"70,000",대전광역시 유성구 테크노중앙로 69
에스앤나봄호텔,4,컴퓨터가 넘 느려요..ㅠ.ㅠ,2021.08.12,"70,000",대전광역시 유성구 테크노중앙로 69
에스앤나봄호텔,5,깨끗하고 친절해요,2021.08.06,"70,000",대전광역시 유성구 테크노중앙로 69
에스앤나봄호텔,5,"출장때 자주 이용하는디, 항상 만족하고 깨끗합니다. 조식이 빨리 정상화되면 좋겠네요~",2021.07.15,"70,000",대전광역시 유성구 테크노중앙로 69
에스앤나봄호텔,5,"아주 좋았습니다.
덕분에 푹쉬고 나올수 있었어요",2021.07.12,"70,000",대전광역시 유성구 테크노중앙로 69
에스앤나봄호텔,5,너무 편했어요 직원분도 친절하시고 다음에 또 이용하고싶네요,2021.06.28,"70,000",대전광역시 유성구 테크노중앙로 69
에스앤나봄호텔,1,"수건에 똥같은거 묻어있었어요
사진이랑 실제 객실이랑 완전달라요",2021.06.20,"70,000",대전광역시 유성구 테크노중앙로 69
에스앤나봄호텔,5,전반적으로 깨끗하고 좋았습니다,2021.06.13,"70,000",대전광역시 유성구 테크노중앙로 69
에스앤나봄호텔,5,잘 쉬고 갑니다,2021.06.13,"70,000",대전광역시 유성구 테크노중앙로 69
에스앤나봄호텔,5,출장가면 항상 묵는 호텔 ..최고입니다,2021.06.10,"70,000",대전광역시 유성구 테크노중앙로 69
에스앤나봄호텔,5,위치도 좋고 다 좋아서 편하게 쉬고갑니다,2021.06.09,"70,000",대전광역시 유성구 테크노중앙로 69
에스앤나봄호텔,4,가성비 좋습니다,2021.06.05,"70,000",대전광역시 유성구 테크노중앙로 69
에스앤나봄호텔,5,굿굿굿 재방문 쌉가능,2021.06.04,"70,000",대전광역시 유성구 테크노중앙로 69
에스앤나봄호텔,5,잘쉬다갑니다 ㅎㅎ,2021.05.31,"70,000",대전광역시 유성구 테크노중앙로 69
에스앤나봄호텔,3,좋은 숙소였습니다,2021.05.31,"70,000",대전광역시 유성구 테크노중앙로 69
에스앤나봄호텔,5,깨끗하고 친절해요,2021.05.25,"70,000",대전광역시 유성구 테크노중앙로 69
에스앤나봄호텔,3,수압이 너무 약하고 제공되는 수건이 너무 적어요,2021.05.11,"70,000",대전광역시 유성구 테크노중앙로 69
에스앤나봄호텔,3,금연객실인데 들어갔더니 담배냄새가 나서 불쾌했습니다.,2021.05.09,"70,000",대전광역시 유성구 테크노중앙로 69
에스앤나봄호텔,4,잘 쉬었다 갑니다,2021.05.07,"70,000",대전광역시 유성구 테크노중앙로 69
에스앤나봄호텔,4,깨끗한 시설에서 따뜻하게 잘자고~,2021.05.05,"70,000",대전광역시 유성구 테크노중앙로 69
에스앤나봄호텔,4,좋았습니다,2021.05.01,"70,000",대전광역시 유성구 테크노중앙로 69
에스앤나봄호텔,5,좋습니다요,2021.04.23,"70,000",대전광역시 유성구 테크노중앙로 69
에스앤나봄호텔,5,조용조용합니다,2021.04.20,"70,000",대전광역시 유성구 테크노중앙로 69
에스앤나봄호텔,5,잘묵었어용!,2021.04.20,"70,000",대전광역시 유성구 테크노중앙로 69
에스앤나봄호텔,4,좋은 경험이었습니다,2021.04.15,"70,000",대전광역시 유성구 테크노중앙로 69
에스앤나봄호텔,5,매우만족하고갑니다.,2021.04.13,"70,000",대전광역시 유성구 테크노중앙로 69
에스앤나봄호텔,4,"화장실 문이 없는게 아쉽지만 테라스
굿",2021.04.05,"70,000",대전광역시 유성구 테크노중앙로 69
에스앤나봄호텔,4,깨끗하고 좋으나 조금 올드한느낌,2021.03.27,"70,000",대전광역시 유성구 테크노중앙로 69
에스앤나봄호텔,4,조용한 위치라서 좋네요^^,2021.03.27,"70,000",대전광역시 유성구 테크노중앙로 69
에스앤나봄호텔,5,깔끔하고 주차장 넓어서 좋아요,2021.03.22,"70,000",대전광역시 유성구 테크노중앙로 69
에스앤나봄호텔,5,항상좋아요,2021.03.19,"70,000",대전광역시 유성구 테크노중앙로 69
에스앤나봄호텔,4,다음에도 또 가고 싶어요,2021.03.17,"70,000",대전광역시 유성구 테크노중앙로 69
에스앤나봄호텔,4,친절하고 깔끔한 시설이에요,2021.03.17,"70,000",대전광역시 유성구 테크노중앙로 69
에스앤나봄호텔,4,가격대비 좋아요,2021.03.17,"70,000",대전광역시 유성구 테크노중앙로 69
에스앤나봄호텔,3,가격대비굿,2021.03.13,"70,000",대전광역시 유성구 테크노중앙로 69
에스앤나봄호텔,5,친절하고 근처에 음식점이 많았다.,2021.03.12,"70,000",대전광역시 유성구 테크노중앙로 69
에스앤나봄호텔,5,좋아용 깨끗하고,2021.03.11,"70,000",대전광역시 유성구 테크노중앙로 69
에스앤나봄호텔,5,깔끔하고 친절합니다.,2021.03.03,"70,000",대전광역시 유성구 테크노중앙로 69
에스앤나봄호텔,5,"도어락이 고장났는데 바로 수리해주셔서 감사했어요.
침대는 좀 딱딱했어요ㅠㅠ",2021.03.01,"70,000",대전광역시 유성구 테크노중앙로 69
에스앤나봄호텔,5,깨끗하고 좋았습니다 먹자골목이 건너편에 있어서 저녁먹고 숙소와서 쉬기에도 좋았습니다,2021.02.28,"70,000",대전광역시 유성구 테크노중앙로 69
에스앤나봄호텔,5,최고입니다,2021.02.26,"70,000",대전광역시 유성구 테크노중앙로 69
에스앤나봄호텔,5,"깔끔하고 간단한 아침식사도 무료 제공
만족합니다",2021.02.26,"70,000",대전광역시 유성구 테크노중앙로 69
에스앤나봄호텔,4,깔끔하고 편리했어요,2021.02.25,"70,000",대전광역시 유성구 테크노중앙로 69
에스앤나봄호텔,5,출장으로는 딱,2021.02.23,"70,000",대전광역시 유성구 테크노중앙로 69
에스앤나봄호텔,5,잘 머물렀습니다.,2021.02.23,"70,000",대전광역시 유성구 테크노중앙로 69
에스앤나봄호텔,5,좋았어여어어어,2021.02.22,"70,000",대전광역시 유성구 테크노중앙로 69
에스앤나봄호텔,4,편했었습니다,2021.02.19,"70,000",대전광역시 유성구 테크노중앙로 69
에스앤나봄호텔,4,감사합니다,2021.02.12,"70,000",대전광역시 유성구 테크노중앙로 69
에스앤나봄호텔,4,관평동에 몇개 없는 호텔입니다,2021.02.11,"70,000",대전광역시 유성구 테크노중앙로 69
에스앤나봄호텔,5,너무친절하시네요 감사합니다,2021.02.06,"70,000",대전광역시 유성구 테크노중앙로 69
에스앤나봄호텔,5,만족합니다,2021.02.04,"70,000",대전광역시 유성구 테크노중앙로 69
에스앤나봄호텔,5,항상 최고예요,2021.02.02,"70,000",대전광역시 유성구 테크노중앙로 69
에스앤나봄호텔,5,깨끗하고 친절해요,2021.01.30,"70,000",대전광역시 유성구 테크노중앙로 69
에스앤나봄호텔,4,친절하고 깔끔한시설,2021.01.29,"70,000",대전광역시 유성구 테크노중앙로 69
에스앤나봄호텔,5,엔간해용ㅎ,2021.01.26,"70,000",대전광역시 유성구 테크노중앙로 69
에스앤나봄호텔,5,갈때마다 좋아요,2021.01.24,"70,000",대전광역시 유성구 테크노중앙로 69
에스앤나봄호텔,5,친절하구 깨끗하구 좋아요!,2021.01.23,"70,000",대전광역시 유성구 테크노중앙로 69
에스앤나봄호텔,5,잘쉬다갑니다,2021.01.22,"70,000",대전광역시 유성구 테크노중앙로 69
에스앤나봄호텔,5,최고입니다,2021.01.16,"70,000",대전광역시 유성구 테크노중앙로 69
에스앤나봄호텔,5,수압이 약한거 빼고는 좋았어요,2021.01.14,"70,000",대전광역시 유성구 테크노중앙로 69
에스앤나봄호텔,5,깔끔하고 친절했습니다,2021.01.14,"70,000",대전광역시 유성구 테크노중앙로 69
에스앤나봄호텔,5,신축건물같고 시설깔끔했어요~^^,2021.01.13,"70,000",대전광역시 유성구 테크노중앙로 69
에스앤나봄호텔,5,깔끔하고 가성비 굿,2021.01.04,"70,000",대전광역시 유성구 테크노중앙로 69
에스앤나봄호텔,5,깨끗하고 좋아요 ㅎㅎ,2020.12.30,"70,000",대전광역시 유성구 테크노중앙로 69
에스앤나봄호텔,5,잘 응대해줘요,2020.12.26,"70,000",대전광역시 유성구 테크노중앙로 69
에스앤나봄호텔,5,잘 머물다갑니다,2020.12.26,"70,000",대전광역시 유성구 테크노중앙로 69
에스앤나봄호텔,5,서비스도좋았습니다,2020.12.20,"70,000",대전광역시 유성구 테크노중앙로 69
에스앤나봄호텔,4,편리하고좋았습니다,2020.12.20,"70,000",대전광역시 유성구 테크노중앙로 69
에스앤나봄호텔,5,매우좋았습니다,2020.12.20,"70,000",대전광역시 유성구 테크노중앙로 69
에스앤나봄호텔,4,매우좋았습니다,2020.12.20,"70,000",대전광역시 유성구 테크노중앙로 69
에스앤나봄호텔,4,깨끗한시설 좋았습니다,2020.12.20,"70,000",대전광역시 유성구 테크노중앙로 69
에스앤나봄호텔,4,편리하고 좋았습니다,2020.12.20,"70,000",대전광역시 유성구 테크노중앙로 69
에스앤나봄호텔,4,매우좋았습니다,2020.12.20,"70,000",대전광역시 유성구 테크노중앙로 69
에스앤나봄호텔,4,매우좋았습니다,2020.12.20,"70,000",대전광역시 유성구 테크노중앙로 69
에스앤나봄호텔,4,주변 식당들도 많고 편리하게이용했습니다,2020.12.20,"70,000",대전광역시 유성구 테크노중앙로 69
에스앤나봄호텔,5,깨끗하고 친절하고 편의시설도 좋았습니다,2020.12.20,"70,000",대전광역시 유성구 테크노중앙로 69
에스앤나봄호텔,5,깨끗하고 친절하고 좋았습니다,2020.12.20,"70,000",대전광역시 유성구 테크노중앙로 69
에스앤나봄호텔,5,친절하고 깨끗하고 좋아요,2020.12.05,"70,000",대전광역시 유성구 테크노중앙로 69
에스앤나봄호텔,5,ㅓ좋아여 ㅋㅋㅋ 기대안핬는데 접근성좋구 잠시머무르기 좋네요 ㅎㅎ,2020.12.05,"70,000",대전광역시 유성구 테크노중앙로 69
에스앤나봄호텔,3,좋은데 좀 추워요,2020.11.29,"70,000",대전광역시 유성구 테크노중앙로 69
에스앤나봄호텔,4,좋습니다유,2020.11.19,"70,000",대전광역시 유성구 테크노중앙로 69
에스앤나봄호텔,4,좋네요 좋어,2020.11.19,"70,000",대전광역시 유성구 테크노중앙로 69
에스앤나봄호텔,5,깔끔하고 시설이 좋았어요. 무난합니다,2020.11.19,"70,000",대전광역시 유성구 테크노중앙로 69
에스앤나봄호텔,5,깔끔하고 따뜻하고 시설 좋네요!,2020.11.15,"70,000",대전광역시 유성구 테크노중앙로 69
에스앤나봄호텔,3,나름좋아요.청결하고 직원 친절하고.,2020.11.08,"70,000",대전광역시 유성구 테크노중앙로 69
에스앤나봄호텔,4,시설은 특별한것은 없지만 여유로운 공간과 깔끔한 물품이 괜찮았음,2020.11.08,"70,000",대전광역시 유성구 테크노중앙로 69
에스앤나봄호텔,3,비지니스호텔. 딱임,2020.11.01,"70,000",대전광역시 유성구 테크노중앙로 69
에스앤나봄호텔,5,난방은 잘 되네요~~ 잘 쉬다ㅡ갑니다.,2020.10.25,"70,000",대전광역시 유성구 테크노중앙로 69
에스앤나봄호텔,5,다음에 또 이용할게요,2020.10.08,"70,000",대전광역시 유성구 테크노중앙로 69
에스앤나봄호텔,5,친절하고 좋았어요~ 재방문의사 있어요,2020.10.07,"70,000",대전광역시 유성구 테크노중앙로 69
에스앤나봄호텔,3,굳이에요 굳굳굳,2020.09.17,"70,000",대전광역시 유성구 테크노중앙로 69
에스앤나봄호텔,5,관평동 에서는 넘사벽 제일 좋음ㅋㅋㅋㅋ,2020.08.24,"70,000",대전광역시 유성구 테크노중앙로 69
에스앤나봄호텔,5,너무나 편한 잠 자고 갑니다~,2020.08.20,"70,000",대전광역시 유성구 테크노중앙로 69
에스앤나봄호텔,5,깔끔합니다,2020.08.16,"70,000",대전광역시 유성구 테크노중앙로 69
에스앤나봄호텔,5,가성비 좋은 호텔입니다,2020.08.05,"70,000",대전광역시 유성구 테크노중앙로 69
에스앤나봄호텔,5,"깨끗하고 좋습니당!!!!!ㅋㅋㅋㅋㅋ
가격만 저렴하다면 또 ㅎ",2020.07.19,"70,000",대전광역시 유성구 테크노중앙로 69
에스앤나봄호텔,4,가격대비 좋아요,2020.06.19,"70,000",대전광역시 유성구 테크노중앙로 69
에스앤나봄호텔,5,"위치, 시설 정말 좋고 깨끗해요! 뷰도 좋아요",2020.06.02,"70,000",대전광역시 유성구 테크노중앙로 69
에스앤나봄호텔,5,좋습니다.,2020.06.01,"70,000",대전광역시 유성구 테크노중앙로 69
에스앤나봄호텔,5,너무 좋았어요,2020.05.29,"70,000",대전광역시 유성구 테크노중앙로 69
에스앤나봄호텔,5,만족합니다,2020.05.17,"70,000",대전광역시 유성구 테크노중앙로 69
에스앤나봄호텔,4,테라스가 넘 좋았어요,2020.05.10,"70,000",대전광역시 유성구 테크노중앙로 69
에스앤나봄호텔,5,깨끗하고 주차도 편해서 좋습니다,2020.05.04,"70,000",대전광역시 유성구 테크노중앙로 69
에스앤나봄호텔,5,깔끔한데 주차장 너무좁아요,2020.04.25,"70,000",대전광역시 유성구 테크노중앙로 69
에스앤나봄호텔,5,항상깨끗하고좋아요,2020.04.19,"70,000",대전광역시 유성구 테크노중앙로 69
에스앤나봄호텔,4,조아용 ㅎ,2020.04.19,"70,000",대전광역시 유성구 테크노중앙로 69
에스앤나봄호텔,5,저번에 방음때문에 별로였었는데 이번에 묵었을때 하루 하구서 좋아서 이틀추가로 묵음,2020.03.30,"70,000",대전광역시 유성구 테크노중앙로 69
에스앤나봄호텔,4,깨끗하고 좋아요,2020.03.19,"70,000",대전광역시 유성구 테크노중앙로 69
에스앤나봄호텔,1,ㅎㅎㅎㅎㅎ,2020.03.07,"70,000",대전광역시 유성구 테크노중앙로 69
에스앤나봄호텔,4,편안히 쉬었습니다,2020.02.29,"70,000",대전광역시 유성구 테크노중앙로 69
에스앤나봄호텔,5,잘있다왔어용~,2020.02.15,"70,000",대전광역시 유성구 테크노중앙로 69
에스앤나봄호텔,4,깔끔하고 깨끗해요,2020.02.09,"70,000",대전광역시 유성구 테크노중앙로 69
에스앤나봄호텔,4,잘묵고왔습니당 ~,2020.01.26,"70,000",대전광역시 유성구 테크노중앙로 69
에스앤나봄호텔,4,샤워실 문이 없어서 샤워하는소리를 적나라하게 들을수있습니다.,2020.01.26,"70,000",대전광역시 유성구 테크노중앙로 69
에스앤나봄호텔,4,폼클렌징이 없어서 비누로 얼굴 닦았어요..,2020.01.19,"70,000",대전광역시 유성구 테크노중앙로 69
에스앤나봄호텔,4,굳~~~~~,2020.01.19,"70,000",대전광역시 유성구 테크노중앙로 69
에스앤나봄호텔,5,깔끔한 객실과 서비스~~^ 대만족 입니다.,2020.01.15,"70,000",대전광역시 유성구 테크노중앙로 69
에스앤나봄호텔,5,늘 깔끔하고 좋아용 ! 잘 머물다왔습니당,2020.01.14,"70,000",대전광역시 유성구 테크노중앙로 69
에스앤나봄호텔,4,괜찮네용 ㅎㅍ,2020.01.06,"70,000",대전광역시 유성구 테크노중앙로 69
에스앤나봄호텔,5,음식점 술집 인근해있어 편리합니다,2020.01.06,"70,000",대전광역시 유성구 테크노중앙로 69
에스앤나봄호텔,5,조아요 굿굿,2020.01.05,"70,000",대전광역시 유성구 테크노중앙로 69
에스앤나봄호텔,5,좋아요^^,2020.01.05,"70,000",대전광역시 유성구 테크노중앙로 69
에스앤나봄호텔,5,좋아요^^,2020.01.05,"70,000",대전광역시 유성구 테크노중앙로 69
에스앤나봄호텔,4,잘 쉬다가 갔습니다,2020.01.03,"70,000",대전광역시 유성구 테크노중앙로 69
에스앤나봄호텔,5,여기 최고네요@!!회사근처억 이렇게 좋은곳이 있었다니!!,2019.12.31,"70,000",대전광역시 유성구 테크노중앙로 69
에스앤나봄호텔,5,좋아요^^,2019.12.31,"70,000",대전광역시 유성구 테크노중앙로 69
에스앤나봄호텔,5,먹자골목과 편의시설이 다 가까워서 좋았어요,2019.12.30,"70,000",대전광역시 유성구 테크노중앙로 69
에스앤나봄호텔,5,잘묵고왔어용,2019.12.28,"70,000",대전광역시 유성구 테크노중앙로 69
에스앤나봄호텔,4,편안히 잘 쉬었습니다,2019.12.23,"70,000",대전광역시 유성구 테크노중앙로 69
에스앤나봄호텔,4,무난했습니다,2019.12.17,"70,000",대전광역시 유성구 테크노중앙로 69
에스앤나봄호텔,5,가격 서비스 조식 3박자 고루갖춤 앞에 별다방있음 완벽그자체,2019.12.15,"70,000",대전광역시 유성구 테크노중앙로 69
에스앤나봄호텔,5,ㅎㅎㅎㅎㅎ,2019.12.14,"70,000",대전광역시 유성구 테크노중앙로 69
에스앤나봄호텔,5,완젼대박좋아여,2019.12.08,"70,000",대전광역시 유성구 테크노중앙로 69
에스앤나봄호텔,4,잘 쉬다갔습니다,2019.12.07,"70,000",대전광역시 유성구 테크노중앙로 69
에스앤나봄호텔,5,야놀자 덕분 큰 객실을 일반 객실 가격으로 예약 했습니다~~^,2019.11.01,"70,000",대전광역시 유성구 테크노중앙로 69
에스앤나봄호텔,5,늘 편안하게 이용하고 갑니다.,2019.10.22,"70,000",대전광역시 유성구 테크노중앙로 69
에스앤나봄호텔,5,좋아요!!,2019.10.21,"70,000",대전광역시 유성구 테크노중앙로 69
에스앤나봄호텔,5,조아요 굿굿,2019.10.21,"70,000",대전광역시 유성구 테크노중앙로 69
에스앤나봄호텔,5,깔끔해요 굿,2019.10.16,"70,000",대전광역시 유성구 테크노중앙로 69
에스앤나봄호텔,5,잘 쉬었다 갑니다,2019.10.15,"70,000",대전광역시 유성구 테크노중앙로 69
에스앤나봄호텔,5,좋아요굿굿,2019.10.12,"70,000",대전광역시 유성구 테크노중앙로 69
에스앤나봄호텔,5,편히 쉬다갑니당,2019.09.24,"70,000",대전광역시 유성구 테크노중앙로 69
에스앤나봄호텔,5,에어컨 빵빵,2019.08.12,"70,000",대전광역시 유성구 테크노중앙로 69
에스앤나봄호텔,5,편안히 묵었습니다,2019.08.05,"70,000",대전광역시 유성구 테크노중앙로 69
에스앤나봄호텔,4,잘 머물렀습니다,2019.08.01,"70,000",대전광역시 유성구 테크노중앙로 69
에스앤나봄호텔,4,좋았습니다,2019.07.29,"70,000",대전광역시 유성구 테크노중앙로 69
에스앤나봄호텔,5,편안하게 묵고갑니당.,2019.07.27,"70,000",대전광역시 유성구 테크노중앙로 69
에스앤나봄호텔,5,깨끗하고 친전했음,2019.07.20,"70,000",대전광역시 유성구 테크노중앙로 69
에스앤나봄호텔,5,출장차 자주이용 아주 좋아요,2019.06.26,"70,000",대전광역시 유성구 테크노중앙로 69
에스앤나봄호텔,5,직원들의 응대가 친절했습니다,2019.05.21,"70,000",대전광역시 유성구 테크노중앙로 69
에스앤나봄호텔,3,딱 가격만큼..,2019.05.14,"70,000",대전광역시 유성구 테크노중앙로 69
에스앤나봄호텔,4,가성비 조아요,2019.03.29,"70,000",대전광역시 유성구 테크노중앙로 69
에스앤나봄호텔,5,"여기 좋습니다.
근처에 놀곳도많고
깨끗하고 편하고
조식도 맛있습니다.",2019.03.21,"70,000",대전광역시 유성구 테크노중앙로 69
에스앤나봄호텔,5,조식이 훌륭하고 매우 친절합니다.,2019.02.26,"70,000",대전광역시 유성구 테크노중앙로 69
에스앤나봄호텔,5,주차장 넓어서 좋았고 근처에 밥 먹을 곳도 많아서 좋았습니다.,2019.02.26,"70,000",대전광역시 유성구 테크노중앙로 69
에스앤나봄호텔,5,전체적으로 마음에 들었어요 특히나 조식 기대하나도 안했는데 너무 괜찮았습니다!!,2019.01.31,"70,000",대전광역시 유성구 테크노중앙로 69
에스앤나봄호텔,5,좋습니다. ㅎㅎ,2019.01.31,"70,000",대전광역시 유성구 테크노중앙로 69
에스앤나봄호텔,5,"두번째 이용인데 객실 깨끗하고 직원 친절한고
조식까지 굿입니다.",2019.01.27,"70,000",대전광역시 유성구 테크노중앙로 69
에스앤나봄호텔,5,아주아주조아요,2019.01.27,"70,000",대전광역시 유성구 테크노중앙로 69
에스앤나봄호텔,5,아주좋아요,2019.01.27,"70,000",대전광역시 유성구 테크노중앙로 69
에스앤나봄호텔,4,"좋네요
조식도 괜찮아요",2019.01.26,"70,000",대전광역시 유성구 테크노중앙로 69
에스앤나봄호텔,5,저렴한가격에 조식도 맛있고 전체적으로 좋았습니다,2019.01.25,"70,000",대전광역시 유성구 테크노중앙로 69
에스앤나봄호텔,5,깔끔하고 좋았습니다,2019.01.22,"70,000",대전광역시 유성구 테크노중앙로 69
에스앤나봄호텔,5,조식은 괜춘ㅋ화장실문없음ㅋㅋ,2018.12.25,"70,000",대전광역시 유성구 테크노중앙로 69
에스앤나봄호텔,4,"난방이 안되어서 요청했지만
새벽에는...이불밖에서는 찬바람에 입김이...ㅠ",2018.12.25,"70,000",대전광역시 유성구 테크노중앙로 69
에스앤나봄호텔,4,ㄱㄴㄷㅇㅂ,2018.12.24,"70,000",대전광역시 유성구 테크노중앙로 69
에스앤나봄호텔,3,"밤에 추웠어요!
히터를 틀면
너무 건조했어요!
건조하지 않게 해주세요!",2018.12.01,"70,000",대전광역시 유성구 테크노중앙로 69
에스앤나봄호텔,5,서비스가 좋았어요.^^,2018.11.21,"70,000",대전광역시 유성구 테크노중앙로 69
에스앤나봄호텔,4,"시설이 잘되어 있고, 주변에서 가장 괜찮아요!",2018.11.20,"70,000",대전광역시 유성구 테크노중앙로 69
에스앤나봄호텔,5,편히 쉬다갑니다,2018.07.22,"70,000",대전광역시 유성구 테크노중앙로 69
에스앤나봄호텔,5,편히 쉬다갑니다,2018.07.22,"70,000",대전광역시 유성구 테크노중앙로 69
에스앤나봄호텔,5,잘쉬다갑니다,2018.07.21,"70,000",대전광역시 유성구 테크노중앙로 69
에스앤나봄호텔,5,주변에 먹을게 없어ㅠ,2018.07.10,"70,000",대전광역시 유성구 테크노중앙로 69
에스앤나봄호텔,4,다른건 다 좋았는데 바닥에 먼지가 많아서 아쉬웠습니다,2018.07.09,"70,000",대전광역시 유성구 테크노중앙로 69
에스앤나봄호텔,5,조식도 맛있고 직원불들도 친절하십니다,2018.07.09,"70,000",대전광역시 유성구 테크노중앙로 69
에스앤나봄호텔,4,항상 깨끗하고 정리가 잘되있어서 좋아요,2018.06.09,"70,000",대전광역시 유성구 테크노중앙로 69
에스앤나봄호텔,5,깔끔하고 좋아요,2018.06.08,"70,000",대전광역시 유성구 테크노중앙로 69
에스앤나봄호텔,5,깔끔하고 좋아요,2018.05.26,"70,000",대전광역시 유성구 테크노중앙로 69
에스앤나봄호텔,5,깨끗하고 좋음,2018.05.19,"70,000",대전광역시 유성구 테크노중앙로 69
에스앤나봄호텔,4,조식못먹고나와서 아쉬웠지만 깔끔하고 좋았어요,2018.05.19,"70,000",대전광역시 유성구 테크노중앙로 69
에스앤나봄호텔,4,교통도좋고 바로앞에 먹거리가많고 조식도 괜찮아용^^♡,2018.05.19,"70,000",대전광역시 유성구 테크노중앙로 69
에스앤나봄호텔,4,깔끔하고 좋아요~,2018.05.15,"70,000",대전광역시 유성구 테크노중앙로 69
에스앤나봄호텔,4,깔끔하고 좋아요,2018.05.15,"70,000",대전광역시 유성구 테크노중앙로 69
에스앤나봄호텔,4,깔끔하고 좋아요,2018.05.14,"70,000",대전광역시 유성구 테크노중앙로 69
에스앤나봄호텔,5,넘나좋아요,2018.05.10,"70,000",대전광역시 유성구 테크노중앙로 69
에스앤나봄호텔,5,깨끗해서 좋았습니다,2018.05.09,"70,000",대전광역시 유성구 테크노중앙로 69
에스앤나봄호텔,4,비지니스차 항상 머물게되는 호텔~,2018.05.08,"70,000",대전광역시 유성구 테크노중앙로 69
에스앤나봄호텔,4,주변의 호텔보다 깨끗해요,2018.05.08,"70,000",대전광역시 유성구 테크노중앙로 69
에스앤나봄호텔,4,청결하고 방음 잘되고~,2018.05.08,"70,000",대전광역시 유성구 테크노중앙로 69
에스앤나봄호텔,5,편히 쉬다갑니다,2018.04.30,"70,000",대전광역시 유성구 테크노중앙로 69
에스앤나봄호텔,5,편히 쉬다갑니다,2018.04.30,"70,000",대전광역시 유성구 테크노중앙로 69
에스앤나봄호텔,5,"좋앗어요
조식도 괜찮네요 하하",2018.04.28,"70,000",대전광역시 유성구 테크노중앙로 69
에스앤나봄호텔,4,"방음 잘되고~ 깔끔합니다~ 냄새도 안나요~
다만 비품들이 좀 그렇다는~",2018.04.25,"70,000",대전광역시 유성구 테크노중앙로 69
에스앤나봄호텔,4,좋았어요^^,2018.04.08,"70,000",대전광역시 유성구 테크노중앙로 69
에스앤나봄호텔,5,너무좋아요,2018.01.14,"70,000",대전광역시 유성구 테크노중앙로 69
에스앤나봄호텔,5,조식굿이요~^^,2018.01.07,"70,000",대전광역시 유성구 테크노중앙로 69
에스앤나봄호텔,5,친절하고 너무 좋았습니다 ^^,2018.01.06,"70,000",대전광역시 유성구 테크노중앙로 69
에스앤나봄호텔,5,깨끗하니 조식도좋아요,2018.01.06,"70,000",대전광역시 유성구 테크노중앙로 69
에스앤나봄호텔,4,깔끔하고 좋았어요,2017.12.26,"70,000",대전광역시 유성구 테크노중앙로 69
에스앤나봄호텔,4,깔끔해요옹,2017.12.25,"70,000",대전광역시 유성구 테크노중앙로 69
에스앤나봄호텔,5,아주아주좋았습니다,2017.12.24,"70,000",대전광역시 유성구 테크노중앙로 69
에스앤나봄호텔,4,깔끔해요!,2017.11.26,"70,000",대전광역시 유성구 테크노중앙로 69
에스앤나봄호텔,5,항상 편안해요,2017.11.12,"70,000",대전광역시 유성구 테크노중앙로 69
에스앤나봄호텔,3,괜찮네요~~~,2017.11.08,"70,000",대전광역시 유성구 테크노중앙로 69
