hotel,star,review,date,price,address
더휴식 아늑호텔 대전 대흥점,3,숙소 만점 그러나 새벽부터 호텔 앞에 주차장 공사를 하는지 드릴로 콘크리트 뚫는 소리에 한숨도 못 잤어요. 방음이 전혀 안 돼요. 공사중이라고 미리 공지해줬으면 좋았을텐데요.,2024.09.04,"140,000",대전광역시 중구 대종로460번길 11
더휴식 아늑호텔 대전 대흥점,5,"성심당 오픈런하려고 예약했는데 시설, 위치접근성 모두 만족하고 갔습니다. 하나 아쉬운게 있다면 수압이 살짝 약하긴 했지만 씻는데 지장을 줄 정도는 아니였습니다.",2024.07.27,"140,000",대전광역시 중구 대종로460번길 11
더휴식 아늑호텔 대전 대흥점,5,깨끗해요!!!!!!!,2024.06.07,"140,000",대전광역시 중구 대종로460번길 11
더휴식 아늑호텔 대전 대흥점,2,"숙소 컨디션은 좋았어요. 위치도 나쁘지 않습니다. 다만 6시 입실로 알고 있었는데, 시스템 오류여서 9시 입실로 당일 변경된 건 아쉬웠어요. 30분 늦게 퇴실 시켜주시긴 했지만.. 9시에 퇴실해서 도움되진 않았습니다^^; 그리고 방이 너무 뜨거워요.. 더운게 아니라 방바닥이 정말 뜨거워서 양말 신고 돌아다녀야했습니다. 그리고 방음이 정말 안 됩니다.",2023.12.24,"140,000",대전광역시 중구 대종로460번길 11
더휴식 아늑호텔 대전 대흥점,1,"평소 둔한 성격이라 리뷰는 남기지 않지만 또 다른 피해자가 발생할 수 있기에 글 써봅니다.

오후 10시 체크인 하며, 주차장이 만석이라 야놀자 앱에 명시된 인근 공영주차장에 주차를 했습니다.
(설명에 인근 공영주차장 이용 시 주차 지원이라고만 써있었음)

주차 후 리셉션 직원분께 인근 ”공영 주차장에 0000번호로 주차 했습니다.” 라고 말씀드렸고
직원분께서는 “0000번호 알겠습니다.“라며 대화를 마치고 숙소에 들어갔습니다.

그후 다음날 출차를 하니 비용이 30,000원 넘게 나왔고, 영수증을 가지고 숙소에 재방문하여 어제 밤 뵜던 같은 직원분께 청구하니, 왜 거기다 주차했냐며 오히려 의문을 재기하셨습니다. 더불어 거기 주차했으니 돈을 못주신다고 하십니다.

그러면 어제 차 번호를 말씀 드릴때 왜 알겠다고 하셨냐 물으니, 거기다 주차한지 몰랐으며 보통 사람들은 다른곳에 주차한다고 말씀하십니다.

앞뒤가 맞지 않는 본인의 주관적 관점으로 사람을 대하는 것에 수긍하기 어려웠으며 기분이 좋지 않았습니다.

2차 피해자가 발생하지 않게끔 주차장 위치 안내를 똑바로 해주세요.",2023.12.23,"140,000",대전광역시 중구 대종로460번길 11
