hotel,star,review,date,price,address
더휴식 타임터미널 호텔 용전 by 아늑,5,"옛날 숙소를 리모델링 깨끗하게 하신거같아요 생긵
오래안되보이고 두명 묵었는데 4인-5인 방이라 무척넓고 깨끗하고 잘 자고 왔습니다
데스크 계신분 너무너무 친절하셨습니다 주차장도 있어서 편하게 주차했어용",2023.11.10,"130,000",대전광역시 동구 동서대로1683번길 76-7
더휴식 타임터미널 호텔 용전 by 아늑,5,"신축 건물이라 깔끔하고 침구도 편합니다. 티비도 엄청 크고 넷플릭스 돼서 좋았구요, 프론트 직원분이 정말 친절하셔서 기분 좋게 머물다 왔습니다~",2023.10.30,"130,000",대전광역시 동구 동서대로1683번길 76-7
더휴식 타임터미널 호텔 용전 by 아늑,5,사장님이 넘 친절해서 또가고 싶네요,2023.11.16,"130,000",대전광역시 동구 동서대로1683번길 76-7
더휴식 타임터미널 호텔 용전 by 아늑,5,"여기는 진짜 추천하지 않을 이유가 없네요 
인테리어 너무 예쁘고 잘 관리된 숙소였어요 
감성 소품도 가득하고 입장하는 순간 다른 공간에 들어온 것 같은 기분이 들어요 
무엇보다 훌륭한건 가격도 착한데 침구 및 화장실 수전,수건,가운,전기포트, 드라이기 테이블 모두 다 새거예요 
진짜 쾌적하게 깔끔하게 관리 잘 되어있고 찝찝한 물건 하나 없이 다 깨끗했어요!
터미널 근처여서 걸어가기에도 좋고 주변에 음식점도 많아요
마트 편의점 모두 도보이동 가능! 
어메니티는 따로 구입해야되지만 구입한가격만큼 알차게 들어있어요 
주차공간 낙낙하고 주차장까지 아기자기해요 
복도,로비,프론트 어느 한 곳 빼지 않고 감성있게 알록달록하게 꾸며져서 왔다갔다 할 때마다 기분좋고 구경 할 맛이 나더라고요 
와인잔 유리잔 대여 가능하고 우주복도 빌려주고 보드게임도 쓸 수 있어요 
얼음,컵, 물,커피,여분의 수건 모두 1층에서 자유롭게 사용 가능해요 
객실 컴터 사양도 좋아서 게임 좋아아는 분들은 방 잡고 놀기 딱일거 같네영 ! 
화장실 물때 없이 엄청 깨끗하고 인테리어 새로 싹 해서 새집에 들어간거 같았어요 
다음에 대전에 가도 여기서 머물고 싶네요! 친절한 직원분들 응대도 최고",2024.09.29,"130,000",대전광역시 동구 동서대로1683번길 76-7
더휴식 타임터미널 호텔 용전 by 아늑,5,"가족과 명절 여행중 집에 가기 아쉬워 갑자기 정한 대전 여행~~~
여행 가면 한 방에서 영화 보고 야식도 먹고 수다도 떨면서 노는게 재밌어서 늘 룸 한개를 예약하는데 패밀리룸이 의외로 잡기 힘들더라고요 
그런데 마침 대구 타임 호텔에 패밀리 룸이 있어서 후다닥 예약했는데 호텔측에서 예약 실수가 있었는지 룸 2개로 추가금액 없이 변경해 주셨습니다
좀 아쉽긴 했지만 
호텔 내부며 룸 상태가 너무 좋고 직원분 너무 친절 하셨습니다 
이 호텔 때문에 다음에 대전으로 또 오고 싶어졌습니다
감사합니다 

화장실이 커서 샤워하기 편했으며 식탁이 침실과 별도로 있어서 야식 먹기 좋았습니다
관리를 잘 하신듯 합니다 청소도 깨끗하게 잘 되어 있었습니다
그리고 냄새가 좋았어요
깨끗한 디퓨저 향이 난다고 할까요
냄새에 민감한 딸들이 호텔 내부와 룸에 좋은 향이 난다고 만족해 했습니다
다음에 다시 방문하고 싶은곳입니다",2024.09.18,"130,000",대전광역시 동구 동서대로1683번길 76-7
더휴식 타임터미널 호텔 용전 by 아늑,5,"복합터미널에서 도보 3분 거리에 가성비 있는 호텔입니다. 무엇보다 서비스와 시설에 놀라실거예요. 1박2일 묵는 동안 너무 친절하게 대해주셔서 체크아웃할 때 혹시나 저희가 방을 너무 더럽게 쓴걸까봐 죄송한 마음이 들 정도였습니다. 체크인 할 때는 여자직원이 체크아웃 할 때는 남자직원이었는데 두 분 다 너무 친절하게 대해주시고 짐 맡길 때 어디 놀러가시냐고 물어도 봐주시면서 편하게 해주시고, 오늘 비와서 날씨 추울거라며 핫팩도 챙겨주셨습니다. 여기 직원분들 천사예요.🥹 덕분에 마음 따뜻하고 편하게 여행 마쳤습니다. 다음 대전 여행 때도 묵으려고요!!!!! 진짜 최고 짱 호텔입니다!!!!!",2024.02.21,"130,000",대전광역시 동구 동서대로1683번길 76-7
더휴식 타임터미널 호텔 용전 by 아늑,5,"숙소는 넓고 깨끗해서 좋았습니다.
직원들도 너무 친절학구요
덕분에 4인 가족이 쾌족한 환경에서 2박 할 수 있었습니다.
다만 수압이 약한게 옥의 티였어요..
나머지는 다 좋았습니다",2023.11.24,"130,000",대전광역시 동구 동서대로1683번길 76-7
더휴식 타임터미널 호텔 용전 by 아늑,5,아이둘과 뮤직스테이션 방에 머물었어요~ 직원분들도 친절하셨어요~ 다만 겨울에 건조힌건 어쩔 수 없는 거 긑아요,2024.01.28,"130,000",대전광역시 동구 동서대로1683번길 76-7
더휴식 타임터미널 호텔 용전 by 아늑,4,"파티룸으로 사용하기에 아주 좋았습니다.
거실처럼 테이블공간이 분리되어있고 빔프로젝터와 lp플레이어가 있어서 잘 사용하였구요. 안내도 친절했습니다. 인근 맛집도 많아서 연말모임 잘했습니다.",2023.12.18,"130,000",대전광역시 동구 동서대로1683번길 76-7
더휴식 타임터미널 호텔 용전 by 아늑,5,"밤에 화장실에서 누군가 담배를 폈나봐요ㅠㅠ
담배냄새로 화장실에 들어가기 불편한거 말곤 깨끗하고 좋았어요.
침구가 편하고, 깨끗하고, 넷플도되서 영화도 보고, 욕조도 있어요^^",2024.01.09,"130,000",대전광역시 동구 동서대로1683번길 76-7
더휴식 타임터미널 호텔 용전 by 아늑,5,"부모님 주무시는 곳 예약 해 드렸는데
업그레이드도 해주시고 너뮤 친절하게 응대해 주셨다고 하셔서 너무 감사드립니다 ..!",2024.04.17,"130,000",대전광역시 동구 동서대로1683번길 76-7
더휴식 타임터미널 호텔 용전 by 아늑,4,"나쁘진 않았으나, 주변 환경으로 인한 마이너스",2024.10.12,"130,000",대전광역시 동구 동서대로1683번길 76-7
더휴식 타임터미널 호텔 용전 by 아늑,5,인생 첫 공주여행인데 잘 쉬다 가요 :),2024.08.05,"130,000",대전광역시 동구 동서대로1683번길 76-7
더휴식 타임터미널 호텔 용전 by 아늑,5,출장중 잘 이용했습니다. 침대가 편안 합니다.,2024.06.26,"130,000",대전광역시 동구 동서대로1683번길 76-7
더휴식 타임터미널 호텔 용전 by 아늑,5,객실내 청소나 상태나 전체적으로 모두 좋았습니다,2024.05.31,"130,000",대전광역시 동구 동서대로1683번길 76-7
더휴식 타임터미널 호텔 용전 by 아늑,5,아주 깨끗하고 좋아요. ~*^^*,2024.05.11,"130,000",대전광역시 동구 동서대로1683번길 76-7
더휴식 타임터미널 호텔 용전 by 아늑,5,숙소가 너무 좋고 넓고 깨끗했어요 진짜 호텔느낌!,2024.04.27,"130,000",대전광역시 동구 동서대로1683번길 76-7
더휴식 타임터미널 호텔 용전 by 아늑,5,대전 출장으로 왔는데 괜찮습니다,2024.03.22,"130,000",대전광역시 동구 동서대로1683번길 76-7
더휴식 타임터미널 호텔 용전 by 아늑,4,터미널과 가깝고 깨끗하고 좋았습니다,2024.02.29,"130,000",대전광역시 동구 동서대로1683번길 76-7
더휴식 타임터미널 호텔 용전 by 아늑,5,전체적으로 깔끔하고 좋았습니다,2024.02.29,"130,000",대전광역시 동구 동서대로1683번길 76-7
더휴식 타임터미널 호텔 용전 by 아늑,4,예약문제가 있었는데 방 업그레이드 해주셔서 잘쉬다갑니다~,2023.12.15,"130,000",대전광역시 동구 동서대로1683번길 76-7
더휴식 타임터미널 호텔 용전 by 아늑,4,청결하게 청소도 되어 있고 깨끗했어요,2023.12.01,"130,000",대전광역시 동구 동서대로1683번길 76-7
더휴식 타임터미널 호텔 용전 by 아늑,4,깨끗하게 청소도 잘 되어 있었으며. 정리정돈이 잘 되어 있어 첫 인상이 좋았어요.,2023.12.01,"130,000",대전광역시 동구 동서대로1683번길 76-7
더휴식 타임터미널 호텔 용전 by 아늑,4,신축이라 깨끗하고 새거라 좋았지만 조식이 없어 아쉬웠어요,2023.11.10,"130,000",대전광역시 동구 동서대로1683번길 76-7
