hotel,star,review,date,price,address
대전 문창 아늑 에어,5,오픈한지 얼마 안되서 새건물인건 알고 있었는데 내부까지 전부 다 새거고 깔끔해서 좋앗서요! 체크인 하실 때 한가지 아쉬웠던거는 일회용품! 이거는 유료인데 사장님이 그래두 오픈한지 얼마안댓다고 무료로 챙겨주셧서요! 방문하시는분들은 참고하시면 댈 거 같아요! 근데 정말 이거 말곤 흠잡을게 아예 없어서 ㅜㅜ 제일 만족햇던 하루였던 거 같아요 객실 들어가자마자 좋은냄새 나고 일단 너무 깨끗하고 깔끔해서 가격 가성비가 너무 좋다는거? 있을 거 다있고 왠만해서 무드등이나 컵 이랑 물 끓이는거? 없는데가 다인데 배치되어있고 뭣보다 걍 전부 다 제품들이 모던하고 이쁘고 새거라 맘놓고 사용가능한 기분! 그리고 제일 놀라웠던건 스타일러가 배치되어있다는거…좀 놀랏서요 청결이랑 냄새에 예민하신분들이라면 여기 강력 추천해요 안에서 흡연도 금지라 냄새 걱정도 안하셔도 되고 침구류도 진짜 너무 편하고 이불도 다른 호텔이나 모텔들의 비해 무겁지 않고 포근하게 잘 잤던 거 같아요 ㅜㅜ 젊으신 분들이 좋아하실 거 같고 객실 안에가 너무 다 맘에 들어서….다시 또 묵고싶은마음…? 자주 갈거같아요!!!,2024.03.28,"27,000",대전광역시 중구 문창로94번길 28 (문창동)
대전 문창 아늑 에어,5,모텔냄새도 안 나고 창문도 있고 스타일러도 있고 깨끗하고 깔끔해서 좋았어요. 욕실도 넓고 욕조도 깨끗했습니다. 주변에 먹거리가 없어서 아쉬웠지만 산책하기 좋은 강변이 있더라고요~,2024. 11. 13,"27,000",대전광역시 중구 문창로94번길 28 (문창동)
대전 문창 아늑 에어,5,"퇴근 후 타지에서 가느라 새벽에 도착했는데도 굉장히 친절하게 잘 응대해주셨어요ㅎ 일찍 도착했으면 대형 스크린으로 영화도 보고 즐겼을텐데... 오히려 아쉬웠다는ㅠ ㅠㅠ 개인적으로 객실의 청결을 가장 중요시 하는데요, 완전 마음에 들었습니다!! 깨끗하고 깔끔하고 비치된 물건들도 이쁘고ㅎㅎ 침구도 잠이 솔솔~ 너무 좋았습니다! 다음번에 대전을 가게 된다면 재방문할 생각이 가득입니다ㅎㅎ",2024.05.18,"27,000",대전광역시 중구 문창로94번길 28 (문창동)
대전 문창 아늑 에어,5,야구장과 매우 가까워서 도보로 이동하기 편리했어요! 신축이라 그런지 객실이 엄청 깔끔했고 침구류도 깨끗했어요 화장실이 생각보다 엄청 크고 청결해서 좋았어요 보통 오래된 숙소들은 화장실이 좁거나 지저분해서 씻을때마다 찝찝했는데 ~ 가성비도 너무너무 좋았고 방음 문제도 저는 잘 못 느꼈습니다! 다음에 또 들릴게요,2024.10.01,"27,000",대전광역시 중구 문창로94번길 28 (문창동)
대전 문창 아늑 에어,5,"모든게 완벽했습니다 청결 되게 중요하게 여기는데 화장실에 모기 죽어있는 시체빼고는 깨끗해서 너무 좋았어요 그리고 컴퓨터 렉 한번 없이 잘 돌아갑니다 
대전 여행오면 이 숙소 또 방문 할 예정입니다 
사장님 혹시 피시룸 의자가 뭔가요?좋네요ㅎㅎ
대전말고 다른 지역은 오픈 하실 계획은 없나요?ㅠ",2024.05.30,"27,000",대전광역시 중구 문창로94번길 28 (문창동)
대전 문창 아늑 에어,5,"사진부터 너무 깔끔하고 예뻐서 기대를 많이 하고 갔는데, 그 기대에 부응하는 숙소였습니다!! 여름이다보니 어쩔수 없이 밖에는 날벌레가 조금 있는 편이었는데, 숙소 만큼은 파스텔톤에 조명까지 너무 예뻤고 시설도 깔끔해서 기분 좋게 잘 이용하다 가요ㅎㅎㅎㅎ 밤에 카운터에 계시던 남자 분도 너무 친절하게 대해주셔서 정말 감사했습니다!",2024.06.19,"27,000",대전광역시 중구 문창로94번길 28 (문창동)
대전 문창 아늑 에어,5,"여긴 진짜 대전에서 나만알고싶은 숙소임
깔끔하고 깨끗한데 넓고 쾌적함
대전야구장이랑도 가까워서 새로 개장하면 또 여기로잡을생각
스탠다드였지만 너무만족하고 잘쉬고갔어요 인생숙소

야놀자 어플오류때매 사진을못올림ㅠㅠ",2024.04.22,"27,000",대전광역시 중구 문창로94번길 28 (문창동)
대전 문창 아늑 에어,5,"리모델링 한지 얼마안된 느낌의 숙소입니다.
깔끔하고 깨끗해 이용에 불편함이 없었고, 근처 이글스파크가 있어 야구보고 숙소잡는다면 항상 여기로 오게 될것 같습니다.
다만 차가 들어오는 입구가 골목길이라 조심히 운전해야하는점 제외 하면 정말 좋은 숙소인것 같습니다.",2024.04.15,"27,000",대전광역시 중구 문창로94번길 28 (문창동)
대전 문창 아늑 에어,5,"사장님 베개 어디껀지 알려주세요 제발
저 살면서 써본 베개중에 제일 좋았어요 ㅠㅠㅠ
시설도 깔끔하고 성심당이랑도 자차로 10분도 안걸려서 넘 좋았습니다
다만 저녁에는 주변에 가로등도 별로 옵ㄱ어서 무서워용!!",2024.05.27,"27,000",대전광역시 중구 문창로94번길 28 (문창동)
대전 문창 아늑 에어,5,후기 잘 안 쓰는데 대전 내 호텔 시설 1등이에요ㅠㅠ 진짜 감성 쩔고 신축? 건물이라 청결도 너무 좋아요 무조건 재방문 의사 있습니다,2024.04.09,"27,000",대전광역시 중구 문창로94번길 28 (문창동)
대전 문창 아늑 에어,5,비흡연자로서 담배냄새 안나는곳만 다니려고 하는데 안나서 좋습니다. 청결도 해서 좋습니다. 궁금한거 하나 있는데 버섯같이 생긴 전등 키는 법 알 수 있을까요?,2024.06.07,"27,000",대전광역시 중구 문창로94번길 28 (문창동)
대전 문창 아늑 에어,5,"시설이 너무 깨끗해서 만족스러웠고
여러가지 부탁을 드렸을때도 하나도 불편해하지 않으시며 친절하게 응대해 주셨습니다 추후 대전 방문시 무조건 이쪽 숙소를 사용하기로 마음 먹었습니다!",2024.05.30,"27,000",대전광역시 중구 문창로94번길 28 (문창동)
대전 문창 아늑 에어,5,"여자친구랑 놀러와서 편하게 쉬다가 갔어요.
생각보다 객실도 크고 빔 프로젝트 화질이 너무 좋아서
좀 놀랐네요..ㅎ 정말 영화보기 좋더군요.
화장실도 깨끗하고 냄새도 좋아서 만족하고 갑니다!",2024.09.04,"27,000",대전광역시 중구 문창로94번길 28 (문창동)
대전 문창 아늑 에어,5,"너무너무 예쁘고 객실도 넓은 편입니다! 이 가격에 이정도라니 진짜 가성비가 미쳤습니다 
저녁-밤타임 계신분도 너무 친절하십니다",2024.04.05,"27,000",대전광역시 중구 문창로94번길 28 (문창동)
대전 문창 아늑 에어,5,대전에서 제일 깔끔한 숙소라 첫 방문 이후 두번째 방문이었는데 이번에도 너무 만족스러웠습니다! 다음에 대전 갈 일 있으면 또 이용할게요🥰,2024.05.02,"27,000",대전광역시 중구 문창로94번길 28 (문창동)
대전 문창 아늑 에어,4,Lp방 특별하고 좋았어요. 깔끔하고 편리하고 출장지 숙소로 불편함 없었던 좋은 숙소였어요. 안마기도 렌탈해주고 스타일러도 있고요. 다음 대전 출장때도 여기 묵으려고요,2024.08.06,"27,000",대전광역시 중구 문창로94번길 28 (문창동)
대전 문창 아늑 에어,5,"야구장과 성심당 도보 10~15분 거리입니다.
밝고 깨끗합니다.
내년에도 야구보러갈땐 또 이용하려고합니다.",2024.09.29,"27,000",대전광역시 중구 문창로94번길 28 (문창동)
대전 문창 아늑 에어,5,야구 보고 1박하려고 예매했는데 건물이랑 객실이 깔끔하고 깨끗해서 만족스러웠습니다. 특히 객실 내부에 스타일러가 있어서 좋았어요🫶🏻,2024.09.29,"27,000",대전광역시 중구 문창로94번길 28 (문창동)
대전 문창 아늑 에어,5,출장차 방문이라 대실까지 연장했는데 일이 바빠서 못쉬었네요 ㅠㅠ 그래도 머무는 동안 깔끔하고 좋았습니다! 오전 오후 직원분들도 친절하시고 배려 많이 해주셨어요!,2024.06.11,"27,000",대전광역시 중구 문창로94번길 28 (문창동)
대전 문창 아늑 에어,5,처음 가봤는데 전체 금연이라 냄새도 안나고 깔끔해서 잘 쉬다가 왔어요! 다음에 또 방문할게요!,2024.10.09,"27,000",대전광역시 중구 문창로94번길 28 (문창동)
대전 문창 아늑 에어,5,내부시설도 깨끗하고 좋았어요! 사용할 수 있는 안마 용품도 있었구요 다음에 대전 들린다면 숙박 이용하고 싶습니당!!,2024.05.07,"27,000",대전광역시 중구 문창로94번길 28 (문창동)
대전 문창 아늑 에어,5,"침대 푹신하고 컴퓨터 잘 되는데, 의자가 뭔가 책상이랑 안맞는거 같아요,,
저는 겜돌이라서 컴퓨터 잘돼서 좋긴합니다
너무 잘 쉬다가 가요!!",2024.09.11,"27,000",대전광역시 중구 문창로94번길 28 (문창동)
대전 문창 아늑 에어,5,"대전 놀러가면 또 이용할거에용!!!
프론트 직원분들도 다 좋으시구 무엇보다 청결해서 너무 좋네용😙😙",2024.09.02,"27,000",대전광역시 중구 문창로94번길 28 (문창동)
대전 문창 아늑 에어,5,이렇게 깔끔하고 냄새까지 좋은곳은 여기가 처음이네여ㅜㅜ 이제 대전올때마다 여기부터 예약하고 시작해야겠습니다!!,2024.05.07,"27,000",대전광역시 중구 문창로94번길 28 (문창동)
대전 문창 아늑 에어,5,출장차 방문했는데 저렴한 가격에 청결도도 좋고 여러모로 사소한 서비스들이 좋아 너무 만족한 숙소입니다.,2024.05.02,"27,000",대전광역시 중구 문창로94번길 28 (문창동)
대전 문창 아늑 에어,5,"처음가봤는데 깨끗하고 친절하십니다.
야구장 왔다갔다 편해요!
내년시즌에 여기만 가야지~~",2024.09.30,"27,000",대전광역시 중구 문창로94번길 28 (문창동)
대전 문창 아늑 에어,5,"들어가자마자 깔끔하다는 느낌이 들었습니다. 
카운터에 있으신 분도 친절하시고 주차는 자리가 좀 부족한 느낌이긴하지만 그래도 주변에 주차 가능하게 안내해주셔서 괜찮았습니다.",2024.08.16,"27,000",대전광역시 중구 문창로94번길 28 (문창동)
대전 문창 아늑 에어,5,전체적으로 괜찮았는데 어메니티를 별도로 구매해야하는 부분과 가격이 흠이라면 흠이라고 할수 있겠지만 전체적으로 만족스러웠습니다.,2024.06.13,"27,000",대전광역시 중구 문창로94번길 28 (문창동)
대전 문창 아늑 에어,5,"한적한 곳에 위치해있어서 조용히 잘 쉬었어요
냄새도 너무 좋구 침구며 수건등 모두 새것처럼 깨끗해요 :)",2024.06.12,"27,000",대전광역시 중구 문창로94번길 28 (문창동)
대전 문창 아늑 에어,5,사진보다도 더 넓어서 좋았어요! 성심당에서 산 빵을 두고 와서 너무 아쉽네요 ㅋㅋㅋ ㅠㅠ 다음에 대전 여행가면 또 들릴게요~,2024.06.02,"27,000",대전광역시 중구 문창로94번길 28 (문창동)
대전 문창 아늑 에어,5,"출장때마다 항상 잡는 숙소 인데 좋습니다 
근데 스타일러가 고장나 있어서 조금 아쉬웠어요",2024.05.22,"27,000",대전광역시 중구 문창로94번길 28 (문창동)
대전 문창 아늑 에어,5,리모델링 새로해서 그런지 너무 청결하고 시설도 좋았습니다 침구류상태 너무좋고 PC도 좋네요 너무 잘 이용했습니다,2024.04.12,"27,000",대전광역시 중구 문창로94번길 28 (문창동)
대전 문창 아늑 에어,5,새로 오픈해서 냄새 하나도 안나고 너무 깨끗하고 좋아요. 한가지 단점이라면 2pc룸은 간단하게라도 음식 먹을수있는 테이블이 없어서 아쉬웠네요,2024.04.01,"27,000",대전광역시 중구 문창로94번길 28 (문창동)
대전 문창 아늑 에어,5,"침대 너무 푹신하고 컴퓨터가 좋아서 게임하기도 좋아요!~!
다음에는 여자친구와 함께와서 같이 즐길게요!! 
잘 쉬다 갑니다",2024.09.06,"27,000",대전광역시 중구 문창로94번길 28 (문창동)
대전 문창 아늑 에어,5,야구 원정 와서 하루 보냈습니다. 깔끔하고 냄새도 안나고 좋습니다. 초5 아들하고 왔는데 만족스러워요.,2024.05.11,"27,000",대전광역시 중구 문창로94번길 28 (문창동)
대전 문창 아늑 에어,5,"주차장도 편리하고 깔끔해서 좋았어요.
데스크 계신분도 친절합니다.
대전역에서 가까워서 이동이 편합니다.",2024.08.02,"27,000",대전광역시 중구 문창로94번길 28 (문창동)
대전 문창 아늑 에어,5,대전 최고의 깔끔함!!^) 직원분도 친절하시고 대전오면 여기만 올거같아요! 방업그레이드도 해주셨어요!!,2024.04.28,"27,000",대전광역시 중구 문창로94번길 28 (문창동)
대전 문창 아늑 에어,5,새로 지어서 깨끗하고 피씨도 좋아요. I5랑 4060이여서 게임도 잘 돌아가고 마우스 키보드도 쌔거 였어요,2024.04.11,"27,000",대전광역시 중구 문창로94번길 28 (문창동)
대전 문창 아늑 에어,5,야구볼 때 지낼 숙소 찾다가 엄청 깔끔해보여서 선택했어요! 완전 대만족한 선택이었습니다. 멀리서도 눈에 띄는 아늑 호텔 . . . 야구장이랑 10-15분 정도 걸려서 이동하기에 정말 편했어요~! 실내는 깨끗하고 방도 넓었어요. TV도 정말 크고 ㅠㅠ 일정만 없었으면 숙소에서 놀고 먹고 다 했을 것 같아요 ㅋㅋ 그정도로 만족입니다~ 스타일러까지 있어서 밖에 다녀올 때마다 잘 이용했네요! 필요한 비품 말씀드리면 바로 가져다 주시고 직원분들도 친절하세요! 다음에도 야구보러 올 때 이 숙소에서 지내고 싶어요~ 한화 파이팅 . . . (제발 비상해라 🦅),2024.05.11,"27,000",대전광역시 중구 문창로94번길 28 (문창동)
대전 문창 아늑 에어,5,헐 까먹을뻔했어요!! 여기 진짜 너무 쾌적하고 좋습니다!! 제가 간 숙소 탑1등입니다 전 대전오면 무적권 여기갈거에요 쾌적 깨끗.. 사진그대로에요 완전 뽀송 깨끗 코튼 이불 하양 모티브랄까요... 진짜ㅜ 저희가 너무 일찍와서 직원분 쪼금 곤란하게해드렸는데도 친절하게 응대해주시고 빨리 체크인할수있도록 도와주셔서 너무너무 감사했어요!! 진짜에요 저 이 숙소쪽으로 절하고있는중입니다 무조건 여기 추천합니다!! 안갈이유가 없어요 ㅜ 셀프 생수바..체고.. 얼음 시원하고 넘 쪼아요..ᰔ,2024.07.05,"27,000",대전광역시 중구 문창로94번길 28 (문창동)
대전 문창 아늑 에어,4,"전반적으로 깔끔하고, 디자인이 좋습니다. 다만 파티도 아닌, 일상 대화로도 시끄럽다고 느끼는 사람이 있을 정도로 방음이 좋지 않습니다. 청각이 과도하게 예민하신 분들은 다른 숙소 추천합니다.
-
해 주신 답변에 의문스러운 점이 있어 내용 추가합니다.
안 그래도 전화 주신 당시에 저희 일행들은 다른 호실에 가야 할 전화가 잘못 온 거 아니냐며 의문을 가진 상태였는데요.
1. 지금 답변에 '*새벽 시간대에 쿵쿵거리는 소리로 인한 문의가 왔다'고 하셨는데, 저희가 받은 전화는 <""옆방""에서 시끄럽다고 하시니 ""목소리"" 조금만 낮춰 달라>는 전화였습니다. 그래서 저희는 우리가 제일 끝에 있는 방이니 항의한 게 남은 옆 호실이겠다 싶어, 복도로 나가 일상 대화에 대한 소음 테스트도 해 보았으나 전혀 문제가 없다고 판단했고, 그래도 혹시 모르니 더 조심하자 정도로 마무리하고 지내다 온 건데 갑자기 쿵쿵거렸다고요? 저희한테 하셨던 말씀과 전혀 다른 내용이지 않습니까.
2. 그리고, 해당 전화 자체가 열한 시 정도에 왔으며 언급하신 *새벽이란 자정이 넘은 시간부터 해가 뜨기 전까지를 의미합니다. 또한 저희는 열 시 반을 좀 넘겼을 정도에 입실하였고, 저희 일행들은 전부 지친 상태로 입실 후 짐도 못 푼 상태로 침대에 뻗어 있다 받은 전화였습니다. 그럼 그냥 입실 후 침대까지 이동하는 과정을 쿵쿵거린다고 말씀하신 건데, 아무도 없던 방에 다인원이 갑자기 입실하니 순간적으로는 당연한 일이며 굳이 따지자면 숙소 문제 아닌가요? 한둘이 소소히 움직이길 바란다면 애초에 다인원실의 존재 여부도 의문스럽습니다.

전화를 받은 당시 억울함에 일행들이 다시 전화해서 확인해 보자고도 했지만, 굳이 싶어서 일단은 넘겼던 건데 이렇게 대응하시니 황당하고, 불쾌합니다.

*추가적으로 저희는 소음 문제를 염려해 슬리퍼를 신고 생활했습니다.",2024.09.08,"27,000",대전광역시 중구 문창로94번길 28 (문창동)
대전 문창 아늑 에어,5,"오픈한지 얼마안된곳이라 일단 시설은 다 새거에요. 깨끗하고 냄새 안나고 다 너무 좋아요. 다른 아늑도 방문해봤는데 다른지점보다도 내부 인테리어도 더 잘해놨어요. 칭찬하고싶은건 스탠다드에도 스타일러가 들어가있고, 터치식 쓰레기통, 직물시트의자와 테이블 앉아서 티비보기 딱좋아요. 다만 아쉬운건 중앙로역과의 애매한 거리 그리고 비용(같은가격이면 더 나은지 선택지가 많다는점.)",2024.04.19,"27,000",대전광역시 중구 문창로94번길 28 (문창동)
대전 문창 아늑 에어,4,"구시가지에 오래된 건물을 리모델링 한것 같습니다.
깨끗하고 조용하며, 흠 잡을데가 딱히 없어요.
아주 편히 쉬다 갑니다
별 하나 뺀 이유는 너무 소문나면 제가 이용을 못 할까봐?ㅎㅎㅎ
사장님, 장사 잘 되시던데 번창하세요.",2024.09.07,"27,000",대전광역시 중구 문창로94번길 28 (문창동)
대전 문창 아늑 에어,4,"깨끗했어요 화장실에서 살짝 하수구 냄새 나긴 했는데 계속 나진 않았어요! 청결한편이었습니다! 
충전기는 카운터에서 신분증 맡기고 빌려야 해서 조금 번거로웠구 보일러를 너무 쎄게 트셨는지 방이 너무 건조하더라구요 그외엔 괜찮았습니드.",2024.11.07,"27,000",대전광역시 중구 문창로94번길 28 (문창동)
대전 문창 아늑 에어,5,"⭐️⭐️⭐️이글스 파크 근처 최고의 숙박업소⭐️⭐️⭐️

야구장(이글스 파크) 주변에서 숙박할만한 곳 찾고 계신가요? 그렇다면 아묻따 여기입니다 여러분... 제가 여러 지역 돌아다니면서 숙박업소 정말 많이 가봤는데 찐으로 여기가 원탑입니다👍🏻 후기 쓰는거 정말 귀찮아해서 잘 안 쓰는데 여기는 꼭! 써야할 것 같아서 최대한 디테일하게 써봅니다💗

일단 들어갈때부터 공항 컨셉 / 하늘색 + 화이트톤이라 깔끔한 스타일이었고, 로비에 계셨던 직원분도 너무 친절하셨습니다! 저는 칫솔 치약 등 개인 비품을 따로 챙겨갔었어서 어매니티 구매 요청은 따로 안 드렸는데 아마 유료인 것 같습니다! 

데스크 직원분이 5층방 vs 2층방 선택지를 주셔서 저는 2층 203호에서 숙박했습니다! 들어가자마자 느낀게 숙박업소에서 나는 특유의 냄새가 1도 안 났다는거... 숙박업소 많이 가보신 분들은 제가 어떤 냄새를 말하는건지 아시죠? 제가 냄새에 정말 민감한 사람인데 담배냄새 + 침구류 냄새 하나도 안 났고 불편함 없이 너무 편하게 숙박했습니다! 티비도 커서 좋았고 객실 한 켠에 스타일러도 있어서 땀에 젖은 유니폼 + 옷 급하게 살균할 수 있었습니다! 침구류랑 베게도 너무 푹신하고 보들보들해서 좋았어요☺️ 야구 직관하고 와서 너무 피곤해서 바로 씻고 자느라 객실 사진을 못 찍은게 너무 후회됩니다 ㅠㅡㅠ

다음에 또 올 일 생기면 저는 무조건 여기서 또 숙박할 예정입니다🤭 비록 하루만 머무른게 아쉬웠지만 너무 기분 좋게 숙박했습니다! 💗",2024.06.11,"27,000",대전광역시 중구 문창로94번길 28 (문창동)
대전 문창 아늑 에어,5,"야구 보러 올 때마다 항상 선택하는 숙소예요! 벌써 세 번째 방문인데 항상 올 때마다 대만족하고 갑니다,, 숙박페스타로 예약했는데 체크인 오후 2시, 체크아웃 오후 1시여서 여유롭게 1박 2일을 보낼 수 있어서 좋았어요. 숙소는 넓고 깨끗하고 방음이 정말 잘 돼요. 옆방 소리나 바깥 소리를 들은 적이 한 번도 없어요. 1층에 일회용 젓가락, 숟가락 구비되어 있는 거 이번에 봤는데 덕분에 밥 먹을 때 잘 썼어요 ㅜㅜㅜ 잘 놀다 갑니다 감사합니다~! 🦅🧡",2024.09.04,"27,000",대전광역시 중구 문창로94번길 28 (문창동)
대전 문창 아늑 에어,5,"신축이라 깨끗하고 침구류들도 푹신 해서 좋았습니다! 

단점을 굳이 말하자면 주변에 먹을만한데가 없는거랑 일회용품을 따로 구매 해야 하는 것 입니다. 
이 숙소 이용 하시기 전에 세면용품은 꼭 챙기시길 바랍니다!",2024.03.29,"27,000",대전광역시 중구 문창로94번길 28 (문창동)
대전 문창 아늑 에어,5,친절한 서비스에 모든 부분이 깔끔해서 고른 보람이 있었어요 :) 만족스러운 하룻밤이었습니다! 혹시 베개는 어떤 거 사용하실까요? ㅎㅎㅎ 너무 푹 자서 구매를 하고 싶을 정도였어요!,2024.07.07,"27,000",대전광역시 중구 문창로94번길 28 (문창동)
대전 문창 아늑 에어,4,중앙로랑 거리가 조금 있지만 객실 내부는 깨끗해요. 에어컨을 차갑게 틀면 소리가 나구 물이 떨어져서 신경쓰였어요.,2024.08.24,"27,000",대전광역시 중구 문창로94번길 28 (문창동)
대전 문창 아늑 에어,5,일회용품 제공 안 되는 건 아쉬웠지만 숙소 상태가 너무 좋아서 만족합니다 재방문 의사 있어요,2024.07.17,"27,000",대전광역시 중구 문창로94번길 28 (문창동)
대전 문창 아늑 에어,4,2번째 방문 했어요! 다 좋았는데 사장님깨서 방 청소가 안됐다고 하셔서 호텔 도착해서 1시간이나 기다렸네요.. 처음엔 20분정도만 기다리면 된다고 하셨는데 계속 입실 시간이 늦어졌어요.,2024.07.18,"27,000",대전광역시 중구 문창로94번길 28 (문창동)
대전 문창 아늑 에어,4,"다좋은데 쇼파쿠션이랑 창틀리 좀 지저분 했어요 나머지는 뭐 나무랄때없이
깨끗하고 너무좋았어요",2024.07.16,"27,000",대전광역시 중구 문창로94번길 28 (문창동)
대전 문창 아늑 에어,5,솔직히 정말 너무 좋았습니다. 이미지에서 본 것처럼 정말 깨끗하고 일반 호텔보다 더 저렴하고 더 좋은 거 같아요,2024.07.17,"27,000",대전광역시 중구 문창로94번길 28 (문창동)
대전 문창 아늑 에어,5,저렴한 가격으로 진짜 깔끔하고 좋게 이용했습니다. 전반적으로 방이 깔끔하고 깨끗했습니다. 특히 스타일러.. 여행으로 예약한건데 너무 환상적이었습니다. 일회용품은 비용드니 참고하세요,2024.04.19,"27,000",대전광역시 중구 문창로94번길 28 (문창동)
대전 문창 아늑 에어,5,"리모델링을 하셨는지 상당히 모던하고 심플합니다.
깨끗하기도하고 냄새도 없고 좋았습니다.
다만, 에메니티를 샴푸 린스만 비치하고 칫솔 치약등 별도 구매가 아쉬웠습니다.
아예 숙바료에 포함 옵션을 만들었다면 좋겠습니다.
다시 방문의사는 있습니다.",2024.05.01,"27,000",대전광역시 중구 문창로94번길 28 (문창동)
대전 문창 아늑 에어,5,좋아요 연박했는데 깨끗하고 깔끔했어요. 사진 보고 생각했던 것 보다 방이 넓어요. 직원분께서도 편안하게 맞아주시고 응대해주셨습니다!,2024.07.11,"27,000",대전광역시 중구 문창로94번길 28 (문창동)
대전 문창 아늑 에어,5,"장점 : 근무하시는 남성분이 매우 친절하십니다! 리모델링해서 깨끗합니다! 컴퓨터 좋습니다! 욕조도 있어요!

단점 : 506호인가? 썼는데 비가 새는 노후된 건물이라 실제로 비가 새서 수건으로 받치고 있었습니다. 습해서 새는 부분 주위 벽지가 다 바랬구요!",2024.07.31,"27,000",대전광역시 중구 문창로94번길 28 (문창동)
대전 문창 아늑 에어,5,"숙소는 깔끔하고 좋았어요.
침대도편해고,청소도 잘 되어있어서
기분은 좋았어요.
다만 주차장이 작아서 주차가
힘들었어요.",2024.06.17,"27,000",대전광역시 중구 문창로94번길 28 (문창동)
대전 문창 아늑 에어,5,여기 진짜 깔끔하규 직원분들 친절하구 침대가 미쳐써요 적당히? 딱좋게? 푹신푹신하구 베개도 쫀쫀한거 푹신한거 두개 다 있어서 골라잘수있어서 넘 좋아요 진짜 침대가 너무 좋았어요 구우우웃,2024.04.01,"27,000",대전광역시 중구 문창로94번길 28 (문창동)
대전 문창 아늑 에어,4,대전에서 모임이 있어 긴 고민끝에 문창 아늑을 예약했습니다. 대전은 체크인이 늦어 늦은 입실이 불편했지만 오랜만에 놀다보니 늦어졌구용 방은 전체적으로 크고 깔끔한거 같았어요. 하지만 소파에 주로 있어서 그런지 소파가 좀딱딱하고 이물이 많더라구요.. 그래도 직원분이 친절하시고 침대가 폭신해서 편하게 쉬다갑니다. 아그리고 저희 앉아서 빵먹는데 전화와서 당황하긴했습니다... ㅠㅠ 또 화장실이 2개인데 변기가 한개인점 너무아쉬운 점이예요...,2024.06.11,"27,000",대전광역시 중구 문창로94번길 28 (문창동)
대전 문창 아늑 에어,4,"깔끔한 인테리어로 분위기가 좋아요.
휴대폰 충전기는 신분증으로 대여 가능해요.
어메니티는 2천원으로 구매

1. 정점
비밀번호와 카드로 출입 가능
편안한 베개

2. 단점
스타일러가 고장났단 리뷰가 있었는데 저도 동일.
주변에 식당이 없는 편",2024.11.01,"27,000",대전광역시 중구 문창로94번길 28 (문창동)
대전 문창 아늑 에어,5,오픈한 곳이라서 그런지 너무 깨끗하고 정돈된 느낌이라 좋았습니다! 아이폰 충전기가 없고 무선충전기만 있던게 조금 아쉽네요 ㅠ,2024.04.03,"27,000",대전광역시 중구 문창로94번길 28 (문창동)
대전 문창 아늑 에어,5,10번 정도 왔는데 항상 편히 쉬었어요!! 근데 오늘 301호 스탠다드 방이었는데 물이 따뜻한 물이 안나와서 좀 씻는게 불편했어요. 나머지 부분은 항상 최고였습니다!!,2024.09.20,"27,000",대전광역시 중구 문창로94번길 28 (문창동)
대전 문창 아늑 에어,3,"깨끗하다고 해서 예약했고 들어오자마자는 그렇게 느꼈지만… 일단 세부적으로 들어가서 봤을때 쇼파부분이 살짝 노랗게? 축축.. 했어요..😭 
거기부터 조금 맘 상했는데 씻을려구 하니까,, 비누가 없었어요 비누대신 손세정제라 세안도 불가능에 발을 손세정제로 닦기도 조금,, 그렇더라구요 ㅠㅠ 따로 어메니티를 구매 후에 보니 페이셜 세정제? 라고 얼굴 전용은 있는데 그럼 어메니티를 구매하지 않으면 얼굴 세안은 뭘로 할까요 ㅠㅠ 

커피 포트 있고 팩도 있어서 좋았는데 커피 포트는 있는데 티백은 없구요 ㅋㅎㅎㅎ,,
생활을 많이 하는 책상 부분쪽이 아닌 완전 구석 쪽에 쓰레기통이 있었는데요 외관상 어쩔 수 없다하지만 너무 멀어서 결국 끄집어내서 썼어요 ㅎㅎ,,
냉장고도 조금 아쉬웠던게 냉장고 열기 전 문?은 오른쪽에서 왼쪽으로 여는데요 냉장고는 왼쪽에서 오른쪽으로 열어야해서 여닫는게 너무 불편했어요,,
충전기가 무선인데 무선 충전이 안되는 기기면 따로 들고오셔야할거같구 ,, 저희는 되는 폰이였지만 충전이 잘 안되서 그냥 ,, 들구오셔야할거같아요

그거 말고는 콜라, 헛개수? 팩이 냉장고에 들어있구요
스타일러가 있다. 침대가 깨끗하다는 좋았어요
로비에 커피머신이나 얼음 물도 가지구 갈 수 있어서 그건 좋아요 굿굿",2024.05.11,"27,000",대전광역시 중구 문창로94번길 28 (문창동)
대전 문창 아늑 에어,5,"입실이 16시였는데
저희는 6시좀 넘어서 도착했어요
객실이 좀전에 빠져서 청소중이라고 
30분 이상 걸린다고...;
대실로 장사를 하시는건 알겠지만
기분이 좀 별루였어요
그럴꺼면 미리 대실을 안받아야하는게 맞는거 아닌지...;;
별1개달면 평점이 내려가는거 알기에 
그건 자제합니다",2024.06.15,"27,000",대전광역시 중구 문창로94번길 28 (문창동)
대전 문창 아늑 에어,4,숙소는 전번적으러 너무 청결하고 사진처럼 넓어서 좋았음. 그러나 주변 인프라나 역이랑 거리가 꽤 멀어서 이동하기 불편했음. 자차가 있지 않는 이상 불편한 위치에 있음.,2024.05.06,"27,000",대전광역시 중구 문창로94번길 28 (문창동)
대전 문창 아늑 에어,1,아.... 진심 깔끔하다고 평이 자자해서 예약했는데 ㅠ 이건 도 넘은거 같습니다... 다른거는 다 참겠는데 침대 시트에 소변자국? 먼지도 다른곳보다 많아서 실망했습니다...,2024.10.02,"27,000",대전광역시 중구 문창로94번길 28 (문창동)
대전 문창 아늑 에어,5,"원래 후기 잘 안남기는 편인데 만족스러워서 남깁니다.베개도 종류2개씩이여서 좋구, 인테리어도 좋구, 전반적으로 깨끗하고 좋아요👍",2024. 11. 15,"27,000",대전광역시 중구 문창로94번길 28 (문창동)
대전 문창 아늑 에어,5,역시 침구상태깨끗하고 좋았아요 👍,2024. 11. 14,"27,000",대전광역시 중구 문창로94번길 28 (문창동)
대전 문창 아늑 에어,5,정말깔끔합니다 추천합니다!!!!,2024. 11. 14,"27,000",대전광역시 중구 문창로94번길 28 (문창동)
대전 문창 아늑 에어,5,깔끔하고 시설도 좋았어요,2024. 11. 13,"27,000",대전광역시 중구 문창로94번길 28 (문창동)
대전 문창 아늑 에어,5,너무넘 죠아용이이이,2024.11.06,"27,000",대전광역시 중구 문창로94번길 28 (문창동)
대전 문창 아늑 에어,5,방은 작앗으나 깨끗하고 좋앗어요,2024.11.05,"27,000",대전광역시 중구 문창로94번길 28 (문창동)
대전 문창 아늑 에어,5,넘넘 좋았어요 또 가고 싶어여,2024.11.04,"27,000",대전광역시 중구 문창로94번길 28 (문창동)
대전 문창 아늑 에어,5,"아쉬운 점 하나 없이 너무 만족스러웠어요!
완전 추천합니다👍",2024.11.04,"27,000",대전광역시 중구 문창로94번길 28 (문창동)
대전 문창 아늑 에어,5,잘 쉬었습니다 감사합니다,2024.11.02,"27,000",대전광역시 중구 문창로94번길 28 (문창동)
대전 문창 아늑 에어,5,숙소가 너무 좋습니다~,2024.11.01,"27,000",대전광역시 중구 문창로94번길 28 (문창동)
대전 문창 아늑 에어,5,숙소가 너무 좋습니다~,2024.11.01,"27,000",대전광역시 중구 문창로94번길 28 (문창동)
대전 문창 아늑 에어,5,아늑 아늑 하게 잘 쉬고 갑니다,2024.11.01,"27,000",대전광역시 중구 문창로94번길 28 (문창동)
대전 문창 아늑 에어,5,램덤이벤트가 했서 2피시방 주셨는데 혼자여서 약간 아숴을 정도로 피씨도 엄청 좋았습니다.,2024.10.27,"27,000",대전광역시 중구 문창로94번길 28 (문창동)
대전 문창 아늑 에어,5,새로 리모델링을 했는지 방이 깨끗하도 시설도 꽤 좋았습니다.,2024.10.27,"27,000",대전광역시 중구 문창로94번길 28 (문창동)
대전 문창 아늑 에어,5,"가격이 비싸도 그만큼의 값어치를 함
잘간것 같음",2024.10.24,"27,000",대전광역시 중구 문창로94번길 28 (문창동)
대전 문창 아늑 에어,5,새로 생겼다고해서 첨 가봤는데 정말 만족스러웠어요!!,2024.10.23,"27,000",대전광역시 중구 문창로94번길 28 (문창동)
대전 문창 아늑 에어,5,에어 답게 전체적으로 깔끔했던것 같습니다,2024.10.23,"27,000",대전광역시 중구 문창로94번길 28 (문창동)
대전 문창 아늑 에어,5,근처 업소를 이용하다가 우연한기회로 여기를 방문했는데 깨끗하고 자주 이용합니다,2024.10.17,"27,000",대전광역시 중구 문창로94번길 28 (문창동)
대전 문창 아늑 에어,5,침구류가 편하고 깨끗해서 편히쉬다 왔습니다,2024.10.14,"27,000",대전광역시 중구 문창로94번길 28 (문창동)
대전 문창 아늑 에어,5,아주 좋습니다 다음에 또 구매할게요,2024.10.13,"27,000",대전광역시 중구 문창로94번길 28 (문창동)
대전 문창 아늑 에어,5,"단, 창문이 홑 창이라 밖에서 떠드는 소리가 시끄럽게 들렸어요.",2024.10.13,"27,000",대전광역시 중구 문창로94번길 28 (문창동)
대전 문창 아늑 에어,5,너무나좋앗습니다감사드러오,2024.10.12,"27,000",대전광역시 중구 문창로94번길 28 (문창동)
대전 문창 아늑 에어,5,너무나만족했어요 최고,2024.10.12,"27,000",대전광역시 중구 문창로94번길 28 (문창동)
대전 문창 아늑 에어,5,깨끗하고 넓고 좋아요,2024.10.11,"27,000",대전광역시 중구 문창로94번길 28 (문창동)
대전 문창 아늑 에어,5,잘 쉬다 갑니다!!!!!!!,2024.10.11,"27,000",대전광역시 중구 문창로94번길 28 (문창동)
대전 문창 아늑 에어,5,깔끔하게 잘되어있습니다,2024.10.10,"27,000",대전광역시 중구 문창로94번길 28 (문창동)
대전 문창 아늑 에어,5,방도 깨끗하고 담베냄새도 없어서 너무 좋았습니다!,2024.10.10,"27,000",대전광역시 중구 문창로94번길 28 (문창동)
대전 문창 아늑 에어,5,잘 쉬다 갑니다~~,2024.10.08,"27,000",대전광역시 중구 문창로94번길 28 (문창동)
대전 문창 아늑 에어,5,깔끔하고 컴터 잘돌아가요 좋아요~!!,2024.10.08,"27,000",대전광역시 중구 문창로94번길 28 (문창동)
대전 문창 아늑 에어,5,대전 가면 항상 이용 하는 곳 입니다,2024.10.07,"27,000",대전광역시 중구 문창로94번길 28 (문창동)
대전 문창 아늑 에어,5,좋앗습니다 감사합니다,2024.10.07,"27,000",대전광역시 중구 문창로94번길 28 (문창동)
대전 문창 아늑 에어,5,자주 들리는 숙소입니다ㅎ 만족해요,2024.10.07,"27,000",대전광역시 중구 문창로94번길 28 (문창동)
대전 문창 아늑 에어,5,숙소가 깨끗해요 잘쉬다 갑니다,2024.10.06,"27,000",대전광역시 중구 문창로94번길 28 (문창동)
대전 문창 아늑 에어,5,💛💛💛💛💛💛💛💛,2024.10.05,"27,000",대전광역시 중구 문창로94번길 28 (문창동)
대전 문창 아늑 에어,5,아늑은 언제나 좋아요 항상 재방문하고 싶은 곳입니다,2024.10.03,"27,000",대전광역시 중구 문창로94번길 28 (문창동)
대전 문창 아늑 에어,5,아늑답게 편하고 쾌적하게 잘 쉬다 갔어요,2024.09.28,"27,000",대전광역시 중구 문창로94번길 28 (문창동)
대전 문창 아늑 에어,5,너무 잘 쉬다 갑니다~,2024.09.27,"27,000",대전광역시 중구 문창로94번길 28 (문창동)
대전 문창 아늑 에어,5,내부공간이 깨끗하고 잠자리가 편하며 안마기구대여가 좋았습니다,2024.09.27,"27,000",대전광역시 중구 문창로94번길 28 (문창동)
대전 문창 아늑 에어,5,너무 잘 쉬다가 갑니다,2024.09.25,"27,000",대전광역시 중구 문창로94번길 28 (문창동)
대전 문창 아늑 에어,5,금연방이라서 냄새가 안나서 좋았습니다.,2024.09.25,"27,000",대전광역시 중구 문창로94번길 28 (문창동)
대전 문창 아늑 에어,5,연휴에 정말 잘쉬다 갑니다,2024.09.18,"27,000",대전광역시 중구 문창로94번길 28 (문창동)
대전 문창 아늑 에어,5,위치는 애매하지만 객실도 넓고 쾌적한 점이 맘에 들었습니다,2024.09.16,"27,000",대전광역시 중구 문창로94번길 28 (문창동)
대전 문창 아늑 에어,5,잘 푹 쉬다가 갑니당~,2024.09.10,"27,000",대전광역시 중구 문창로94번길 28 (문창동)
대전 문창 아늑 에어,5,"자주가는 아늑입니다 룸컨디션 정말 좋아요
깨끗합니다",2024.09.09,"27,000",대전광역시 중구 문창로94번길 28 (문창동)
대전 문창 아늑 에어,5,"숙소가 깔끔했어요
잘 묵고 갑니다~",2024.09.09,"27,000",대전광역시 중구 문창로94번길 28 (문창동)
대전 문창 아늑 에어,5,깔끔하고 배달시키기 편해요 놀기 좋아요,2024.09.09,"27,000",대전광역시 중구 문창로94번길 28 (문창동)
대전 문창 아늑 에어,5,직원분들 친절하시고 깔끔하고 좋네요!,2024.09.05,"27,000",대전광역시 중구 문창로94번길 28 (문창동)
대전 문창 아늑 에어,5,침대가 푹신하고 컴퓨터가 좋아요,2024.09.04,"27,000",대전광역시 중구 문창로94번길 28 (문창동)
대전 문창 아늑 에어,5,정말 깔끔하고 좋아요!!,2024.09.02,"27,000",대전광역시 중구 문창로94번길 28 (문창동)
대전 문창 아늑 에어,5,아늑은 늘 좋은것같아요 잘 쉬다 갑니다~,2024.09.02,"27,000",대전광역시 중구 문창로94번길 28 (문창동)
대전 문창 아늑 에어,5,깨끗하고 배수구막힘도 없이 좋았어요,2024.09.02,"27,000",대전광역시 중구 문창로94번길 28 (문창동)
대전 문창 아늑 에어,5,컴퓨터도 좋고 침대가 너무 푹신합니다. 잘 쉬다 갑니다!~,2024.08.30,"27,000",대전광역시 중구 문창로94번길 28 (문창동)
대전 문창 아늑 에어,5,다음에도 이용할예정이에요,2024.08.30,"27,000",대전광역시 중구 문창로94번길 28 (문창동)
대전 문창 아늑 에어,5,침대가 푹신하고 자기 너무 편해요~ ^^,2024.08.28,"27,000",대전광역시 중구 문창로94번길 28 (문창동)
대전 문창 아늑 에어,5,침대가 너무 푹신하고 컴퓨터가 좋네요,2024.08.25,"27,000",대전광역시 중구 문창로94번길 28 (문창동)
대전 문창 아늑 에어,5,오늘도 아늑하게 푸하하,2024.08.23,"27,000",대전광역시 중구 문창로94번길 28 (문창동)
대전 문창 아늑 에어,5,짱짜자자자자장 조음,2024.08.21,"27,000",대전광역시 중구 문창로94번길 28 (문창동)
대전 문창 아늑 에어,5,깨끗하고 냄새 없고 좋음. 아쉬운점은 에어컨에서 계속 물떨어짐.,2024.08.20,"27,000",대전광역시 중구 문창로94번길 28 (문창동)
대전 문창 아늑 에어,5,"조용하고 위치가 조아요
성심당 걸어서 가기 딱 좋음",2024.08.19,"27,000",대전광역시 중구 문창로94번길 28 (문창동)
대전 문창 아늑 에어,5,새로생겨서 깨끗하고 조아용,2024.08.18,"27,000",대전광역시 중구 문창로94번길 28 (문창동)
대전 문창 아늑 에어,5,깨끗하고 좋아요 또 갈만해요,2024.08.17,"27,000",대전광역시 중구 문창로94번길 28 (문창동)
대전 문창 아늑 에어,5,정말 청결하고 인테리어가 모던해서 자주 방문할 거 같아요,2024.08.17,"27,000",대전광역시 중구 문창로94번길 28 (문창동)
대전 문창 아늑 에어,5,깔끔하고 소음 없이 잘 지내다 갑니다!!,2024.08.13,"27,000",대전광역시 중구 문창로94번길 28 (문창동)
대전 문창 아늑 에어,5,아늑은 어딜가던 룸컨디션이 좋은것같아요 잘쉬다갑니다ㅎ,2024.08.12,"27,000",대전광역시 중구 문창로94번길 28 (문창동)
대전 문창 아늑 에어,5,새로 생겨서 그런기 깨끗하고 좋았어요,2024.08.08,"27,000",대전광역시 중구 문창로94번길 28 (문창동)
대전 문창 아늑 에어,5,너무 깨끗하고 좋아요!,2024.08.08,"27,000",대전광역시 중구 문창로94번길 28 (문창동)
대전 문창 아늑 에어,5,주변에 다 숙박시설이라 조용해서 좋았습니다,2024.08.08,"27,000",대전광역시 중구 문창로94번길 28 (문창동)
대전 문창 아늑 에어,5,새로 인테리어해서인지 깔끔했습니다,2024.08.08,"27,000",대전광역시 중구 문창로94번길 28 (문창동)
대전 문창 아늑 에어,5,일회용 어메니티 유료판매 빼고는 다 좋았어요,2024.08.08,"27,000",대전광역시 중구 문창로94번길 28 (문창동)
대전 문창 아늑 에어,5,출장으로 갔는데 깔끔하고 좋았습니다!,2024.08.08,"27,000",대전광역시 중구 문창로94번길 28 (문창동)
대전 문창 아늑 에어,5,"다른말이 필요없이
역시 정말 여기는
아늑 이에요 :)",2024.08.04,"27,000",대전광역시 중구 문창로94번길 28 (문창동)
대전 문창 아늑 에어,5,여기 진짜 좋아요!!,2024.08.01,"27,000",대전광역시 중구 문창로94번길 28 (문창동)
대전 문창 아늑 에어,5,수원 안산 신촌 대전 이렇게 지역 4곳을 이용했는데 역시나 깔끔하네요,2024.07.31,"27,000",대전광역시 중구 문창로94번길 28 (문창동)
대전 문창 아늑 에어,5,시설도 좋고 경치도 좋네요|,2024.07.30,"27,000",대전광역시 중구 문창로94번길 28 (문창동)
대전 문창 아늑 에어,5,가격도 저렴하고 친절해욤,2024.07.24,"27,000",대전광역시 중구 문창로94번길 28 (문창동)
대전 문창 아늑 에어,5,너무 좋았어요 담에 또 갈게요,2024.07.24,"27,000",대전광역시 중구 문창로94번길 28 (문창동)
대전 문창 아늑 에어,5,깨끗하고 넓어요 주차도 편합니다,2024.07.23,"27,000",대전광역시 중구 문창로94번길 28 (문창동)
대전 문창 아늑 에어,5,깔끔해요 베개가 편해서 좋아요,2024.07.22,"27,000",대전광역시 중구 문창로94번길 28 (문창동)
대전 문창 아늑 에어,5,새로 생겨서 그런가 좋음,2024.07.21,"27,000",대전광역시 중구 문창로94번길 28 (문창동)
대전 문창 아늑 에어,5,정말 가성비있고 깔끔했습니다. 너무 잘 쉬다가요~,2024.07.20,"27,000",대전광역시 중구 문창로94번길 28 (문창동)
대전 문창 아늑 에어,5,정말 가성비있고 깔끔했습니다. 너무 잘 쉬다가요~,2024.07.20,"27,000",대전광역시 중구 문창로94번길 28 (문창동)
대전 문창 아늑 에어,5,숙소가 너무 깨끗했어요,2024.07.17,"27,000",대전광역시 중구 문창로94번길 28 (문창동)
대전 문창 아늑 에어,5,숙소가 깔끔해서 좋았어요,2024.07.17,"27,000",대전광역시 중구 문창로94번길 28 (문창동)
대전 문창 아늑 에어,4,LP방 음악이 좀 지지직거리고 깨끗하게 안들리네요,2024.07.17,"27,000",대전광역시 중구 문창로94번길 28 (문창동)
대전 문창 아늑 에어,5,시설도 좋고 깔끔해서 좋았어요!,2024.07.16,"27,000",대전광역시 중구 문창로94번길 28 (문창동)
대전 문창 아늑 에어,5,진짜 예쁘고 감성 넘쳐요,2024.07.13,"27,000",대전광역시 중구 문창로94번길 28 (문창동)
대전 문창 아늑 에어,4,분위기가 좋아서 자기 좋아요,2024.07.11,"27,000",대전광역시 중구 문창로94번길 28 (문창동)
대전 문창 아늑 에어,5,숙소가 깔끔하고 주차하기 편해요,2024.07.10,"27,000",대전광역시 중구 문창로94번길 28 (문창동)
대전 문창 아늑 에어,5,호텔이 굉장히 깨끗하고 향도 좋아요!!,2024.07.10,"27,000",대전광역시 중구 문창로94번길 28 (문창동)
대전 문창 아늑 에어,5,두번째 이용인데 매번 너무 좋아요,2024.07.10,"27,000",대전광역시 중구 문창로94번길 28 (문창동)
대전 문창 아늑 에어,5,항상깔끔하고 좋아용,2024.07.09,"27,000",대전광역시 중구 문창로94번길 28 (문창동)
대전 문창 아늑 에어,5,믿음과 신뢰의 아늑,2024.07.09,"27,000",대전광역시 중구 문창로94번길 28 (문창동)
대전 문창 아늑 에어,5,컴퓨터 롤 잘 돌아갔고 로아도 살짝 잔렉이 걸렸지만 무리없이 플레이 가능했어요,2024.07.08,"27,000",대전광역시 중구 문창로94번길 28 (문창동)
대전 문창 아늑 에어,5,깔끔하고 좋아요 다만 샤워기 수압이 살짝 아쉬웠습니다ㅜㅜ,2024.07.08,"27,000",대전광역시 중구 문창로94번길 28 (문창동)
대전 문창 아늑 에어,5,너무 친절하고 깨끗했습니다,2024.07.08,"27,000",대전광역시 중구 문창로94번길 28 (문창동)
대전 문창 아늑 에어,5,깨끗하고 조용하고 좋았습니다,2024.07.07,"27,000",대전광역시 중구 문창로94번길 28 (문창동)
대전 문창 아늑 에어,5,깨끗하고 사장님도 친절하셔서 너무 만족스러웠어요,2024.07.07,"27,000",대전광역시 중구 문창로94번길 28 (문창동)
대전 문창 아늑 에어,5,"새로 리모델링 해서 깨끗하고 좋아요.
비품은 2000 원으로 구입 했어요",2024.07.07,"27,000",대전광역시 중구 문창로94번길 28 (문창동)
대전 문창 아늑 에어,5,너무 깨끗하고 너무 좋습니다 완전 다 새제품이에요,2024.07.07,"27,000",대전광역시 중구 문창로94번길 28 (문창동)
대전 문창 아늑 에어,5,너무좋아요!!!!!,2024.07.06,"27,000",대전광역시 중구 문창로94번길 28 (문창동)
대전 문창 아늑 에어,5,너무 좋아요!!!!,2024.07.06,"27,000",대전광역시 중구 문창로94번길 28 (문창동)
대전 문창 아늑 에어,5,잘 쉬다가갑니다!!,2024.07.06,"27,000",대전광역시 중구 문창로94번길 28 (문창동)
대전 문창 아늑 에어,5,"아니 진짜 베개가 미쳤어요
그리고 진짜 쾌적해요 강추",2024.07.05,"27,000",대전광역시 중구 문창로94번길 28 (문창동)
대전 문창 아늑 에어,5,"분실한 반지 찾으러 가면서
하루 더 숙박 :)",2024.07.03,"27,000",대전광역시 중구 문창로94번길 28 (문창동)
대전 문창 아늑 에어,5,아늑하게 자고 갑니다 :),2024.07.03,"27,000",대전광역시 중구 문창로94번길 28 (문창동)
대전 문창 아늑 에어,4,깨끗해서 잘쉬다 갑니다,2024.06.24,"27,000",대전광역시 중구 문창로94번길 28 (문창동)
대전 문창 아늑 에어,5,매번 깨끗하게 잘 이용했습니다 감사합니다,2024.06.23,"27,000",대전광역시 중구 문창로94번길 28 (문창동)
대전 문창 아늑 에어,5,"진짜 청결하고 너무 좋았어요!
그리고 진짜 가성비갑이에요 ㅠㅠ",2024.06.22,"27,000",대전광역시 중구 문창로94번길 28 (문창동)
대전 문창 아늑 에어,5,아늑하고 좋아요 🩵🩵,2024.06.19,"27,000",대전광역시 중구 문창로94번길 28 (문창동)
대전 문창 아늑 에어,5,진짜 깔끔하구요... 티비도 느리지않고 주변이 조용하고 친절하고 너무 좋네용 ^^ 강추,2024.06.14,"27,000",대전광역시 중구 문창로94번길 28 (문창동)
대전 문창 아늑 에어,5,좋은숙소에서 잘쉬다가 갑니다,2024.06.14,"27,000",대전광역시 중구 문창로94번길 28 (문창동)
대전 문창 아늑 에어,5,깨끗하고 넓어서 좋아요,2024.06.14,"27,000",대전광역시 중구 문창로94번길 28 (문창동)
대전 문창 아늑 에어,5,이제까지 이용했던 숙소들 중 가장 깨끗하고 방음도 잘되어서 조용히 잘 쉬었습니다. 최고!,2024.06.13,"27,000",대전광역시 중구 문창로94번길 28 (문창동)
대전 문창 아늑 에어,5,내부는 깨끗하고 괜찮고 게임수가 조금 적긴했지만 안마기구 대여가 좋았습니다,2024.06.13,"27,000",대전광역시 중구 문창로94번길 28 (문창동)
대전 문창 아늑 에어,5,너무 깔끔해서 좋았어요! 블로그 후기까지 남겼습니다 ㅋㅋㅋ,2024.06.11,"27,000",대전광역시 중구 문창로94번길 28 (문창동)
대전 문창 아늑 에어,5,담배 냄새 전혀 안나서 너무 좋아요,2024.06.11,"27,000",대전광역시 중구 문창로94번길 28 (문창동)
대전 문창 아늑 에어,5,비품을 사야해서 아쉽긴한데 깔끔하고 좋았어요,2024.06.10,"27,000",대전광역시 중구 문창로94번길 28 (문창동)
대전 문창 아늑 에어,5,너무 좋아썽오 ㅎㅎㅎ,2024.06.10,"27,000",대전광역시 중구 문창로94번길 28 (문창동)
대전 문창 아늑 에어,5,편하고 깨끗했어요 칫솔과 치약이 없어서 아쉬워요 ㅠ,2024.06.10,"27,000",대전광역시 중구 문창로94번길 28 (문창동)
대전 문창 아늑 에어,5,깔끔하고 좋아요 굿,2024.06.09,"27,000",대전광역시 중구 문창로94번길 28 (문창동)
대전 문창 아늑 에어,5,좋았습니다 다음에도 가면 꼭 저기로가려구요,2024.06.09,"27,000",대전광역시 중구 문창로94번길 28 (문창동)
대전 문창 아늑 에어,5,청결해서 넘 좋아요 ㅎㅎ,2024.06.07,"27,000",대전광역시 중구 문창로94번길 28 (문창동)
대전 문창 아늑 에어,5,좋아융유유ㅠ유유ㅠ유유ㅠㅇ,2024.06.07,"27,000",대전광역시 중구 문창로94번길 28 (문창동)
대전 문창 아늑 에어,5,깔끔하고 너무 좋았어요,2024.06.07,"27,000",대전광역시 중구 문창로94번길 28 (문창동)
대전 문창 아늑 에어,5,"첫방문..! 주차하기도 편하고 깔끔해서 만족스러웠습니다
재방문의사ㅇ",2024.06.04,"27,000",대전광역시 중구 문창로94번길 28 (문창동)
대전 문창 아늑 에어,5,깔끔하고 좋았습니다,2024.06.02,"27,000",대전광역시 중구 문창로94번길 28 (문창동)
대전 문창 아늑 에어,5,2번째 이용인데 이번에도 깨끗하고 잘 이용했습니다 감사합니다,2024.06.02,"27,000",대전광역시 중구 문창로94번길 28 (문창동)
대전 문창 아늑 에어,5,가격대비 청결도가 넘사입니다,2024.06.01,"27,000",대전광역시 중구 문창로94번길 28 (문창동)
대전 문창 아늑 에어,3,심플한 내부 나머지는 같음,2024.05.26,"27,000",대전광역시 중구 문창로94번길 28 (문창동)
대전 문창 아늑 에어,5,"근처 숙소중에 가장 깔끔한 곳이라 생각합니다
직원분도 친절해서 좋았습니다",2024.05.23,"27,000",대전광역시 중구 문창로94번길 28 (문창동)
대전 문창 아늑 에어,5,직원분이 너무 예쁘시구 친절하세영 ❤️,2024.05.20,"27,000",대전광역시 중구 문창로94번길 28 (문창동)
대전 문창 아늑 에어,5,"게임 좋아하는 커플들 무조건 추천합니다
배그 풀옵션으로 끊김없이 잘 돌아가용",2024.05.20,"27,000",대전광역시 중구 문창로94번길 28 (문창동)
대전 문창 아늑 에어,4,전반적으로 좋았습니다! 어매니티 유료였는지 몰랐네용,2024.05.19,"27,000",대전광역시 중구 문창로94번길 28 (문창동)
대전 문창 아늑 에어,5,대전갈때마다 애용하는곳인데 시설도 좋고 직원분들도 친절해서 자주방문하고싶어지는곳입니다,2024.05.18,"27,000",대전광역시 중구 문창로94번길 28 (문창동)
대전 문창 아늑 에어,5,다른 후기처럼 진짜 깨끗합니다,2024.05.15,"27,000",대전광역시 중구 문창로94번길 28 (문창동)
대전 문창 아늑 에어,5,"리모델링이 되서 객실이 깨끗합니다.
지난번에 이용시 좋았어서 재방문했습니다.",2024.05.15,"27,000",대전광역시 중구 문창로94번길 28 (문창동)
대전 문창 아늑 에어,5,신축이라 깨끗하고 인테리어도 좋았습니다 직원 응대도 친절하고 좋았어요,2024.05.14,"27,000",대전광역시 중구 문창로94번길 28 (문창동)
대전 문창 아늑 에어,5,깔끔하고 친절해요~,2024.05.14,"27,000",대전광역시 중구 문창로94번길 28 (문창동)
대전 문창 아늑 에어,5,정말 깨끗한 숙소로 기억에 남았습니다 잘 쉬다가요 감사해요,2024.05.13,"27,000",대전광역시 중구 문창로94번길 28 (문창동)
대전 문창 아늑 에어,5,신축이라 좋았습니다,2024.05.13,"27,000",대전광역시 중구 문창로94번길 28 (문창동)
대전 문창 아늑 에어,5,"출장숙소로 이용했습니다.
리모델링을 해서 깨끗하네요",2024.05.11,"27,000",대전광역시 중구 문창로94번길 28 (문창동)
대전 문창 아늑 에어,5,편히 잘 쉬었습니다,2024.05.10,"27,000",대전광역시 중구 문창로94번길 28 (문창동)
대전 문창 아늑 에어,5,12345678990,2024.05.05,"27,000",대전광역시 중구 문창로94번길 28 (문창동)
대전 문창 아늑 에어,5,인테리어 청결도 친절도 너무 좋아요!,2024.05.03,"27,000",대전광역시 중구 문창로94번길 28 (문창동)
대전 문창 아늑 에어,5,위치 편리하고 잘 쉬다 가요,2024.05.02,"27,000",대전광역시 중구 문창로94번길 28 (문창동)
대전 문창 아늑 에어,5,넘 좋아요 깔끔해서🩷,2024.05.02,"27,000",대전광역시 중구 문창로94번길 28 (문창동)
대전 문창 아늑 에어,5,조아염 배게어디꺼지 사고픔,2024.05.01,"27,000",대전광역시 중구 문창로94번길 28 (문창동)
대전 문창 아늑 에어,5,굳굳굳굳굳굳굳굳굳굳,2024.04.29,"27,000",대전광역시 중구 문창로94번길 28 (문창동)
대전 문창 아늑 에어,5,굳굳굳굳굳굳굳굳굳굳,2024.04.29,"27,000",대전광역시 중구 문창로94번길 28 (문창동)
대전 문창 아늑 에어,5,깨끗하고 너무 좋아서 다시 방문하고싶어요~,2024.04.29,"27,000",대전광역시 중구 문창로94번길 28 (문창동)
대전 문창 아늑 에어,5,시설도 좋고 깔끔해요,2024.04.28,"27,000",대전광역시 중구 문창로94번길 28 (문창동)
대전 문창 아늑 에어,5,한번만 오기에는 너무 아쉬운 ㅜㅜ 금연이고 깨끗,2024.04.28,"27,000",대전광역시 중구 문창로94번길 28 (문창동)
대전 문창 아늑 에어,5,"스타일러 관리안된거 빼곤 모두좋아요

나머지가 너무좋아서 5점
다음에도 이용할예정",2024.04.27,"27,000",대전광역시 중구 문창로94번길 28 (문창동)
대전 문창 아늑 에어,5,깨끗하고 좋아요..,2024.04.25,"27,000",대전광역시 중구 문창로94번길 28 (문창동)
대전 문창 아늑 에어,5,새로 리모델링해서 깨끗하고 주차편해서 좋았어요.,2024.04.25,"27,000",대전광역시 중구 문창로94번길 28 (문창동)
대전 문창 아늑 에어,5,"너무 깨끗하고 분위기 좋고 프런트 직원분도 친절하시고 옆에 편의점도있고
너무 좋아요",2024.04.25,"27,000",대전광역시 중구 문창로94번길 28 (문창동)
대전 문창 아늑 에어,5,타지에 많이돌아다니는데 그중최고였습니다,2024.04.25,"27,000",대전광역시 중구 문창로94번길 28 (문창동)
대전 문창 아늑 에어,5,초반에는 좋은냄새나더니 요즘엔 발냄새가 엄청나네유..;;;;,2024.04.24,"27,000",대전광역시 중구 문창로94번길 28 (문창동)
대전 문창 아늑 에어,5,깨끗하고 좋습니다.,2024.04.23,"27,000",대전광역시 중구 문창로94번길 28 (문창동)
대전 문창 아늑 에어,5,객실도깨끗하고 화장실수압도 세고 무엇조다 침대 푹신푹신해서 너무너무 좋았어요,2024.04.21,"27,000",대전광역시 중구 문창로94번길 28 (문창동)
대전 문창 아늑 에어,5,위치는 좀 한적한 곳에 있지만 깔끔하고 편안했습니다. 재방문의사 있습니다,2024.04.20,"27,000",대전광역시 중구 문창로94번길 28 (문창동)
대전 문창 아늑 에어,5,편히 잘 쉬었습니다,2024.04.20,"27,000",대전광역시 중구 문창로94번길 28 (문창동)
대전 문창 아늑 에어,5,깨끗하고 침대도 푹신하고 좋았어요,2024.04.19,"27,000",대전광역시 중구 문창로94번길 28 (문창동)
대전 문창 아늑 에어,5,잘쉬다갑니다! 시설 정말 좋았어요💕,2024.04.18,"27,000",대전광역시 중구 문창로94번길 28 (문창동)
대전 문창 아늑 에어,5,깔끔하고 전체적인 디자인이나 색감이 좋았습니다,2024.04.18,"27,000",대전광역시 중구 문창로94번길 28 (문창동)
대전 문창 아늑 에어,5,숙소도 깔끔하고 좋았어요,2024.04.17,"27,000",대전광역시 중구 문창로94번길 28 (문창동)
대전 문창 아늑 에어,5,베개좋은뎀,2024.04.16,"27,000",대전광역시 중구 문창로94번길 28 (문창동)
대전 문창 아늑 에어,5,베개어디꺼지,2024.04.16,"27,000",대전광역시 중구 문창로94번길 28 (문창동)
대전 문창 아늑 에어,5,잘쉬다가요,2024.04.15,"27,000",대전광역시 중구 문창로94번길 28 (문창동)
대전 문창 아늑 에어,5,"진짜 깨끗함 그 자체였습니다!!
재방문 의사 1000프로에요~",2024.04.14,"27,000",대전광역시 중구 문창로94번길 28 (문창동)
대전 문창 아늑 에어,5,청소상태도 좋고 깔끔했습니다,2024.04.13,"27,000",대전광역시 중구 문창로94번길 28 (문창동)
대전 문창 아늑 에어,5,사장님 친절하시구 방 깨끗하고 예뻐서 들어가면서 기분 좋아습니다 ㅎㅎ,2024.04.13,"27,000",대전광역시 중구 문창로94번길 28 (문창동)
대전 문창 아늑 에어,5,매번 편히머문다갑니다,2024.04.13,"27,000",대전광역시 중구 문창로94번길 28 (문창동)
대전 문창 아늑 에어,5,"앞으로 대전에 가면 무조건 아늑으로 갈 거예요^^
두말할 필요 없습니다~",2024.04.12,"27,000",대전광역시 중구 문창로94번길 28 (문창동)
대전 문창 아늑 에어,5,깨끗해요 좋아요~,2024.04.12,"27,000",대전광역시 중구 문창로94번길 28 (문창동)
대전 문창 아늑 에어,4,냄새빼고 좋아요,2024.04.12,"27,000",대전광역시 중구 문창로94번길 28 (문창동)
대전 문창 아늑 에어,5,항상 청결히 이용할수있어서 너무좋습니다,2024.04.11,"27,000",대전광역시 중구 문창로94번길 28 (문창동)
대전 문창 아늑 에어,5,새로 생긴 데라 엄청 깔끔하고 인테리어도 이뻐요,2024.04.10,"27,000",대전광역시 중구 문창로94번길 28 (문창동)
대전 문창 아늑 에어,5,깔끔하니 좋았어요,2024.04.09,"27,000",대전광역시 중구 문창로94번길 28 (문창동)
대전 문창 아늑 에어,5,굿굿굿 재방문의사 있음,2024.04.07,"27,000",대전광역시 중구 문창로94번길 28 (문창동)
대전 문창 아늑 에어,5,잘쉬다갑니다,2024.04.07,"27,000",대전광역시 중구 문창로94번길 28 (문창동)
대전 문창 아늑 에어,5,매우깔끔하고 좋앗습니다,2024.04.07,"27,000",대전광역시 중구 문창로94번길 28 (문창동)
대전 문창 아늑 에어,5,깨끗하고 좋습니다,2024.04.05,"27,000",대전광역시 중구 문창로94번길 28 (문창동)
대전 문창 아늑 에어,5,새로 생겨서 깔끔하고 침구듀 너무 좋았어요,2024.04.04,"27,000",대전광역시 중구 문창로94번길 28 (문창동)
대전 문창 아늑 에어,5,편하구조아용,2024.04.02,"27,000",대전광역시 중구 문창로94번길 28 (문창동)
대전 문창 아늑 에어,5,청결하고 인테리어도 예쁘고 이름 그대로 아늑합니다.스타일러도 있어서 좋았어요.,2024.03.30,"27,000",대전광역시 중구 문창로94번길 28 (문창동)
