hotel,star,review,date,price,address
대전 대흥 크리스탈 레지던스,5,대전 여행차 친구들이랑 묵었는데 위치도 좋고 친절하세요! 어메니티도 다 있고 생수도 주시고 좋았습니다~ 다음에 대전가도 여기서 묵을 것 같아요 ㅎ,2024. 11. 13,"40,000",대전광역시 중구 대종로452번길 38
대전 대흥 크리스탈 레지던스,4,"숙소는 좁지않고 깨끗하며 지내는데 문제가 없었습니다. 쾌적하게 잘 지내다 왔습니다.
약간 불편한 점은 주차장 문제가 있는데 짐내리고 근처 공영주차장에 주차했습니다. 주차비는 호텔에서 무료주차등록을 해주었습니다. 다른 한가지는 회장실에 변기와 샤워기가 가깝고 조금 좁았습니다.
그럼에도 불구하고 숙소의 상태도 좋고 유명빵집도 가깝고 위치가 좋아서 다음에도 이곳을 이용하고 싶습니다.",2024.08.04,"40,000",대전광역시 중구 대종로452번길 38
대전 대흥 크리스탈 레지던스,5,"75인치 대형TV 비닐을 뜯는 최초 사용을 했네요
노래방 기기도 있고, 넷플릭스와 디즈니 등 다양한 OTT가 시청 가능한데다 최신 게이밍pc 2대까지 모두 만족스러웠습니다.
다음 모임때 다시 사용할 계획입니다",2024.06.30,"40,000",대전광역시 중구 대종로452번길 38
대전 대흥 크리스탈 레지던스,5,"샤워 겸 화장실이 조금 작은거빼곤
다른 컨디션은 좋았어요!!
역도 가깝고 주변에 식당도 많고
1층에 편의점이라 편했어요^^",2024.10.28,"40,000",대전광역시 중구 대종로452번길 38
대전 대흥 크리스탈 레지던스,5,이번이 두번째 이용이었는데 방음도 잘 되고 컴퓨터 2대에 노래방 기기까지 쓸 수 있어서 너무 좋아요 방도 따뜻하고 멀티탭도 있고 세면용품 준비도 다 되어 있어서 너무 편해요 주방도 편해요 ~~,2024.01.01,"40,000",대전광역시 중구 대종로452번길 38
대전 대흥 크리스탈 레지던스,5,대전 뚜벅이 여행할 때 딱이네요. 수련회 온 거 같고 좋았어요. 소음도 안 심하고 근처에 역도 있고 딱이네요. 친구들과 잘 머물다 갑니다.,2024.08.21,"40,000",대전광역시 중구 대종로452번길 38
대전 대흥 크리스탈 레지던스,5,"야구장 원정갔는데, 2시입실이 메리트있어서 여기로 했어요
일찍가서 짐 놓고 몸 가볍게 야구장가니 좋더라구요
시설도 낡았을줄 알았는데 생각보다 엄청 깔끔하고 좋았어요!",2024.07.15,"40,000",대전광역시 중구 대종로452번길 38
대전 대흥 크리스탈 레지던스,5,"6인방 좋았습니다.
노래방 리스트는 좀 업데이트를 해야될것같았지만 충분히 재밌게 즐겼습니다",2024.05.13,"40,000",대전광역시 중구 대종로452번길 38
대전 대흥 크리스탈 레지던스,5,"8실6살 아이들과 함께라 레지던스호텔이라하여 큰 기대 안하고갔었어요.아이들과 야구장 다녀오고 잠만 잘 용도로 구한 숙소라 저희한텐 완벽했었네요ㅎ
약간 노후화된 느낌이 있지만 객실도 깨끗하고 2박3일 묵엇는데 수건이랑 물도 다시 채워주시더라구요.
처음엔 이마트24안에서 체크인하는게 맞나 어리둥절했어요ㅎ
직원분들 다 친절하시고 좋았고 주차도 걱정없고 성심당도 가까워서 좋았네요.
방음이 잘 되는건지 잘때 아무소리도 못듣고 모두 꿀잠잤답니다.
이번에도 또 재방문하려구요!!!^^",2024.07.28,"40,000",대전광역시 중구 대종로452번길 38
대전 대흥 크리스탈 레지던스,5,"8실6살 아이들과 함께라 레지던스호텔이라하여 큰 기대 안하고갔었어요.아이들과 야구장 다녀오고 잠만 잘 용도로 구한 숙소라 저희한텐 완벽했었네요ㅎ
약간 노후화된 느낌이 있지만 객실도 깨끗하고 2박3일 묵엇는데 수건이랑 물도 다시 채워주시더라구요.
처음엔 이마트24안에서 체크인하는게 맞나 어리둥절했어요ㅎ
직원분들 다 친절하시고 좋았고 주차도 걱정없고 성심당도 가까워서 좋았네요.
방음이 잘 되는건지 잘때 아무소리도 못듣고 모두 꿀잠잤답니다.
이번에도 또 재방문하려구요!!!^^",2024.07.28,"40,000",대전광역시 중구 대종로452번길 38
대전 대흥 크리스탈 레지던스,4,"604호에 머물렀는데 에어컨 소리가 커서 백색소음 속에 잠들었네요 대신 코고는 소리가 상쇄되어 지났습니다
화재 대비는 훌륭했습니다 완강기, 감지기 둘, 스프링쿨러",2024.09.13,"40,000",대전광역시 중구 대종로452번길 38
대전 대흥 크리스탈 레지던스,2,"주차공간 없다고 보면됨. 거의 길가에 세움
방은 일반 침대 하나 들어가는 방에 억지로 싱글베드 낑겨 넣은 느낌
그래서 한명은 커튼에 몸 부대끼며 잤음
숙소 들어가는 입구가 이마트24 통해서만 들어갈수있고 문이 아주 협소함
체크인도 이마트24에서 하고 사장님 및 직원들은 씨씨티비만 계속 보고 있어 굉장히 부담스러웠음",2024.07.25,"40,000",대전광역시 중구 대종로452번길 38
대전 대흥 크리스탈 레지던스,4,"신발장 센서등 계속 켜져서 잘때 불편한거 말고는 괜찮았습니다.
센서등 버튼 눌러봤는데 끄는건 없고 계속 키는거 밖에 없더라고요",2024.08.12,"40,000",대전광역시 중구 대종로452번길 38
대전 대흥 크리스탈 레지던스,5,"파티룸6인실에서 묵었는데 8,10인실이랑 비슷한 구성이에용 키는 카드말고 열쇠입니당
방에 노래방 기계도 있고 파티룸 전체층 안쪽에 포겟볼대랑 게임기구?랑 구비돼있어용 
저희 방 창문쪽에 뽁뽁이해놓으셔서 환기는 싱크대 창으로 했고 저희가 갔을땐 냉장고 플러그 뽑혀있어서 꽂고 사용했습니당 침대 자리를 제외하고서도 자리가 널널해서 8명 정도는 둘러 앉을 수 있을것 같아요
불편한점 없이 편의 잘봐주셔서 재밌게 잘 놀다갔어요
좀 노후된 느낌은 있어서 예민한 분들 아니시면 꼭 추천드려요!",2022.10.17,"40,000",대전광역시 중구 대종로452번길 38
대전 대흥 크리스탈 레지던스,5,"건물외관이나 객실복도가 낡아보여서 걱정했는데
객실자체는 굉장히 좋았습니다 만족해요

숙소에서 별 하나 뺀건 파티룸은 2층침대구조였는데
침대사다리가 말도안되게 얇아서 2층올라가는게 작두타는 무당이 된 느낌이여서 그랬어요ㅋㅋ

그 외에는 컴퓨터에 노래방시설에 방 바로앞엔 포켓볼등등 좋았습니다! 호텔프론토가 바로 이마트24라서 먹을거사기에도 좋았네요 :)!!

다음에 또 대전에서 모이게되면 여기로 예약하려구요~",2022.07.30,"40,000",대전광역시 중구 대종로452번길 38
대전 대흥 크리스탈 레지던스,5,"아기있는 가족은 대전숙박업 여기추천이요.
깨끗하고, 인접한곳에 은행동 번화가 있고, 숙박료도 저렴한편입니다.
아기들 있으면 온돌찾으시는데 온돌방있고, 비즈니스호텔이라 무엇보다 깔끔합니다.
화장실이 좁아서 단점일 수 있지만 금방 화장실이 데워지는 장점도 있어 추천합니다^^!",2022.05.02,"40,000",대전광역시 중구 대종로452번길 38
대전 대흥 크리스탈 레지던스,4,"대전역과 중앙로역 근처에 있어 교통이 편한 곳이다
취사시설 및 세탁기 등이 있어 유용하다
단 취사를 원할 경우 미리 연락해 확인하는 것이 필요하다
1층이 편의점이라 간편하게 이용할 수 있다",2022.06.18,"40,000",대전광역시 중구 대종로452번길 38
대전 대흥 크리스탈 레지던스,5,완전 편하고 좋았습니다. 1층 이마트24에서 체크인하고 올라가면 되고요. 비품은 치솔 치약 샴퓨 린스 바디워시 다 있어요. 8층이라 전망도 좋았습니다. 가격대비 만족하고요. 생각보다 좋았습니다,2022.10.11,"40,000",대전광역시 중구 대종로452번길 38
대전 대흥 크리스탈 레지던스,5,8명이서 갔는데 좋았습니다 다만 노래방 기계의 음질이 안좋고 최신 노래가 완전 예전거네요.,2022.07.18,"40,000",대전광역시 중구 대종로452번길 38
대전 대흥 크리스탈 레지던스,5,"대전역 근처는 여기만한데가 없는것같아요.
프론트도 친절하시고 깔끔해서 너무 좋습니다.
지금까지도 그랬지만 쭉 이용할것같아요!!!",2022.11.08,"40,000",대전광역시 중구 대종로452번길 38
대전 대흥 크리스탈 레지던스,4,파티룸에서 신나게 놀다갑니다 작년에도 왔는데 올해도 왔어요 ㅋㅋㅋ 내년에도 또 올지 모르겠네요,2022.12.05,"40,000",대전광역시 중구 대종로452번길 38
대전 대흥 크리스탈 레지던스,4,"먹거리 놀거리가 있는곳에 위치에서 너무좋습니다 취사가능하고 원룸같은 곳이에요
 이용시 룸에 봉투를 두어서 음식물쓰레기랑 일반쓰레기를 분리할수있게 해주시면 좋을것같아요 !
(필요한것 문의하면 바로 주시는센스 ! 굿)",2021.10.16,"40,000",대전광역시 중구 대종로452번길 38
대전 대흥 크리스탈 레지던스,5,"모든게 다 만족스러운 숙소였습니다!
덕분에 오랜만에 만난 지인분들하고 재밌게 놀다갑니다!",2022.10.04,"40,000",대전광역시 중구 대종로452번길 38
대전 대흥 크리스탈 레지던스,5,음식을 같이 만들수도 있고 원룸느낌나는곳! 위치도 좋고 1층 편의점이있어서 자주이용하기 좋아요 !,2021.12.29,"40,000",대전광역시 중구 대종로452번길 38
대전 대흥 크리스탈 레지던스,5,저렴하고 방도 깨끗하고 좋아요,2024. 11. 13,"40,000",대전광역시 중구 대종로452번길 38
대전 대흥 크리스탈 레지던스,5,너무나 잘 이용하고 편하게 쉬고 왔습니다,2024.10.25,"40,000",대전광역시 중구 대종로452번길 38
대전 대흥 크리스탈 레지던스,5,잘 이용했어요. 담에 또 갈께요,2024.10.25,"40,000",대전광역시 중구 대종로452번길 38
대전 대흥 크리스탈 레지던스,5,좋게 잘 쉬고 왔어요,2024.10.25,"40,000",대전광역시 중구 대종로452번길 38
대전 대흥 크리스탈 레지던스,5,지인 숙소 같이 잡았는데 잘쉬었다 갑니다^^,2024.10.07,"40,000",대전광역시 중구 대종로452번길 38
대전 대흥 크리스탈 레지던스,5,편의점도 24시 이고 다좋은데 방음은 생각보다 약했습니다ㅎ,2024.10.07,"40,000",대전광역시 중구 대종로452번길 38
대전 대흥 크리스탈 레지던스,5,생각보다 넓고 쾌적해서 좋았어요,2024.09.30,"40,000",대전광역시 중구 대종로452번길 38
대전 대흥 크리스탈 레지던스,4,프론트가 1층 편의점이랑 같이 있고 1층 통로가 좀 비좁은게 흠이지만 객실은 깨끗,2024.09.30,"40,000",대전광역시 중구 대종로452번길 38
대전 대흥 크리스탈 레지던스,5,편안히 쉬었어요^^,2024.08.24,"40,000",대전광역시 중구 대종로452번길 38
대전 대흥 크리스탈 레지던스,5,단체로 가성비있게 놀러오기 매우 좋고. 사장님 친절해요,2024.08.05,"40,000",대전광역시 중구 대종로452번길 38
대전 대흥 크리스탈 레지던스,4,편하게 잘쉬다갑니다 깨끗해요,2024.08.05,"40,000",대전광역시 중구 대종로452번길 38
대전 대흥 크리스탈 레지던스,3,깨끗 해요 편안하게 잘잤어요,2024.08.03,"40,000",대전광역시 중구 대종로452번길 38
대전 대흥 크리스탈 레지던스,3,번화가랑 가까워서 좋았어요,2024.08.03,"40,000",대전광역시 중구 대종로452번길 38
대전 대흥 크리스탈 레지던스,5,엄청 친절하시고 숙소 위치가 여행객 기준 넘 좋았습니다! 대전 여행오면 또 올거같아요,2024.07.22,"40,000",대전광역시 중구 대종로452번길 38
대전 대흥 크리스탈 레지던스,5,주말동안 잘 쉬다가요,2024.07.16,"40,000",대전광역시 중구 대종로452번길 38
대전 대흥 크리스탈 레지던스,5,종종 이용하는 숙소예요! 좋아요,2024.07.07,"40,000",대전광역시 중구 대종로452번길 38
대전 대흥 크리스탈 레지던스,5,편하게 있다 깁니다!,2024.07.02,"40,000",대전광역시 중구 대종로452번길 38
대전 대흥 크리스탈 레지던스,5,요약정리: 사장님 매우 친절하세요.,2024.06.27,"40,000",대전광역시 중구 대종로452번길 38
대전 대흥 크리스탈 레지던스,5,집 마냥 편하게 쉴 수 있고 깨끗합니다!,2024.06.23,"40,000",대전광역시 중구 대종로452번길 38
대전 대흥 크리스탈 레지던스,5,주차장도 넓고 장도 깨끗하고 직원분들이 친절하셔서 괜찮았어요,2024.06.22,"40,000",대전광역시 중구 대종로452번길 38
대전 대흥 크리스탈 레지던스,5,넓고 깨끗하고 좋았어요!!,2023.03.02,"40,000",대전광역시 중구 대종로452번길 38
대전 대흥 크리스탈 레지던스,4,마음에들어용,2023.01.08,"40,000",대전광역시 중구 대종로452번길 38
대전 대흥 크리스탈 레지던스,5,남자들끼리 축구응원을 위해서 왔는데 너무너무 만족했습니다! 최고였습니다!! ^^,2022.12.04,"40,000",대전광역시 중구 대종로452번길 38
대전 대흥 크리스탈 레지던스,4,인테리어가 자취하는 원룸같아요ㅋㅋ 세탁기 인덕션 싱크대 냉장고 있어요,2022.10.10,"40,000",대전광역시 중구 대종로452번길 38
대전 대흥 크리스탈 레지던스,5,깔끔하고 좋았습니다,2022.09.26,"40,000",대전광역시 중구 대종로452번길 38
대전 대흥 크리스탈 레지던스,5,깔끔하고 좋아요,2022.08.19,"40,000",대전광역시 중구 대종로452번길 38
대전 대흥 크리스탈 레지던스,5,잘쉬었다가요,2022.08.08,"40,000",대전광역시 중구 대종로452번길 38
대전 대흥 크리스탈 레지던스,5,출장시 이용하기 편합니다.,2022.06.20,"40,000",대전광역시 중구 대종로452번길 38
대전 대흥 크리스탈 레지던스,5,사장님 친절하시고 너무 좋았습니다~,2022.06.06,"40,000",대전광역시 중구 대종로452번길 38
대전 대흥 크리스탈 레지던스,3,시설은 나쁘지 않았어요. 찌린내같은 냄새가 많이 나서 약간 불쾌했어요.,2022.05.23,"40,000",대전광역시 중구 대종로452번길 38
대전 대흥 크리스탈 레지던스,4,"깨끗하고 조용하고 좋았습니다.
긴 머리카락이 여기저기서 발견된것 빼곤",2022.05.20,"40,000",대전광역시 중구 대종로452번길 38
대전 대흥 크리스탈 레지던스,4,"깨끗하고 조용하고 좋았습니다.
긴 머리카락이 여기저기서 발견된것 빼곤",2022.05.20,"40,000",대전광역시 중구 대종로452번길 38
대전 대흥 크리스탈 레지던스,5,청결합니다,2022.05.09,"40,000",대전광역시 중구 대종로452번길 38
대전 대흥 크리스탈 레지던스,5,항상 잘 이용하고 있오요,2022.05.02,"40,000",대전광역시 중구 대종로452번길 38
대전 대흥 크리스탈 레지던스,5,무난합니다,2022.04.10,"40,000",대전광역시 중구 대종로452번길 38
대전 대흥 크리스탈 레지던스,4,조용하고 좋아요,2022.04.06,"40,000",대전광역시 중구 대종로452번길 38
대전 대흥 크리스탈 레지던스,4,괜찮았어요,2021.11.14,"40,000",대전광역시 중구 대종로452번길 38
대전 대흥 크리스탈 레지던스,4,잘쉬다가갑니당,2021.05.30,"40,000",대전광역시 중구 대종로452번길 38
대전 대흥 크리스탈 레지던스,5,"1층에 편의점 있어요
술 왕창 사왔어요
친절하세요 ㅎㅎ",2021.05.01,"40,000",대전광역시 중구 대종로452번길 38
대전 대흥 크리스탈 레지던스,5,좋아요 ㅎㅎ,2021.01.02,"40,000",대전광역시 중구 대종로452번길 38
대전 대흥 크리스탈 레지던스,5,잘 쉬다 갑니다,2020.12.26,"40,000",대전광역시 중구 대종로452번길 38
대전 대흥 크리스탈 레지던스,5,취사 가능한 원룸 느낌,2020.12.26,"40,000",대전광역시 중구 대종로452번길 38
대전 대흥 크리스탈 레지던스,4,편의점으로 들어가야함,2020.12.13,"40,000",대전광역시 중구 대종로452번길 38
대전 대흥 크리스탈 레지던스,5,취사도 가능하고 편하고 좋습니다,2020.09.27,"40,000",대전광역시 중구 대종로452번길 38
