hotel,star,review,date,price,address
대전 용전 타임터미널 BY 아늑 2호점,5,"아늑 타임 터미널2호점이 생겼다하여 가보았습니다 2호점에는 따로 프론트가 없어 1호로 가시면 프론트 직원분이 키를 건내주십니다 (흰색마스크 쓰신 남자직원분 항상 너무 친절하십니다 늘 감사합니다)
오늘은 룸업글을 해주셨는데 너무 넓고 신축이라 너무 깨끗했습니다 특히 4인용 테이블이 너무 마음에 들었습니다 빔프로젝트 방향과도 일치하여 밥먹으면서 불편함없이 영화시청도 했습니다 그리고 침대 시트 커버도 실크재질인지는 모르겠지만 너무 부드럽고 좋았습니다 화장실 비데도 너무 좋고 욕조도 크고 샤워기도 두개여서 너무 편하게 잘 이용했습니다 아 그리고 냉장고에 종이컵 그리고 테이블엔 머그잔도4개 있더라구요 다른 모텔들과는 다르게 정말 호텔스러운 느낌이 굉장히 컸습니다 하나하나 섬세하게 준비 해놓으신게 티가 나더라구요 가족단위 또는 친구들과 와서 즐기면 정말 좋을거같습니다 고민하지마시고 예약하세요 여러분 아늑은 사랑입니다❤️ 그리고 마스크쓰신 프론트 직원분 건물두개 같이 관리하시는거 같은데 ㅠㅠ 고생이 많으십니다 .. 늘 밝은미소 친절함 다시한번 감사합니다!!",2024.07.15,"29,700",대전광역시 동구 동서대로1683번길 76-9
대전 용전 타임터미널 BY 아늑 2호점,5,여태 숙박업소 다니면서 후기 쓴 적 한 번도 없는데 여긴 너무 좋았어서 후기 씁니다 !!! 새로 지은 숙소라 그런지 너무 깔끔하고 좋았어요! 보드게임도 일층에서 빌려갈 수 있구요 운이 좋아서 사장님께서 룸 업그레이드도 해주셨는데 방도넓고 침대도 푹신푹신 했습니다..! 배수 잘 안 된다는 후기 있었는데 제가 있던 방은 배수도 잘 되고 수압도 좋았어요! 그리고 제일 기분이 좋았던건 사장님께서 너무너무너무 친절하셨어요 ㅠ 많은 숙박 업소 다녀봤지만 서비스도 1층에 구비된 일회용 젓가락 숫가락도 사장님의 센스가 돋보였어요.. 💓 대전 처음으로 놀러왔는데 덕분에 기분 좋게 쉬다 갑니다! 대전역이랑은 조금 거리가 있지만 택시타면 10분 15분이면 도착해서 다음에도 재방문하려구요 ㅠㅠ 사장님 친절과 방 들어가자마자 룸 컨디션에 이건 후기 남겨야겠다 싶어서 사진부터 찍었습니다 ㅋㅋㅋ ㅎㅎ,2024.09.01,"29,700",대전광역시 동구 동서대로1683번길 76-9
대전 용전 타임터미널 BY 아늑 2호점,5,제가 숙소 이용은 많이 해봤지만 리뷰는 처음 달아보는데 너무너무 친절하시고 마음에 들어서 안달 수가 없었어요! 대실 했는데 제가 시간을 확인 못해서 퇴실이 조금 늦었던 상황이었는데도 화내시지도 않고 친절하게 대응해 주시고 오히려 시간 더 드리고 싶다며 말해주시는데 거기서 여태 다녀본 숙소 중에 여기가 최고다.. 여자친구 때문에 대전 자주 오게 될 텐데 여기로 매번 와야겠다고 생각했어요! 프론트에 계신 분 정말 친절하시고 숙소도 깨끗하고 덕분에 너무너무 만족했습니다!!! 완전 단골 예약이에요 번창하세요 :),2024.09.21,"29,700",대전광역시 동구 동서대로1683번길 76-9
대전 용전 타임터미널 BY 아늑 2호점,5,"여자 세 명이서 숙소 들어가자마자 방방 뛰고 좋아했어요(ﾉ◕ヮ◕)ﾉ*:･ﾟ✧ 사실 숙소는 침구랑 청결만 따지기 바빴는데, 여기 숙소는 감각적으로 예쁘기도 예뻐서 더 맘에 들었어요.(당연히 침구류&청결도 완벽했습니다.) 데스크 직원분도 친절하셨고, 1층에 무료 어메니티들도 좋더라고요.
나중에 또 여럿이서 대전갈 일 생기면 꼭 다시 예약하고 싶어요^///^ 감사했습니다!",2024.10.08,"29,700",대전광역시 동구 동서대로1683번길 76-9
대전 용전 타임터미널 BY 아늑 2호점,5,"신축숙소답게 방이 너무 깨끗하고 1층에 편의사항있는게 은근히 너무편리하였습니다.
크고 작은 민원사항도 모두 친절하고 프로패셔널하게 대응해주셔서 편하게 잘쉬고갑니다.
주변에 놀거리도많고 제일중요한건 어디를가던 딱 여기가 중심이라 이동하기 정말편리했습니다.
강.력.추.천",2024.08.30,"29,700",대전광역시 동구 동서대로1683번길 76-9
대전 용전 타임터미널 BY 아늑 2호점,5,"대전복합터미널 근처 숙소 중에 가장 원탑입니다! 저는 대전 여행와서, 짐 맡는 것도 가능해서 좋았고요. 객실 종류나 객실 시간 다앙해서 좋았어요. 다만, 방음이 조금 아쉬웠어요ㅠㅠ!!",2024.09.12,"29,700",대전광역시 동구 동서대로1683번길 76-9
대전 용전 타임터미널 BY 아늑 2호점,5,"출장으로 2박 연박으로 사용했습니다
보통은 퇴실후 다시 입실시간에 오라고 하는데도 있는데
이틀 짐놔두고 편하게 잘있다 갑니다
카운터 직원이 너무 친절하네요 100점
하나 아쉬운건 샤워할때 배수가 잘안되요..",2024.08.19,"29,700",대전광역시 동구 동서대로1683번길 76-9
대전 용전 타임터미널 BY 아늑 2호점,5,"출장으로 2박 연박으로 사용했습니다
보통은 퇴실후 다시 입실시간에 오라고 하는데도 있는데
이틀 짐놔두고 편하게 잘있다 갑니다
카운터 직원이 너무 친절하네요 100점
하나 아쉬운건 샤워할때 배수가 잘안되요..",2024.08.19,"29,700",대전광역시 동구 동서대로1683번길 76-9
대전 용전 타임터미널 BY 아늑 2호점,5,"새로 생긴 곳이라 그런지 넘넘 깨끗하고 좋았어요!!
대전 놀러가면 또 묵고 싶을 만큼 마음에 들었습니다. 
신분증 맡기면 데스크에서 보드게임, 고데기도 빌릴 수 있어요
짐 보관도 되고 전반적으로 모두 좋았습니다",2024.08.26,"29,700",대전광역시 동구 동서대로1683번길 76-9
대전 용전 타임터미널 BY 아늑 2호점,5,숙소가 깨끗하고 다른 투숙객들과 마주칠 일도 별로 없이 조용하고 너무 좋았습니다. 샤워 부스 물 빠지는 속도가 좀 느린 것 빼고는 욕실과 침구 상태도 좋아요.,2024.09.08,"29,700",대전광역시 동구 동서대로1683번길 76-9
대전 용전 타임터미널 BY 아늑 2호점,5,깨끗한객실과 편안한 침대가 맘에들었습니다. 주변에 술먹을곳이 별로없긴하지만 터미널접근성과 넓은주차장이 굉장히 인상적이었습니다. 덕분에 편히 잘쉬다갑니다,2024.10.10,"29,700",대전광역시 동구 동서대로1683번길 76-9
대전 용전 타임터미널 BY 아늑 2호점,5,"아이 대학입시때문에 한달전 미리 예약했어요
깨끗하고 좋았습니다
입학하연 꼭 여기서 숙박하렵니다",2024.10.20,"29,700",대전광역시 동구 동서대로1683번길 76-9
대전 용전 타임터미널 BY 아늑 2호점,5,마스크 쓰신 남자 직원분의 세심한 배려와 친절함 덕분에 이 호텔을 지속적으로 방문하게 되는 것 같습니다 감사합니다,2024.10.06,"29,700",대전광역시 동구 동서대로1683번길 76-9
대전 용전 타임터미널 BY 아늑 2호점,5,"피방보다 컴사양 훨씬좋아서 밤새면서 겜했습니다. 냄새도 하나없고, 깨끗하고 침구류도 아주 좋더라구요! 자주 이용하겠습니다! 감사합니다 사장님 번창하세용~",2024.09.13,"29,700",대전광역시 동구 동서대로1683번길 76-9
대전 용전 타임터미널 BY 아늑 2호점,5,"전체적으로 숙소가 깔끔하고 컨셉도 확실해서 너무 좋았습니다! 직원분들도 친절하고 늦은시간까지 요구사항에 잘 대처해주시는 것을 보면 대전에서 최고 숙소아닐까 싶네요!
다음에 또 오겠습니다~",2024.09.08,"29,700",대전광역시 동구 동서대로1683번길 76-9
대전 용전 타임터미널 BY 아늑 2호점,5,새로생겨서 화장실도 깨끗하고 너무 좋았어요 특히 조명이 이렇게 마음에 들었던 적은 처음이에요 그리고 에어컨이 침대쪽으로 향하고 있지 않아서 건조하지 않게 잘 잘 수 있었어요 ! 또 방문할거에요!,2024.09.02,"29,700",대전광역시 동구 동서대로1683번길 76-9
대전 용전 타임터미널 BY 아늑 2호점,5,"자주 이용하면서 후기는 잘 안남기는 편이고
일이있어서 자주 대전 호텔에서 머물러야하는데
항상 깨끗하고 직원분들이 친절해서 타임 1.2으로만
가게되었습니다",2024.08.28,"29,700",대전광역시 동구 동서대로1683번길 76-9
대전 용전 타임터미널 BY 아늑 2호점,5,닌텐도 재밌게 하느라 시간 가는 줄 몰랐어요 ㅎㅎ 숙소 컨셉이 약간 레고처럼 귀엽게 꾸며져 있더라구요! 역시 믿고 예약하는 아늑이에요!,2024.11.02,"29,700",대전광역시 동구 동서대로1683번길 76-9
대전 용전 타임터미널 BY 아늑 2호점,5,"자주 이용하는 시설입니다.
깨끗하고 먼지도 다른 곳에 비해 덜한 편이라
쾌적하게 잘 이용하고 있습니다",2024.09.09,"29,700",대전광역시 동구 동서대로1683번길 76-9
대전 용전 타임터미널 BY 아늑 2호점,5,오픈한지 얼마 안 되었다고 들었는데 그래서인지 아직 약간 그런 흔적이 있긴했지만 오히려 좋기도 했습니다.,2024.07.14,"29,700",대전광역시 동구 동서대로1683번길 76-9
대전 용전 타임터미널 BY 아늑 2호점,5,"두번째로 방문했는데 역시나 편하고 아늑해서 좋아요👍
다음에 또 대전 방문할때 올게요~~😊😊",2024.10.28,"29,700",대전광역시 동구 동서대로1683번길 76-9
대전 용전 타임터미널 BY 아늑 2호점,5,"역시는 역시... 아늑은 아늑 말이 필요 없네요
명불허전이네요 너무 좋았습니다 잘 쉬다 갑니다!",2024.10.18,"29,700",대전광역시 동구 동서대로1683번길 76-9
대전 용전 타임터미널 BY 아늑 2호점,5,숙소 깨끗하고 위치도 터미널 근처라 접근성 좋아서 자주 방문합니다. 엄청 깔끔하고 좋아요!,2024.09.18,"29,700",대전광역시 동구 동서대로1683번길 76-9
대전 용전 타임터미널 BY 아늑 2호점,5,깔끔하고 침구류도 깨끗해서 좋았어요 전반적으로 다 만족했습니다!! 또 가게되면 여기숙소 이용할것같아요,2024.08.13,"29,700",대전광역시 동구 동서대로1683번길 76-9
대전 용전 타임터미널 BY 아늑 2호점,5,사장님 너무 친절하시고 관리도 잘되있고 인테리어가 너무 좋습니다 모든게 편하고 신경쓰시는게 보여서 최고입니다👍,2024.08.03,"29,700",대전광역시 동구 동서대로1683번길 76-9
대전 용전 타임터미널 BY 아늑 2호점,5,"처음 방문했는데 깨끗하고 아주 편안했습니다!
특히 베개가 아주 좋았어요ㅎㅎ 덕분에 푹 쉬다 갑니다~",2024.08.11,"29,700",대전광역시 동구 동서대로1683번길 76-9
대전 용전 타임터미널 BY 아늑 2호점,5,"깨끗하고 재밌게 잘 이용했어요
더위를 시원하게 보낼 수 있는 플스~!
마리오 재밌음 ㅎ_ㅎ",2024.08.10,"29,700",대전광역시 동구 동서대로1683번길 76-9
대전 용전 타임터미널 BY 아늑 2호점,5,1호점도 여러번이용했었는데 좋았어서 2호점뜨길래 예약했어요!! 아직 공사중이시더라구요?? 무인으로 운영된다해서 갔는데 아직 키오스크 사용 못하니 1호점으로 체크인가세요!! 왔다갔다했어요ㅋㅋㅋ... 1층에 커피머신이랑 얼음기계있어서 너무 좋구용!! 역시 인테리어가 심플하면서 포인트있게 너무 귀엽고 좋아요~~ 주변에 편의시설 많아서 더 좋구요ㅎㅎㅎ 깔끔하고 향기나고!! 근데 샤워할때 물이 고여서 잘 안내려가더라구요~ 저는 여기 라텍스베개 너무 젛아해요ㅋㅋㅋ 신발장에 슬리퍼도있어서 1층왔다갔다 편해요~ 숙박시설 베개 불편한곳 많은데 요긴 정말 좋아요ㅎㅎㅎ 냉장고에 팩도 있더라구요?! 쾌적한곳에서 너무 즐겁게 쉬다갔어요!! 아쉬운점은 옷걸이가 좀 아쉽네요!! 가운걸었던 걸이만 있었어요~ 1호점에는 스타일러가있았어서 더 아쉬운느낌입니다ㅎㅎ 그대신 방은 더 넓고 테이블도 넓직하고~ 장단점이 있는것같아요!! 다른방도 궁금하네욧~,2024.07.24,"29,700",대전광역시 동구 동서대로1683번길 76-9
대전 용전 타임터미널 BY 아늑 2호점,5,"용전 타임터미널 단골이라서 1호점을 늘 갔었는데
예약하려고 보니 2호점도 생겼더라구요!!! 그래서 너무 궁금해서 2호점으로 예약하고 잘 머무르다 갔어요💖
사장님!!! 보자마자 저희를 알아봐주시고 밝게 인사해주셔서 감사해요🥹👍🏻💛 여전히 용전 타임터미널은 핫해요 핫해❤️‍🔥 방도 스피커룸으로 업그레이드 시켜주셔서 넘 감사했어요ㅠㅠ 노래도 빵빵하게 잘 듣고 신나게 놀았어요👍🏻👍🏻
다만 아쉬운 점이 하나 있다면 숙소도 깨끗하고 너무너무 깔끔했지만 씻을 때 물이 잘 안 내려갔어용ㅠㅠ 다 씻고 물을 꺼야만 천천히 내려가더라구요🥹🥹 이 점만 빼고 나머지는 너무너무 좋았어요!!!!! 1호점만의 분위기와 2호점만의 분위기는 약간 색다른 거 같아요>_< 저는 1호점을 저희 집처럼 가다보니 1호점한테 더 정이 가요💖
2호점도 많은 사람들이 자주 예약해주시고 방문해주시면 좋겠어요!!!! 용전 타임터미널 저만 알고 싶은 숙소… 사장님이 너무너무 친절하셔서 더 가고 싶은 숙소🏠 항상 갈 때마다 얼굴 기억해주시고 친절하게 대해주셔서 정말 감사해용ㅠ_ㅠ 진짜 후기 남길 때마다 하는 말이지만 진짜 너무너무 감사해요🩵🩵 다음엔 로비에 있는 게임기 빌려서 게임하고 놀아야겠어용ㅎㅎ 2호점 오픈 너무너무 축하드려요👏🏻🎊🎉💚 자주자주 갈게요 사장님❤️‍🔥",2024.07.29,"29,700",대전광역시 동구 동서대로1683번길 76-9
대전 용전 타임터미널 BY 아늑 2호점,5,"1호점도 여러번이용했었는데 좋았어서 2호점뜨길래 예약했어 요!! 나ㅏㅁ자친구가 타임터미널아늑 방문하고부터 여기만 가요ㅋㅋㅋㅋ 다른데 싫데요,, 아직 공사중이시더라구요!? 무인으로 운영된다해서 갔는 데 아직 키오스크 사용 못하니 1호점으로 체크인가세요!! 1층에 커피머신이랑 얼음기계있어서 너무 좋 구용!! 2호점 인테리어도 심플하면서 포인트있어서 좋 아요~~ 주변에 편의시설 많아서 정말 편하구요ㅎㅎㅎ 배달시킬것도 많아요! 리모델링 뽝 해서 깔끔하고 향 기나고!! 근데 이번에도 샤워할때 물이 고여서 잘 안내려가더라구요~ 신발장에 슬리퍼도있 어서 1층왔다갔다 편해요~ 저는 여기 라텍스베개 너무 좋아해요ㅋ ㅋㅋ숙박시설 베개 불편한곳 많은데 요긴 정말 좋아요ㅎㅎㅎ 냉장고에 팩도 있더라구요?! 쾌적한곳에 서 너무 즐겁게 쉬다갔어요!! 아쉬운점은 옷걸이가 좀 아쉽네 요! 가운걸었던 옷걸이만 있었어요~ 1호점에는 스타일러가있던걸 알아서 더 아쉬운느낌입니다ㅎㅎ 그대신 방은 더 넓고 테이블도 넓직 하고~ 장단점이 있는것같아요!! 다른방도 궁금하네욧~",2024.08.19,"29,700",대전광역시 동구 동서대로1683번길 76-9
대전 용전 타임터미널 BY 아늑 2호점,5,"전에 한 번 갔다가 좋았던 기억이 문뜩 떠올라서 다시 와봤어요!! 전에는 1호점을 이용하였는데 이번에는 2호점이 오픈했다고 해서 2호점으로 가봤어요! 사진 왼쪽이 1호점이고 오른쪽이 2호점이랍니다! 17일 기점으로 2호점 체크인은 1호점에서 진행해야 됐답니다 ㅎㅎ
2번째 3번째 사진은 체크인 진행하는 로비인데 엄청 잘 꾸며놓으셨더라고요!! 다들 방문하면 쓰윽 둘러보는 거 추천 드릴게요!
17일 날 날이 더워서 숙박 체크인 시간이 20시길래 대실을 15시 부터 20시로 맞춰놓았더니 여자 사장님..?!분께서 센스 있게 15시부터 숙박까지 가능한 방으로 주셔서 너무 감사했답니다ㅎㅎㅎ❣️ 저는 스피커 방으로 주셔서 노래도 짱짱하니 잘 틀고 숙박하였으며, 방 컨디션은 너무나도 깔끔하고 좋았습니다!!! 다만 아쉬운 점은..! 샤워할 때 하수구 물 내려가는 게 살짝 느렸지만 불편함을 느낄 정도는 아니었습니다! 이번 24일 ~ 25일도 예약해서 갈려고 예정 중입니다! 이번에 가서는 내부 사진도 찍어올리도록 하겠습니다! 리뷰 봐주셔서 감사합니다! 용전 타임터미널 흥해라 흥~!
(맞다.. 그리구 지갑 연락 주셔서 감사합니다!!! 너무 환하게 웃어서 당황스러우셨을텐데 제가 웃상이라서 그런가봅니다..ㅎㅎ)",2024.08.21,"29,700",대전광역시 동구 동서대로1683번길 76-9
대전 용전 타임터미널 BY 아늑 2호점,3,"준비가 안되어있다는 리뷰를 보았는데 아직 오픈을 하면 안될정도였네요. 1호점에 비해 가격 좀 저렴하게 하고 준비안된 숙소 미리 체험하는 얼리엑세스 숙소같은 느낌입니다. 주차장은 페인트 작업중이라 쓰레기들이 남아있고 1층 로비엔 달지 않은 간판, 이런건 그러려니 합니다. 그런데 1층에 아직 무인체크인도 준비되어있지 않아서 옆 건물가서 체크인 체크아웃 해야하고, 객실 내 에어컨에 공사의 흔적이 여전히 남아있고 객실에 페인트 냄새가 계속올라옵니다.",2024.07.28,"29,700",대전광역시 동구 동서대로1683번길 76-9
대전 용전 타임터미널 BY 아늑 2호점,5,"1편에 이어서 쓰자면 대전복합 주변이라 먹거리도 많고 놀거리도 많답니다!
객실 내부도 깔끔하고, 특히 화장실이 너무 깔끔해서 대부분의 모텔보다 청결함에 되게 많이 신경 쓰는구나 라고 생각이 들었답니다! 특히 이 침구가.. 와 침구가 미쳤습니다 적당한 푹신함과 적당히 허리를 잡아주는 쿠션감.. 너무 좋더라고요👍👍 아! 그리고 마지막으로 여길 추천하는 가장 큰 이유는 이 베개가.. 라텍스 베개더라고요?! 진짜 목이 오랜만에 힐링하면서 잤답니다ㅠㅠㅠㅠ 여긴 정말 너무나도 잘 될 겁니다!! 오늘도 다들 행복하세요!",2024.08.24,"29,700",대전광역시 동구 동서대로1683번길 76-9
대전 용전 타임터미널 BY 아늑 2호점,3,새로 리모델링해서 시설은 깨끗하고 좋았습니다. 하지만 체크인을 옆 1호점해서 해야한다는 건 미리 공지가 되어있으면 좋겠네요. 그리고 객실 현관문을 열고 계셔서 인지 객실안에 모기가 있었는데 에프킬라 같은 물품도 비치가 되어있으면 좋을 듯 하네요. 방음은 새벽에 옆 객실 소리가 너무 잘 들릴 정도입니다. 참고해주세요,2024.07.25,"29,700",대전광역시 동구 동서대로1683번길 76-9
대전 용전 타임터미널 BY 아늑 2호점,5,침구도 푹신하여 잠자기 좋았어요. 좀 문창동 아늑이랑 외관 디자인이 많이 비슷했었습니다. 그래도 주변에 복합터미널이 있어 잡근성이 좋았습니다. 무비스테이션 방을 이용했었는데 넓고 습기차서 제습기를 가져다 준게 좋았습니다.,2024.09.08,"29,700",대전광역시 동구 동서대로1683번길 76-9
대전 용전 타임터미널 BY 아늑 2호점,5,타임터미널 1호점이 더 좋긴하지만 침구도 푹신하여 잠자기 좋았어요. 좀 문창동 아늑이랑 외관 디자인이 많이 비슷했었습니다. 그래도 주변에 복합터미널이 있어 잡근성이 좋았습니다,2024.09.08,"29,700",대전광역시 동구 동서대로1683번길 76-9
대전 용전 타임터미널 BY 아늑 2호점,4,깔끔하고 좋아요 체크인을 하러 1호점 가야하는데 친절하셔서 아주 좋았어요 어메니티는 구매해야하고 방은 알록달록 아기자기해요. 화장실 물빠짐이 느리긴 하지만 안 내려갈 정도는 아니에요,2024.10.20,"29,700",대전광역시 동구 동서대로1683번길 76-9
대전 용전 타임터미널 BY 아늑 2호점,5,혼자 세미나 때문에 이틀 숙박했는데 진짜 깔끔해요! 업무차 세종에서 숙소가 없어서 왔는데 넓진 않디지만 깔끔하고 신식이고 인테리어들도 좋았어요. 전반적으로 모텔 말고 파티룸 느낌? 재 숙박 의사도 있습니다.,2024.08.29,"29,700",대전광역시 동구 동서대로1683번길 76-9
대전 용전 타임터미널 BY 아늑 2호점,4,리모델링해서 깨끗합니다. 시설도 좋고 아직 공사중이라 조금 어수선. 화장실 샤워할때 물이 잘 안빠지는데 그거빼면 좋습니다,2024.07.18,"29,700",대전광역시 동구 동서대로1683번길 76-9
대전 용전 타임터미널 BY 아늑 2호점,5,"친구들이랑 갔는데 진짜 넘 좋았어요~ 대전 가면 항상 여기 예약할 것 같아요!! 근데 테이블, 소파 등이 각져있어서 찍히기 쉬우니 조심해야 합니닷",2024.09.30,"29,700",대전광역시 동구 동서대로1683번길 76-9
대전 용전 타임터미널 BY 아늑 2호점,5,"새건물이라서 그런지 시설은 정말 심플하고 깨끗해서 좋았어요
특히 침대랑 베게가 편해서 완전 꿀잠 잤네요
재방문 의사 100%에요",2024.07.22,"29,700",대전광역시 동구 동서대로1683번길 76-9
대전 용전 타임터미널 BY 아늑 2호점,5,"아주아주 너무너무 만족스러웠어요 저렴한 가격대에.. 넓은 방, 훌륭한 컨디션까지 도대체가 맘에 안드는 부분이 엊ㅅ었습니다~ 추천",2024.07.27,"29,700",대전광역시 동구 동서대로1683번길 76-9
대전 용전 타임터미널 BY 아늑 2호점,5,"말해뭐해 특가때 꼭!!!!! 여기서 주무세요
관리가 철저하고 깨끗합니다 깔끔이 아니라 깨끗",2024.07.16,"29,700",대전광역시 동구 동서대로1683번길 76-9
대전 용전 타임터미널 BY 아늑 2호점,5,바로옆에 2호점 생겨서 다녀와봤는데 리모델링해서 깔끔한건 당연하고 수건 새거라서 좋아욬 ㅋ,2024.07.25,"29,700",대전광역시 동구 동서대로1683번길 76-9
대전 용전 타임터미널 BY 아늑 2호점,5,"숙소가 너무 깔끔하고 좋았어요!
다만 욕실 배수가 잘 안 되는 거 같았고 1호점에서 체크인 체크아웃 하는게 살짝 불편했어요.",2024.08.26,"29,700",대전광역시 동구 동서대로1683번길 76-9
대전 용전 타임터미널 BY 아늑 2호점,5,"깨끗하고 조용해서 좋아요.
침대가 푹신해서 정말 좋네요.
다만 화장실 물 빠지는게 좀 느려요",2024.08.16,"29,700",대전광역시 동구 동서대로1683번길 76-9
대전 용전 타임터미널 BY 아늑 2호점,5,최근에 지어진 건물이라 그런지 청소에 신경 쓰셔서 그런지 청결 상태가 매우 좋았습니다. 방도 조금 작다고 느껴질 순 있지만 두 명이 머물다 가기 적당했고 수압도 좋고 냉방도 좋았어요. 그러나 새로 지은 건물이라 아직 조금 마무리되지 못한 부분이 있고 페인트인지 냄새가 많이 납니다. 창문 열고 공청기 켜놓으니 조금 빠진데다 코가 적응해서 괜찮아지긴 했어요. 샤워기 쪽 배수가 잘 안됩니다. 이건 빨리 개선해야할 부분 같습니다. 사실 이것 빼곤 다 좋아요!!,2024.08.06,"29,700",대전광역시 동구 동서대로1683번길 76-9
대전 용전 타임터미널 BY 아늑 2호점,4,터미널 근처라 교통도 좋고 방도 너무 깨끗하고 좋았습니다. 조금 아쉬웠던건 밤에 근처 나이트가 있어서 그런지 소음이 좀 있더라구요. 그거말고는 최고였습니다.,2024.08.08,"29,700",대전광역시 동구 동서대로1683번길 76-9
대전 용전 타임터미널 BY 아늑 2호점,2,"연박 시 3만원 추가 비용 존재. 사전 공지 없음.

청소 요청 안 했는데, 청소 진행 후 전화로 생뚱맞은 소리 전달.

1호점에서 체크인 필요.

4시 입실 적어뒀지만, 잘못 기재한 것이라며 우선 다른 방에서 대기하다 6시 이후에 다시 방 옮김.

모기 등 날벌레 다수 존재.


참고로 상품명이 플레이 스테이션인 거지 플레이 스테이션 게임기가 있단 뜻은 아님.",2024.09.18,"29,700",대전광역시 동구 동서대로1683번길 76-9
대전 용전 타임터미널 BY 아늑 2호점,4,방이 좁은 건 둘째치는데 화장실이 너무 좁았어요. 볼일 보려고 앉으면 무릎이 벽이랑 가까워서 일어나면 벽이랑 부딪힐 정도로 화장실이 좁았고 몰랐는데 나갈때쯤 이불 보니까 얼룩 자국이 있어요,2024.10.26,"29,700",대전광역시 동구 동서대로1683번길 76-9
대전 용전 타임터미널 BY 아늑 2호점,5,객실도 깨끗하고 갈 때마다 만족합니다 좋아용,2024. 11. 16,"29,700",대전광역시 동구 동서대로1683번길 76-9
대전 용전 타임터미널 BY 아늑 2호점,5,잘 묵었습니다 좋아요,2024. 11. 13,"29,700",대전광역시 동구 동서대로1683번길 76-9
대전 용전 타임터미널 BY 아늑 2호점,5,모든면에서만족~~선택후회노~우,2024. 11. 13,"29,700",대전광역시 동구 동서대로1683번길 76-9
대전 용전 타임터미널 BY 아늑 2호점,5,잘 묵었습니다~~~,2024.11.08,"29,700",대전광역시 동구 동서대로1683번길 76-9
대전 용전 타임터미널 BY 아늑 2호점,5,잘 묵었습니다~~~,2024.11.08,"29,700",대전광역시 동구 동서대로1683번길 76-9
대전 용전 타임터미널 BY 아늑 2호점,5,출장으로 방문하여 잘 쉬었다 갑니다~,2024.11.07,"29,700",대전광역시 동구 동서대로1683번길 76-9
대전 용전 타임터미널 BY 아늑 2호점,5,객실 들어갔는데 냄새가 너무 좋았습니다 그리고 근처에 먹을 곳이 많아요,2024.11.07,"29,700",대전광역시 동구 동서대로1683번길 76-9
대전 용전 타임터미널 BY 아늑 2호점,5,항상잘다니구있습니다,2024.11.05,"29,700",대전광역시 동구 동서대로1683번길 76-9
대전 용전 타임터미널 BY 아늑 2호점,5,깔끔하고 너무 편하게 지내다갑니다,2024.11.04,"29,700",대전광역시 동구 동서대로1683번길 76-9
대전 용전 타임터미널 BY 아늑 2호점,5,출장시 매번 이용하는 호텔로 쾌적하고 편하게 묶고왛읍니다,2024.11.04,"29,700",대전광역시 동구 동서대로1683번길 76-9
대전 용전 타임터미널 BY 아늑 2호점,5,"깔끔하고, 분위기 좋아요",2024.11.04,"29,700",대전광역시 동구 동서대로1683번길 76-9
대전 용전 타임터미널 BY 아늑 2호점,5,출장 방문했는데 잘 쉬었다 갑니다,2024.11.01,"29,700",대전광역시 동구 동서대로1683번길 76-9
대전 용전 타임터미널 BY 아늑 2호점,5,출장 방문했는데 잘 쉬었다 갑니다,2024.11.01,"29,700",대전광역시 동구 동서대로1683번길 76-9
대전 용전 타임터미널 BY 아늑 2호점,5,조용히 잘 쉬다 갑니다,2024.10.29,"29,700",대전광역시 동구 동서대로1683번길 76-9
대전 용전 타임터미널 BY 아늑 2호점,5,출장중 방문했는데 항상 만족합니다~,2024.10.26,"29,700",대전광역시 동구 동서대로1683번길 76-9
대전 용전 타임터미널 BY 아늑 2호점,5,이보다 깨끗한 곳은 없었네요..최공!,2024.10.24,"29,700",대전광역시 동구 동서대로1683번길 76-9
대전 용전 타임터미널 BY 아늑 2호점,4,편하게 푹쉬었습니다,2024.10.22,"29,700",대전광역시 동구 동서대로1683번길 76-9
대전 용전 타임터미널 BY 아늑 2호점,4,편하게 푹쉬었습니다,2024.10.22,"29,700",대전광역시 동구 동서대로1683번길 76-9
대전 용전 타임터미널 BY 아늑 2호점,4,편하게 푹쉬었습니다,2024.10.22,"29,700",대전광역시 동구 동서대로1683번길 76-9
대전 용전 타임터미널 BY 아늑 2호점,5,편하게 푹쉬었습니다,2024.10.22,"29,700",대전광역시 동구 동서대로1683번길 76-9
대전 용전 타임터미널 BY 아늑 2호점,5,청결이 매우좋고 컨셉이 재밌어요,2024.10.15,"29,700",대전광역시 동구 동서대로1683번길 76-9
대전 용전 타임터미널 BY 아늑 2호점,5,깨끗하고 좋아요. 만족합니다,2024.10.14,"29,700",대전광역시 동구 동서대로1683번길 76-9
대전 용전 타임터미널 BY 아늑 2호점,5,항상 출장시 이용하고있어요. 가격도 저렴하고 빙도 깨끗합니다,2024.10.14,"29,700",대전광역시 동구 동서대로1683번길 76-9
대전 용전 타임터미널 BY 아늑 2호점,5,"늘
만족해요 배게에 얼룩하나 있었어요",2024.10.13,"29,700",대전광역시 동구 동서대로1683번길 76-9
대전 용전 타임터미널 BY 아늑 2호점,5,늘 가는 숙소 깨끗ㅎ용,2024.10.12,"29,700",대전광역시 동구 동서대로1683번길 76-9
대전 용전 타임터미널 BY 아늑 2호점,5,좋았어요 또 갈게요,2024.10.09,"29,700",대전광역시 동구 동서대로1683번길 76-9
대전 용전 타임터미널 BY 아늑 2호점,5,너무 마음에 드는 숙소입니다,2024.10.07,"29,700",대전광역시 동구 동서대로1683번길 76-9
대전 용전 타임터미널 BY 아늑 2호점,5,레고의집같은 귀여운느낌의객실,2024.10.07,"29,700",대전광역시 동구 동서대로1683번길 76-9
대전 용전 타임터미널 BY 아늑 2호점,5,깔끔하고 좋았습니다,2024.10.06,"29,700",대전광역시 동구 동서대로1683번길 76-9
대전 용전 타임터미널 BY 아늑 2호점,5,오픈한지 얼마안된곳이라그런지 깔끔하고 좋아요,2024.10.05,"29,700",대전광역시 동구 동서대로1683번길 76-9
대전 용전 타임터미널 BY 아늑 2호점,5,지금까지 대전 여러 곳을 방문했지만 여기만큼 만족도 높은 곳은 없었어요~,2024.10.04,"29,700",대전광역시 동구 동서대로1683번길 76-9
대전 용전 타임터미널 BY 아늑 2호점,5,좋아요!!!👍👍,2024.10.03,"29,700",대전광역시 동구 동서대로1683번길 76-9
대전 용전 타임터미널 BY 아늑 2호점,5,"4번째 방문인데 여전히 친절하시고 최고였어요
늘 이곳만 이용합니다. 친절최고",2024.09.30,"29,700",대전광역시 동구 동서대로1683번길 76-9
대전 용전 타임터미널 BY 아늑 2호점,5,"너무 좋아요오오오
추천히ㅏ요오오오",2024.09.29,"29,700",대전광역시 동구 동서대로1683번길 76-9
대전 용전 타임터미널 BY 아늑 2호점,5,출장중에 항상 잘 쉬었다 갑니다,2024.09.28,"29,700",대전광역시 동구 동서대로1683번길 76-9
대전 용전 타임터미널 BY 아늑 2호점,5,출장중에 항상 잘 쉬었다 갑니다,2024.09.28,"29,700",대전광역시 동구 동서대로1683번길 76-9
대전 용전 타임터미널 BY 아늑 2호점,5,덕분에 대전출장 잘 다녀왔습니다.,2024.09.28,"29,700",대전광역시 동구 동서대로1683번길 76-9
대전 용전 타임터미널 BY 아늑 2호점,5,도보 특가로 저렴하게 편히 쉬고 왔어요,2024.09.27,"29,700",대전광역시 동구 동서대로1683번길 76-9
대전 용전 타임터미널 BY 아늑 2호점,5,좋았어요 재방문 강추,2024.09.26,"29,700",대전광역시 동구 동서대로1683번길 76-9
대전 용전 타임터미널 BY 아늑 2호점,5,"숙소 너무 청결하고 좋습니다!
사장님도 친절하시고 좋아요~",2024.09.24,"29,700",대전광역시 동구 동서대로1683번길 76-9
대전 용전 타임터미널 BY 아늑 2호점,5,시설도 깔끔하고 너무 좋았습니다,2024.09.23,"29,700",대전광역시 동구 동서대로1683번길 76-9
대전 용전 타임터미널 BY 아늑 2호점,5,깔끔하고 감성적인 방이었어요 프론트 여직원분 친절하셔서 좋았습니다,2024.09.19,"29,700",대전광역시 동구 동서대로1683번길 76-9
대전 용전 타임터미널 BY 아늑 2호점,5,"너무 좋았습니다.
 N번째 이용 중입니다^^",2024.09.19,"29,700",대전광역시 동구 동서대로1683번길 76-9
대전 용전 타임터미널 BY 아늑 2호점,5,깨끗하고 좋습니다.,2024.09.17,"29,700",대전광역시 동구 동서대로1683번길 76-9
대전 용전 타임터미널 BY 아늑 2호점,5,"객실이 깨끗하고 좋더라구요
최근에 지어서 그런지..ㅎㅎ
편하게 쉬다왔습니다!",2024.09.15,"29,700",대전광역시 동구 동서대로1683번길 76-9
대전 용전 타임터미널 BY 아늑 2호점,5,깨끗한 곳에서 편히 쉬다갑니다,2024.09.15,"29,700",대전광역시 동구 동서대로1683번길 76-9
대전 용전 타임터미널 BY 아늑 2호점,5,깨끗하고 담배 냄새 안나요~,2024.09.14,"29,700",대전광역시 동구 동서대로1683번길 76-9
대전 용전 타임터미널 BY 아늑 2호점,5,아늑허니.좋아요 ㅎ.ㅎ,2024.09.14,"29,700",대전광역시 동구 동서대로1683번길 76-9
대전 용전 타임터미널 BY 아늑 2호점,5,항상 이용하는곳입니다. 청결하고 친절하고 좋습니다,2024.09.13,"29,700",대전광역시 동구 동서대로1683번길 76-9
대전 용전 타임터미널 BY 아늑 2호점,5,항상 대전 출장갈때 잘 이용하고 있습니다~~,2024.09.13,"29,700",대전광역시 동구 동서대로1683번길 76-9
대전 용전 타임터미널 BY 아늑 2호점,5,항상 대전 출장갈때 잘 이용하고 있습니다~~,2024.09.13,"29,700",대전광역시 동구 동서대로1683번길 76-9
대전 용전 타임터미널 BY 아늑 2호점,5,깨끗해요 좋아용 화장실도 깨끗하고 관리를 잘하는거같아요,2024.09.12,"29,700",대전광역시 동구 동서대로1683번길 76-9
대전 용전 타임터미널 BY 아늑 2호점,5,잘묵고갑니다~~~~~,2024.09.09,"29,700",대전광역시 동구 동서대로1683번길 76-9
대전 용전 타임터미널 BY 아늑 2호점,5,편하게 잘 묵고 갑니다! 조만간 또 묵으려구요,2024.09.08,"29,700",대전광역시 동구 동서대로1683번길 76-9
대전 용전 타임터미널 BY 아늑 2호점,5,아주아주 좋았습니다 ㅎㅎ 또 이용하고 싶어요,2024.09.08,"29,700",대전광역시 동구 동서대로1683번길 76-9
대전 용전 타임터미널 BY 아늑 2호점,5,간편히 묵고가기 좋습니다,2024.09.08,"29,700",대전광역시 동구 동서대로1683번길 76-9
대전 용전 타임터미널 BY 아늑 2호점,5,깔끔하고 좋았습니다~,2024.09.06,"29,700",대전광역시 동구 동서대로1683번길 76-9
대전 용전 타임터미널 BY 아늑 2호점,5,깨끗해서 좋아요. 추천합니다.,2024.09.06,"29,700",대전광역시 동구 동서대로1683번길 76-9
대전 용전 타임터미널 BY 아늑 2호점,5,딤배냄새 안나고 깨끗해요,2024.09.06,"29,700",대전광역시 동구 동서대로1683번길 76-9
대전 용전 타임터미널 BY 아늑 2호점,5,담배냄새 안나고 깨끗해요,2024.09.06,"29,700",대전광역시 동구 동서대로1683번길 76-9
대전 용전 타임터미널 BY 아늑 2호점,5,깨끗하고 관리가 잘되어있는데 창문은 없다고 보는게 나을듯요..옆건물이랑 붙어있어요,2024.09.05,"29,700",대전광역시 동구 동서대로1683번길 76-9
대전 용전 타임터미널 BY 아늑 2호점,4,깔끔하지만 방음은 잘 안돼요,2024.09.05,"29,700",대전광역시 동구 동서대로1683번길 76-9
대전 용전 타임터미널 BY 아늑 2호점,5,깨끗해서 좋습니다.,2024.09.02,"29,700",대전광역시 동구 동서대로1683번길 76-9
대전 용전 타임터미널 BY 아늑 2호점,5,깨끗하고 친절해서 기분좋게 묵고갑니다!!,2024.09.01,"29,700",대전광역시 동구 동서대로1683번길 76-9
대전 용전 타임터미널 BY 아늑 2호점,5,편하게 잘 쉬었다 갑니다,2024.08.30,"29,700",대전광역시 동구 동서대로1683번길 76-9
대전 용전 타임터미널 BY 아늑 2호점,5,사장님 너무 친절하세요 또 올게요,2024.08.30,"29,700",대전광역시 동구 동서대로1683번길 76-9
대전 용전 타임터미널 BY 아늑 2호점,5,리모델링 너무 잘해놔서 정말 편하고 깨끗한곳에서 묵었다갑니다. 감사합니다 푹 쉬었어요,2024.08.26,"29,700",대전광역시 동구 동서대로1683번길 76-9
대전 용전 타임터미널 BY 아늑 2호점,5,깨끗하고 좋아요~~,2024.08.26,"29,700",대전광역시 동구 동서대로1683번길 76-9
대전 용전 타임터미널 BY 아늑 2호점,5,넓고 공용공간 많고 깔끔하고 냄새 안나고 시설 잘 되어있고 최고입니당,2024.08.25,"29,700",대전광역시 동구 동서대로1683번길 76-9
대전 용전 타임터미널 BY 아늑 2호점,5,욕실자체도 깨끗하게 되어있고 중간문이 있어서 소음방지로도 좋았던거 같습니다,2024.08.23,"29,700",대전광역시 동구 동서대로1683번길 76-9
대전 용전 타임터미널 BY 아늑 2호점,5,깨끗해요 근데 방음이 잘 안돼요,2024.08.22,"29,700",대전광역시 동구 동서대로1683번길 76-9
대전 용전 타임터미널 BY 아늑 2호점,5,항상 만적스러운 서비스와 청결입니다,2024.08.22,"29,700",대전광역시 동구 동서대로1683번길 76-9
대전 용전 타임터미널 BY 아늑 2호점,5,대전오면 가끔 머무르는데 깨끗하고 좋습니다,2024.08.19,"29,700",대전광역시 동구 동서대로1683번길 76-9
대전 용전 타임터미널 BY 아늑 2호점,5,처음 방문인데 깔끔하고 넓어서 좋았어요!,2024.08.16,"29,700",대전광역시 동구 동서대로1683번길 76-9
대전 용전 타임터미널 BY 아늑 2호점,5,좋아요잘쉬다갑니담ㅇ,2024.08.16,"29,700",대전광역시 동구 동서대로1683번길 76-9
대전 용전 타임터미널 BY 아늑 2호점,5,좋아요 잘쉬다갑니ㅏ,2024.08.16,"29,700",대전광역시 동구 동서대로1683번길 76-9
대전 용전 타임터미널 BY 아늑 2호점,5,좋아요 잘쉬다갑니다,2024.08.16,"29,700",대전광역시 동구 동서대로1683번길 76-9
대전 용전 타임터미널 BY 아늑 2호점,5,출장마다 이곳에서 휴식 잘하고 갑니다~,2024.08.09,"29,700",대전광역시 동구 동서대로1683번길 76-9
대전 용전 타임터미널 BY 아늑 2호점,5,출장마다 이곳에서 휴식 잘하고 갑니다~,2024.08.09,"29,700",대전광역시 동구 동서대로1683번길 76-9
대전 용전 타임터미널 BY 아늑 2호점,5,오늘도 아늑 하게 자고 갑니다 :),2024.08.09,"29,700",대전광역시 동구 동서대로1683번길 76-9
대전 용전 타임터미널 BY 아늑 2호점,5,자주이용중입니다. 깨끗하고 편해요,2024.08.08,"29,700",대전광역시 동구 동서대로1683번길 76-9
대전 용전 타임터미널 BY 아늑 2호점,5,친구들과 모임하기에 딱 좋습니다. 사장님도 너무 친절하세요~,2024.08.08,"29,700",대전광역시 동구 동서대로1683번길 76-9
대전 용전 타임터미널 BY 아늑 2호점,5,출장시 항상이용중이예요 깨끗하고 편합니다,2024.08.07,"29,700",대전광역시 동구 동서대로1683번길 76-9
대전 용전 타임터미널 BY 아늑 2호점,5,아늑은 항상 좋음ㅎㅁ,2024.08.05,"29,700",대전광역시 동구 동서대로1683번길 76-9
대전 용전 타임터미널 BY 아늑 2호점,5,"완전 깨끗한 곳이었어요 푹쉬다갑니다 
다음에도 이용할거예요",2024.08.04,"29,700",대전광역시 동구 동서대로1683번길 76-9
대전 용전 타임터미널 BY 아늑 2호점,5,완전 깨끗하고 좋아요!!!,2024.08.03,"29,700",대전광역시 동구 동서대로1683번길 76-9
대전 용전 타임터미널 BY 아늑 2호점,5,깨끗하고 편하게 이용하고 있습니다!,2024.08.01,"29,700",대전광역시 동구 동서대로1683번길 76-9
대전 용전 타임터미널 BY 아늑 2호점,5,굿입니다굿입니다굿입ㄴ,2024.08.01,"29,700",대전광역시 동구 동서대로1683번길 76-9
대전 용전 타임터미널 BY 아늑 2호점,5,모든게 좋았습니다 다음에 또 이용하겠습니다,2024.07.31,"29,700",대전광역시 동구 동서대로1683번길 76-9
대전 용전 타임터미널 BY 아늑 2호점,5,출장시 꼭 이용하는 숙소입니다. 깨끗하고 침대가 편해요,2024.07.31,"29,700",대전광역시 동구 동서대로1683번길 76-9
대전 용전 타임터미널 BY 아늑 2호점,5,직원분이 친절합니다,2024.07.31,"29,700",대전광역시 동구 동서대로1683번길 76-9
대전 용전 타임터미널 BY 아늑 2호점,5,"406호에서 자써요
화장실 샤워부스 아래 물이 늦게 빠져요 ㅠㅠ",2024.07.30,"29,700",대전광역시 동구 동서대로1683번길 76-9
대전 용전 타임터미널 BY 아늑 2호점,5,깨끗해서 편히 쉬다 왔어요~,2024.07.30,"29,700",대전광역시 동구 동서대로1683번길 76-9
대전 용전 타임터미널 BY 아늑 2호점,5,깨끗하고 편하게 이용했어요,2024.07.28,"29,700",대전광역시 동구 동서대로1683번길 76-9
대전 용전 타임터미널 BY 아늑 2호점,5,아늑은 항상 옳군요,2024.07.27,"29,700",대전광역시 동구 동서대로1683번길 76-9
대전 용전 타임터미널 BY 아늑 2호점,5,2박했으면 말이 필요없겠죠^^,2024.07.27,"29,700",대전광역시 동구 동서대로1683번길 76-9
대전 용전 타임터미널 BY 아늑 2호점,5,"좋은방에서 편히 쉬고 갑니다
나중에 가족,친구 모임할때 너무 좋겠어요:)",2024.07.27,"29,700",대전광역시 동구 동서대로1683번길 76-9
대전 용전 타임터미널 BY 아늑 2호점,5,깨끗하고 침구류 상태가 완전 좋고 편했어요,2024.07.26,"29,700",대전광역시 동구 동서대로1683번길 76-9
대전 용전 타임터미널 BY 아늑 2호점,5,너무너무너무너무 깔끔하고 좋았어요,2024.07.25,"29,700",대전광역시 동구 동서대로1683번길 76-9
대전 용전 타임터미널 BY 아늑 2호점,5,방 진짜 깔끔해서 너무 좋았고 직원 분들도 너무 친절하십니다!,2024.07.25,"29,700",대전광역시 동구 동서대로1683번길 76-9
대전 용전 타임터미널 BY 아늑 2호점,4,대신예약햇는데 좋앗길,2024.07.25,"29,700",대전광역시 동구 동서대로1683번길 76-9
대전 용전 타임터미널 BY 아늑 2호점,5,깔끄하고 좋았슴키나,2024.07.24,"29,700",대전광역시 동구 동서대로1683번길 76-9
대전 용전 타임터미널 BY 아늑 2호점,5,두번째 이용.. 깔끔하고 푹 잤습니다,2024.07.24,"29,700",대전광역시 동구 동서대로1683번길 76-9
대전 용전 타임터미널 BY 아늑 2호점,5,친절하시고 진짜 깨끗하고 좋았습니다👍👍👍,2024.07.23,"29,700",대전광역시 동구 동서대로1683번길 76-9
대전 용전 타임터미널 BY 아늑 2호점,5,새로 오픈해서 룸 너무 깔끔하고 인테리어도 예뻐요 ㅎㅎ,2024.07.23,"29,700",대전광역시 동구 동서대로1683번길 76-9
대전 용전 타임터미널 BY 아늑 2호점,5,조아요👏👏👏👏,2024.07.22,"29,700",대전광역시 동구 동서대로1683번길 76-9
대전 용전 타임터미널 BY 아늑 2호점,5,새건물이여서 조용하구 깨끗하고 아주 좋았어요!! 침대도 무척 푹신해용,2024.07.21,"29,700",대전광역시 동구 동서대로1683번길 76-9
대전 용전 타임터미널 BY 아늑 2호점,5,깨끗하고 좋아요~~~,2024.07.21,"29,700",대전광역시 동구 동서대로1683번길 76-9
대전 용전 타임터미널 BY 아늑 2호점,5,"신축이라 깨끗해요
인테리어는 약간 타임1하고는 달라요",2024.07.18,"29,700",대전광역시 동구 동서대로1683번길 76-9
대전 용전 타임터미널 BY 아늑 2호점,5,깨끗하고 냄새도 좋고 굿굿!!,2024.07.14,"29,700",대전광역시 동구 동서대로1683번길 76-9
대전 용전 타임터미널 BY 아늑 2호점,5,깨끗하고 너무 좋았어용!! 다만..모기가 너무 많았던게 아쉽네융ㅜㅜ,2024.07.14,"29,700",대전광역시 동구 동서대로1683번길 76-9
대전 용전 타임터미널 BY 아늑 2호점,5,오픈한지몇일도 안되서 냄새가 좀 나긴하지만 그래도 깔끔하고 깨끗하고 좋았습니다👍,2024.07.11,"29,700",대전광역시 동구 동서대로1683번길 76-9
대전 용전 타임터미널 BY 아늑 2호점,5,"신축이라 깔끔하고 좋았어요
아직 공사중이라 조금은 어수선합니다!",2024.07.11,"29,700",대전광역시 동구 동서대로1683번길 76-9
