hotel,star,review,date,price,address
호텔 얌 유성온천,5,봉명동 최고의 숙소,2022.06.08,"74,250",대전광역시 유성구 온천서로 30-13
호텔 얌 유성온천,4,"사장님 너무 친절하십니다
다만 주차장이 협소하고 수건이 조금 오래됐어요",2024.10.17,"74,250",대전광역시 유성구 온천서로 30-13
호텔 얌 유성온천,4,체크인이 오후10시에다 주차공간도협소해서 접근성은 확실히 별로에요.. 욕조있는 곳예약한건데 옛날식이라 좁은..그것외에는 사장님 친절하시고 좋아요,2024.06.17,"74,250",대전광역시 유성구 온천서로 30-13
호텔 얌 유성온천,5,좋아요 또 오겠습니다,2024.04.30,"74,250",대전광역시 유성구 온천서로 30-13
호텔 얌 유성온천,2,유성온천역과 봉명동 가깝고 사장님 친절하시네요,2024.04.09,"74,250",대전광역시 유성구 온천서로 30-13
호텔 얌 유성온천,5,다시 이용예정입니다,2024.04.01,"74,250",대전광역시 유성구 온천서로 30-13
호텔 얌 유성온천,5,"유성에 있는 숙박업소중 가장 깨끗한 것 같아요
출장 올 때마다 예약합니다",2024.03.05,"74,250",대전광역시 유성구 온천서로 30-13
호텔 얌 유성온천,5,"출장차 들렀는데 만족했습니다.
전반적으로 객실 관리가 잘 되는것 처럼 보였습니다. 가격도 합리적입니다. 하루 잘 쉬었습니다.",2024.03.05,"74,250",대전광역시 유성구 온천서로 30-13
호텔 얌 유성온천,5,"유성 얌호텔 정말 강추입니다!!!
들어가자마자 여사장님 두분이 반갑게 웃으면서 맞이 해주셔서 너무나 기분이 좋았어요.
체크인 시간보다 조금 일찍 갔지만 흔쾌히 입실 해주시고,
거기다가 무료 업그레이드까지 완전 감동입니다 ♡♡
방에 들어서니 금연룸으로 업그레이드 해주셔서 그런지
담배냄새뿐만 아니라 호텔 특유의 냄새가 1도 안나서 또 한번 만족!!!
방도 따뜻하고 거기에다가 전기장판까지 있고 조용해서
완전 꿀잠잤어요♡♡
1층 로비에 생수와 토스트 계란 커피까지 있어서 또 한번 감동(계란 정말 맛있어요ㅋ)
완전 가성비 짱입니다!!!
퇴실할때도 따뜻하게 인사 해주시고 푹주무셨냐고 물어봐주셔서 기분좋게 인사드리고 나왔습니다.
아무리 시설이 좋아도 불친절하면 안가게 되는데
너무나 친절하시고 깨끗해서 대전가면 꼭 가겠습니다~~",2024.03.05,"74,250",대전광역시 유성구 온천서로 30-13
호텔 얌 유성온천,2,"공기청정기 있는방으로 사진엔 나와있는데 구비되어있지않고 욕조는 랜덤이라고 써있었는데 저희는 없는방이였네요 집안에 가습기가 고장나서 코가 막혀 못자는 상황에 당일 늦은시간 부랴부랴 예약했는데 이미지엔 나와있는데 방안엔 청정기가 없었네요 가격대비 너무 별로에요
돈이 좀 아깝단 생각이 듭니다 급하게 하루묵어도 시설이 좋다면 추후 재방문 의사도 있겠지만, 그건 아닌것같네요 커피머신때메 돈을 더받는건지 일반적인 숙소에 비해 비쌌고 별로입니다
차라리 다른숙소를 알아보면 더 가성비 좋은곳 알아볼수있었을것 같네요 진짜 잠만 자고오실분만 추천드리고 연인과 가시는분들은 그냥 돈더 내시고 다른곳 가시거나 가성비 좋은곳 가세요
여긴 아닌것같네요",2023.12.01,"74,250",대전광역시 유성구 온천서로 30-13
호텔 얌 유성온천,2,"담배냄새가 너무 많이나서 창문열고 지냄.
시트 및 욕조 등에 담배 구멍 등...
비추합니다.",2023.10.09,"74,250",대전광역시 유성구 온천서로 30-13
호텔 얌 유성온천,1,"솔직히 두번은 못가겠네요.. 주차장은 좁아터져서 키맡겨야되고 계속 내차만 빼나 계속 차 잠그는소리나서 신경쓰이고 (아침까지) 매트리스 시트에는 벼룩인지 뭔지 벌레가 기어다니고 세면대는 찬물이 졸졸 나오고 침대옆에 있는건뭥미.. 욕실에있어야하는거아닌가.. 
욕실은 샤워기호스 언제 닦았는지 때가 시커멓고 몸에닿을때마다 기분..참. 
거울에 누군지모를 여자머리카락에 바닥엔 띵털..
이금액이 마땅치가 않습니다.
반값내고 차라리 여관을 가겠네요. 아주 실망입니다..
사장님은 친절하시나, 본인이 주무실 수 있는 객실인지 
엄격히 점검하시고 리모델링이 시급해보이는 숙소였네요..",2023.09.07,"74,250",대전광역시 유성구 온천서로 30-13
호텔 얌 유성온천,2,내부 청결 상태가 조금...ㅠ,2023.07.16,"74,250",대전광역시 유성구 온천서로 30-13
호텔 얌 유성온천,5,엄청 좋고편합니다,2023.06.14,"74,250",대전광역시 유성구 온천서로 30-13
호텔 얌 유성온천,5,하루묵기 좋아요,2023.04.26,"74,250",대전광역시 유성구 온천서로 30-13
호텔 얌 유성온천,5,편하게 잘 쉬었어요,2023.02.23,"74,250",대전광역시 유성구 온천서로 30-13
호텔 얌 유성온천,5,굳입니다ㅎ,2023.02.12,"74,250",대전광역시 유성구 온천서로 30-13
호텔 얌 유성온천,5,일정때문에 급하게 숙박잡는다고 어플로 흡연룸으로 결제했는데 카운터에서 여쭤봐주셔서 금연룸으로 변경해주셨어요 감사합니다 ☺️,2022.12.20,"74,250",대전광역시 유성구 온천서로 30-13
호텔 얌 유성온천,5,"처음방문 만족합니다.
온천온수 너무 좋았습니다.
아쉬운점. 옷을 걸어놓을옷걸이가 부족했어요.",2022.11.27,"74,250",대전광역시 유성구 온천서로 30-13
호텔 얌 유성온천,4,주차가 아쉽네요,2022.10.30,"74,250",대전광역시 유성구 온천서로 30-13
호텔 얌 유성온천,5,하룻밤 묵고 가기 좋습니다,2022.10.18,"74,250",대전광역시 유성구 온천서로 30-13
호텔 얌 유성온천,4,샤워실 이용이 불편해요,2022.10.11,"74,250",대전광역시 유성구 온천서로 30-13
호텔 얌 유성온천,5,너무 친절하시고 청결하게 관리 해주셔서 편하게 잘 쉬었습니다. 다음에도 이용할 생각 있습니다^^,2022.10.04,"74,250",대전광역시 유성구 온천서로 30-13
호텔 얌 유성온천,5,좋아요^^ 직원분들 친절하시고 가성비굿!,2022.10.02,"74,250",대전광역시 유성구 온천서로 30-13
호텔 얌 유성온천,4,잘 지내고 왔어요~^^,2022.09.10,"74,250",대전광역시 유성구 온천서로 30-13
호텔 얌 유성온천,4,"청소를 꼼꼼히 해주심 좋겠어요~
잘 자고 왔어요^^",2022.09.10,"74,250",대전광역시 유성구 온천서로 30-13
호텔 얌 유성온천,5,잘 쉬다갈게요,2022.09.04,"74,250",대전광역시 유성구 온천서로 30-13
호텔 얌 유성온천,4,기대안했는데 가격대비 가성비도 좋고 방도 깔끔.,2022.07.26,"74,250",대전광역시 유성구 온천서로 30-13
호텔 얌 유성온천,5,잘쉬다갑니다,2022.06.16,"74,250",대전광역시 유성구 온천서로 30-13
호텔 얌 유성온천,3,호텔 아니라 깔끔한 모텔 정도입니다,2022.06.16,"74,250",대전광역시 유성구 온천서로 30-13
호텔 얌 유성온천,5,봉명동 최고의 숙소,2022.06.08,"74,250",대전광역시 유성구 온천서로 30-13
호텔 얌 유성온천,4,깔끔하고좋아요뷰도좋고요,2022.04.13,"74,250",대전광역시 유성구 온천서로 30-13
호텔 얌 유성온천,5,친절하게 잘해 주셔서 너무 감사합니다 ㅎㅎ,2022.02.21,"74,250",대전광역시 유성구 온천서로 30-13
호텔 얌 유성온천,4,방음이 잘 안되는 것 같아요ㅠㅠ 윗층에서 쿵쿵대는게 계속 들리고 로비에서 하는 말소리가 다 들리네요ㅠㅠ 그거 말고는 불편한게 없던 것 같아요~,2022.01.03,"74,250",대전광역시 유성구 온천서로 30-13
호텔 얌 유성온천,4,깨끗합니다 ㅎㅎ,2021.12.27,"74,250",대전광역시 유성구 온천서로 30-13
호텔 얌 유성온천,4,"욕조에서 온천욕하면서 피로를 풀수있어서 좋았습니다. 다만, 전에 쓰던 사람 수건과 머리카락은 조금 불쾌했습니다.",2021.10.11,"74,250",대전광역시 유성구 온천서로 30-13
호텔 얌 유성온천,5,깨끗하고 친절하시고 조용합니다,2021.09.23,"74,250",대전광역시 유성구 온천서로 30-13
호텔 얌 유성온천,5,굿굿굿굿굿,2021.06.29,"74,250",대전광역시 유성구 온천서로 30-13
호텔 얌 유성온천,5,사장님 친절하고 좋아요!,2021.04.18,"74,250",대전광역시 유성구 온천서로 30-13
호텔 얌 유성온천,5,좋았습니다~,2021.04.08,"74,250",대전광역시 유성구 온천서로 30-13
호텔 얌 유성온천,5,잘 쉬다 갑니다. 깔끔하고 좋았어요.,2021.04.05,"74,250",대전광역시 유성구 온천서로 30-13
호텔 얌 유성온천,5,항상 친절하시고 최선을 다하시는게 보여요. 출장갈때마다 애용하는 곳입니다.,2021.03.29,"74,250",대전광역시 유성구 온천서로 30-13
호텔 얌 유성온천,4,괜찮았습니다,2021.03.26,"74,250",대전광역시 유성구 온천서로 30-13
호텔 얌 유성온천,4,잘쉬고 갑니다,2021.03.24,"74,250",대전광역시 유성구 온천서로 30-13
호텔 얌 유성온천,5,담배냄새빼곤 굳,2020.12.31,"74,250",대전광역시 유성구 온천서로 30-13
호텔 얌 유성온천,5,친절하고 깨끗했어요 방음도 잘되었어요,2020.11.24,"74,250",대전광역시 유성구 온천서로 30-13
호텔 얌 유성온천,5,좋았습니다. 또 이용할께요,2020.11.02,"74,250",대전광역시 유성구 온천서로 30-13
호텔 얌 유성온천,4,사장님이 친절하심. 주차장이 좁긴한데 부탁하면 발렛해주셔서 좋았어요.,2020.11.02,"74,250",대전광역시 유성구 온천서로 30-13
호텔 얌 유성온천,5,"직원분들 모두 다 친절하시고 객실 상태도 쾌적합니다~
다음에 또 묵을게요 ㅎㅎ",2020.10.12,"74,250",대전광역시 유성구 온천서로 30-13
호텔 얌 유성온천,5,깔끔하고 침대도편했어요,2020.08.16,"74,250",대전광역시 유성구 온천서로 30-13
호텔 얌 유성온천,4,업그레이드해주시고 넘 좋았아용,2020.07.30,"74,250",대전광역시 유성구 온천서로 30-13
호텔 얌 유성온천,4,좋았습니다^^,2020.07.12,"74,250",대전광역시 유성구 온천서로 30-13
호텔 얌 유성온천,5,"사장님이 친절하심. 방도 깨끗. 
욕실있는 금연실 사용.. 현장에서 금연실 추가비용 냈음~",2020.07.11,"74,250",대전광역시 유성구 온천서로 30-13
호텔 얌 유성온천,5,생각보다 깨끗하고 만족스러웠습니다.,2020.07.08,"74,250",대전광역시 유성구 온천서로 30-13
호텔 얌 유성온천,5,깨끗하고 사장님도 친절하시고 조식도 맛있게 잘 먹었습니다!! 최고에요,2020.06.19,"74,250",대전광역시 유성구 온천서로 30-13
호텔 얌 유성온천,5,자주 이용하는 업소,2020.06.03,"74,250",대전광역시 유성구 온천서로 30-13
호텔 얌 유성온천,5,깔끔하고 좋았습니다,2020.06.01,"74,250",대전광역시 유성구 온천서로 30-13
호텔 얌 유성온천,5,만족합니다,2020.05.26,"74,250",대전광역시 유성구 온천서로 30-13
호텔 얌 유성온천,4,"친절하셔서 좋앗어영
아쉬웠던건 연식이 된 에어컨....
그래도 편하게 잘 쉬었다갓습니다",2020.05.18,"74,250",대전광역시 유성구 온천서로 30-13
호텔 얌 유성온천,5,짱이에으여,2020.05.04,"74,250",대전광역시 유성구 온천서로 30-13
호텔 얌 유성온천,5,잘 자고갔습니다.,2020.04.25,"74,250",대전광역시 유성구 온천서로 30-13
호텔 얌 유성온천,5,좋았어요! 방도 깔끔하고 편히 쉬다갔어요!,2020.04.05,"74,250",대전광역시 유성구 온천서로 30-13
호텔 얌 유성온천,5,좋았습니다,2020.04.03,"74,250",대전광역시 유성구 온천서로 30-13
호텔 얌 유성온천,3,게이밍 피시라고 되어있었눈데 롤 하나 돌리기 벅찰정도의 사양의 컴퓨터라서 조금 실망했네요 ㅜㅡㅜ 사장님은 너무 친절하시고 나머지는 다 좋았어요 !,2020.03.21,"74,250",대전광역시 유성구 온천서로 30-13
호텔 얌 유성온천,5,좋아요!^^,2020.03.16,"74,250",대전광역시 유성구 온천서로 30-13
호텔 얌 유성온천,5,깔끔하고 좋았어요~~~,2020.03.02,"74,250",대전광역시 유성구 온천서로 30-13
호텔 얌 유성온천,5,깔끔하고 친절하고 좋아요!!!,2020.02.23,"74,250",대전광역시 유성구 온천서로 30-13
호텔 얌 유성온천,4,가성비 완벽,2020.02.18,"74,250",대전광역시 유성구 온천서로 30-13
호텔 얌 유성온천,5,2일동안 너무 좋았고 물도 잘나오고 좋았어요 조식으로 나온 스프도 너무 맛있었어요^^ 사장님도 너무 친절하시구 입욕제도 파셔서 잘쓰고 잘놀다왔어요,2020.01.28,"74,250",대전광역시 유성구 온천서로 30-13
호텔 얌 유성온천,4,시설이 너무 맘에들어요,2020.01.11,"74,250",대전광역시 유성구 온천서로 30-13
호텔 얌 유성온천,5,좋았어용ㅎㅎㅎㅎ,2020.01.09,"74,250",대전광역시 유성구 온천서로 30-13
호텔 얌 유성온천,5,너무친절하고 조식이 굿,2019.12.28,"74,250",대전광역시 유성구 온천서로 30-13
호텔 얌 유성온천,5,방청소가 늦었다면서 신경써주셔서 감사했어요,2019.12.28,"74,250",대전광역시 유성구 온천서로 30-13
호텔 얌 유성온천,4,깨끗하고 친절하시고 간단한 아침 먹거리 서비스도 좋았구요 가는길이 좁고 주차장이 협소한점은 꽤 불편합니다 종합적으로는 가성비 괜찮은 모텔입니다,2019.12.13,"74,250",대전광역시 유성구 온천서로 30-13
호텔 얌 유성온천,5,좋았습니다.,2019.12.10,"74,250",대전광역시 유성구 온천서로 30-13
호텔 얌 유성온천,5,깔끔하니 괜찮습니다,2019.12.10,"74,250",대전광역시 유성구 온천서로 30-13
호텔 얌 유성온천,5,연박햇는데 깔끔하고좋앗습니다,2019.12.09,"74,250",대전광역시 유성구 온천서로 30-13
호텔 얌 유성온천,3,"조식으로 일반적인 도시락 크기의 반 정도되는 조그만 유부초밥이나 김밥 도시락이 제공되고 간단한 토스트와 삶은 계란, 커피 등이 제공됨. 별도의 식기나 식당은 없음. 
전반적인 청결상태와 수건 상태는 양호한 편임.
YAM 대전유성온천점 으로 검색해서 예약하는 것이 만원정도 저렴하네요. 헐. --;",2019.12.06,"74,250",대전광역시 유성구 온천서로 30-13
호텔 얌 유성온천,5,"주변 학교 면접 때문에 하룻밤 묵게 되었는데 정말 좋았습니다
일단 매우 쾌적하고 분위기 좋으며 완벽하게 구비되어 있습니다!
사장님이 매우친절하시고 아침 이른 시간인데 김밥도 주셔서 면접 들어가기 전 아침 잘 해결할 수 있었네요~ 감사합니다^^
정말 이 근처에서 자야 될 일이 더 생긴다면 또 올게요!!",2019.11.27,"74,250",대전광역시 유성구 온천서로 30-13
호텔 얌 유성온천,5,"대전에 결혼식때문에 일끝나고 숙소로 이용했는데
확실히 서울보다 가격대비 좋아요!!",2019.11.26,"74,250",대전광역시 유성구 온천서로 30-13
호텔 얌 유성온천,4,가격대비 좋습니다,2019.11.25,"74,250",대전광역시 유성구 온천서로 30-13
호텔 얌 유성온천,5,청결하고 좋았습니다,2019.11.24,"74,250",대전광역시 유성구 온천서로 30-13
호텔 얌 유성온천,5,깔끔하고 편안하게 묵었다 가요!,2019.11.24,"74,250",대전광역시 유성구 온천서로 30-13
호텔 얌 유성온천,4,친절하고 깨끗해서 다시 방문하고 싶네요,2019.11.19,"74,250",대전광역시 유성구 온천서로 30-13
호텔 얌 유성온천,5,잘 묵었다 갑니다,2019.11.17,"74,250",대전광역시 유성구 온천서로 30-13
호텔 얌 유성온천,5,깨끗하고 너무좋앗어요>-<,2019.11.04,"74,250",대전광역시 유성구 온천서로 30-13
호텔 얌 유성온천,5,"깨끗한 객실과 함께, 사장님의 친절함!! 그리고 가벼운 아침까지!! 센스 있었어요",2019.10.28,"74,250",대전광역시 유성구 온천서로 30-13
호텔 얌 유성온천,5,깔끔했습니다,2019.10.26,"74,250",대전광역시 유성구 온천서로 30-13
호텔 얌 유성온천,4,편안하고 좋았어요,2019.10.17,"74,250",대전광역시 유성구 온천서로 30-13
호텔 얌 유성온천,5,깨끗합니다,2019.10.11,"74,250",대전광역시 유성구 온천서로 30-13
호텔 얌 유성온천,5,깨끗하고좋아요 출장올때마다 여기만옴,2019.09.24,"74,250",대전광역시 유성구 온천서로 30-13
