hotel,star,review,date,price,address
대전 중리 호텔 라움,5,숙소가 깨끗하고 좋았어요~앞에 편의점도 있고,2024.07.01,"95,000",대전광역시 대덕구 한밭대로1149번길 25-6
대전 중리 호텔 라움,5,여자 사장님 친절하세요. 안마의자 스타일러스 만족스러웠어요. 다만 침구에 냄새가 너무 심해 추가 이불만 사용가능할 정도였어요. 특히 베개 냄새가 초대박이였는데 솜까지 세탁을 한번 하셔야 핡닛 같아요.,2024.05.27,"95,000",대전광역시 대덕구 한밭대로1149번길 25-6
대전 중리 호텔 라움,5,스타일러 좋아요,2024.03.09,"95,000",대전광역시 대덕구 한밭대로1149번길 25-6
대전 중리 호텔 라움,5,좋았습니다,2024.03.01,"95,000",대전광역시 대덕구 한밭대로1149번길 25-6
대전 중리 호텔 라움,3,잘쉬다가요,2023.11.21,"95,000",대전광역시 대덕구 한밭대로1149번길 25-6
대전 중리 호텔 라움,4,편하게 잘 쉬다 왔어요,2023.09.02,"95,000",대전광역시 대덕구 한밭대로1149번길 25-6
대전 중리 호텔 라움,4,"사장님께서도 친절하시고 킹베드 두개라 가족이 묵기 좋았다 바로앞에 편의점이 있어서 편리했는데 그옆에 횟집이나 노래방, 쓰레기분리수거장이 있어서 다소 시끄러웠다 청결도는 침구류 사이나 스타일러앞쪽에 머리카락이 있어 침구교체는 안하셨나부다했고 화장실 문 안쪽 아래에는 물이튀어 곰팡이가 있다 샤워기 거치대나 레버밑에도 청소가 되어있진 않았다 큰욕조나 변기 세면대는 매우 깨끗했다 와이파이 잘 잡히고 티비는 넷플릭스 개인아이디로 로그인하면 볼수있다 티비큼직하니 보기좋고 컴퓨터도 있지만 깔려있는 게임이 없어 시도하다가 쓰지않았다 방의 컨디션은 급히 구한것치고 괜찮았는데 담배냄새가 너무심해서 문을 열어야만 했다 그런데 문을열면 밖에서 소리지르고 욕하고 캔분리수거하는 소리가 너무 크게 들려서 자주 깼다 주차장있어 편리했다",2023.08.13,"95,000",대전광역시 대덕구 한밭대로1149번길 25-6
대전 중리 호텔 라움,5,"저희가 구경할 곳과 위치적으로 좋아서 숙박하게되었습니다 
아이들과 숙박하였구요 좋았습니다 
또 대전에가게되면 숙박할께요",2023.07.28,"95,000",대전광역시 대덕구 한밭대로1149번길 25-6
대전 중리 호텔 라움,5,깔끔했어요 담배냄새빼고,2023.07.20,"95,000",대전광역시 대덕구 한밭대로1149번길 25-6
대전 중리 호텔 라움,4,방크기도 크고 안마의자있어서 좋았는데 담배냄새가 너무 심하네요,2023.06.07,"95,000",대전광역시 대덕구 한밭대로1149번길 25-6
대전 중리 호텔 라움,5,만족 합니다~,2023.04.25,"95,000",대전광역시 대덕구 한밭대로1149번길 25-6
대전 중리 호텔 라움,4,잘만했어요,2023.04.09,"95,000",대전광역시 대덕구 한밭대로1149번길 25-6
대전 중리 호텔 라움,3,방은 널찍하고 좋았어요,2023.02.23,"95,000",대전광역시 대덕구 한밭대로1149번길 25-6
대전 중리 호텔 라움,5,"아이들과 갔는데 참 좋았습니다.
재방문 의사100퍼",2023.02.04,"95,000",대전광역시 대덕구 한밭대로1149번길 25-6
대전 중리 호텔 라움,4,담배냄새 심한거 빼고는 좋앗어용,2023.01.31,"95,000",대전광역시 대덕구 한밭대로1149번길 25-6
대전 중리 호텔 라움,3,"대체적으로 호텔은 깨끗하고 친절하고 좋았어요^^
야놀자 쪽에 불만이 좀 있네요..어찌 호텔쪽보다 더 비싸게 등록되어있는지요? 차라리 현지 호텔에 전화해서 예약하라고 하던가요ㅜㅜ 이글보시는 회원님들은 야놀자 예약전에 호텔쪽으로 전화해서 어느것이 저렴한지 확인하셔야겠네요..참고로 야놀자에서 올라와있어서 결재한 금액대와 호텔에서 받는 금액을 사진으로 올립니다. 야놀자 어플쪽이 15000 원정도 비싸게 올라와있고 예약 후 호텔가서 호텔요금보고 조금 빡쳤네요.",2022.11.30,"95,000",대전광역시 대덕구 한밭대로1149번길 25-6
대전 중리 호텔 라움,3,"위치도 시설도 친절한 응대도 다 좋았는데!
결정적으로 룸내 담배냄새 때문에 많이 힘들었습니다. 개념없이 실내흡연 한 사람들 때문에 업주께서 피해를 보게된 상황이겠지요.
창문 내내 열고 자고, 공기청정기가 있어서 밤새 돌렸지만 코가 따가울만큼 냄새가 심했습니다.
옷은 스타일러 돌려서 뽀송하게 입고 나올수 있었어요. 담배냄새만 아니면 별 5개가 아닌 10개도 드릴수 있는데 좀 아쉬웠습니다.",2022.11.20,"95,000",대전광역시 대덕구 한밭대로1149번길 25-6
대전 중리 호텔 라움,5,"깨끗하고 친절하규 너무 좋아요ㅠㅠ
잠깐 머무르다 가서 너무 아쉬우뮤
다음에 또 올거에요!",2022.10.11,"95,000",대전광역시 대덕구 한밭대로1149번길 25-6
대전 중리 호텔 라움,5,가성비 너무 좋고 덕분에 편하게 쉬다 갑니다,2022.09.18,"95,000",대전광역시 대덕구 한밭대로1149번길 25-6
대전 중리 호텔 라움,5,주차시설도 만족스럽고 사장님도 친절하셨고 방에 스타일러랑 안마의자 왠만한 편의성 찐 큰호텔 뺨침,2022.08.15,"95,000",대전광역시 대덕구 한밭대로1149번길 25-6
대전 중리 호텔 라움,5,잘쉬다갑니다~,2022.07.31,"95,000",대전광역시 대덕구 한밭대로1149번길 25-6
대전 중리 호텔 라움,4,"리모델링 해서 그런지 전체적으로 깨끗하고 욕실은 넓고 반짝하며 주차장은 넓습니다만,
이박삼일동안 빠지지 않는 담배냄새가 감점을 많이 시키네요 ㅠㅠ
공기정화를 확 하던지 흡연실을 구분하던지 하면 더 좋을 것 같네요",2022.06.27,"95,000",대전광역시 대덕구 한밭대로1149번길 25-6
대전 중리 호텔 라움,4,친절하셨습니다,2022.05.16,"95,000",대전광역시 대덕구 한밭대로1149번길 25-6
대전 중리 호텔 라움,5,친절하고 깨끗해서 정말 맘에 들었어요.추천하고 싶은 곳. 주차공간도 넉넉해서 불편함을 느끼지 않았어요.또 갈게요,2022.04.28,"95,000",대전광역시 대덕구 한밭대로1149번길 25-6
대전 중리 호텔 라움,5,주변에 먹거리가 많아서 좋아요,2022.04.18,"95,000",대전광역시 대덕구 한밭대로1149번길 25-6
대전 중리 호텔 라움,5,깨끗하고 좋아요,2021.10.27,"95,000",대전광역시 대덕구 한밭대로1149번길 25-6
대전 중리 호텔 라움,5,깔끔하고 좋인ㅆ어요,2021.10.26,"95,000",대전광역시 대덕구 한밭대로1149번길 25-6
대전 중리 호텔 라움,5,사장님이 친절해요,2021.09.17,"95,000",대전광역시 대덕구 한밭대로1149번길 25-6
대전 중리 호텔 라움,5,"호텔라움은 대전 중리동에서 찐입니다!
거리도 멀지않고, 특히 사장님이 너무 친절하세요~^^
1층 로비는 너무 깨끗하고, 무료로 커피,음료와 사탕이 제공되있습니다~~ 커피는 또 왜이리 맛있는지요!!^^
객실은 어마어마하게 넓고, 깔끔하고, 특히 안마의자도 너무 시원하고 최고네요!! 침대도 너무 푹신하고, 욕실도 크고 좋았습니다~~^_^ 좋은방, 좋은사장님 덕분에 정말 찐으로 힐링하고 갑니다!!>-< ㅎㅎ이호텔은 진짜 적극
추천합니다~~사장님 감사합니다~~^^",2021.06.19,"95,000",대전광역시 대덕구 한밭대로1149번길 25-6
