hotel,star,review,date,price,address
호텔 ICC,4,대전e스포츠 경기장에 아들 경기보러 묵을곳으로 선택한 호텔입니다. 2시 도착하여 체크인 가능한가 여쭈었는데 청소된 객실이 있다고 하시어 입실 가능케 해주셔서 감사합니다. 위치상 걸어서 이동할 수 있어 편리하고 조식은 1층 할리스커피에 준비돼 있는데 스크램블 새우볶음밥 베이컨 소세지 빵류 샐러드류 커피 음료 만족스럽습니다. 다음 PMPS 시즌3도 icc호텔 이용하겠습니다😊,2023.07.03,"200,000",대전광역시 유성구 엑스포로123번길 55
호텔 ICC,4,대전역에서 대중교통으로 가려면 한번에 가는 버스가 적어서 불편하지만 깔끔하고 심플해서 좋아요 성심당도 가깝구요,2024.04.09,"200,000",대전광역시 유성구 엑스포로123번길 55
호텔 ICC,5,깔끔하고좋은호텔 수건에 좀 뭐가묻어있는고빼곤 깨끗하고좋았음 추워서 그런지전기장판있던데 만족했다네요,2023.12.31,"200,000",대전광역시 유성구 엑스포로123번길 55
호텔 ICC,1,"방음 최악~~~;;;
호텔도아닌 모텔도아닌 여관도아닌 여인숙
천장에는 죽은 벌레가 딱 붙어있고ㅜㅜ
방음 최악;;; 섹스 신음 소리 침대 삐그덕 소리 쾅쾅쾽
떡방아를 찧는건지 철퍽철퍽 거리는 소리 
입벌려 라고 말하는 소리 
야동 영화찍는줄… 시끄러워서 잠한숨 못자고 왔네요
방음 진짜 완전 최악~~~ ;;;;;
숙박비에 조식포함되어 있었는데 조식도 못먹고왔네요 
완전 방음 1도 안되는 최악의 숙소입니다,",2024.01.01,"200,000",대전광역시 유성구 엑스포로123번길 55
호텔 ICC,2,주차장이 매우 넓습니다. 방은 매우 좁습니다. 방음은 전혀되지 않습니다. 조식은 좋습니다. 가성비는 떨어지는 편입니다.,2023.11.24,"200,000",대전광역시 유성구 엑스포로123번길 55
호텔 ICC,1,"대전엑스포 미용행사 12월 6일 7일 이틀을 위해 5-7 일 2박.
 저희 사장님과 임원분 숙박을 위해 예약을 해 드렸어요

 이게 호텔입니까?
 방은추운데 히터가 약해 온도 올려달라고 했더니 온도를 올려도 28도? 반응이 엉망에 전기장판 깔려있는거 이용 했어요.

 둘째날은 화장실에 화장지 넣고 볼일 봤다고 막혀서 다른 화장실 이용 하라하구.

 샤워는 추워서 사용도 안했다고 합니다

 아침 조식만 잘먹고 왔다고 하시네요

 아. 정말 제가 직접 갔으면 카운터에서 개 진상 피고 싶을 정도로 실망 했어요

 세상에 저희 사장님 내복에 파자마 입구 이틀을 주무셨다고 합니다.

 제가 대전 갈일 있으면 일부러라도 가서 쌍소리 하면서 개진상 펴야지 맘 먹게 만드는 곳 입니다.",2023.12.07,"200,000",대전광역시 유성구 엑스포로123번길 55
호텔 ICC,3,"장점: 
- 대전컨벤션센터나 신세계백화점 이용하기에는 편한 위치
- 깔끔하고 다양한 조식
- 쾌적한 룸 컨디션

단점:
- 칸막이 수준의 방음(자려고 누워있으면 옆방 말소리 다 들림)
- 2인을 예약해도 현장에서 1인 추가비용을 결제해야 함(1만원)
- 어메니티가 간소한 편(1인기준 이라고 칫솔도 1세트, 물도 1병 있음)

시설은 딱 깔끔하고 좋은데, 방음이 진짜 하나도 안 되더라고요. 주변 소음에 둔한 분들께 추천드립니다.",2022.07.25,"200,000",대전광역시 유성구 엑스포로123번길 55
호텔 ICC,4,"가격대비 괜찮은곳이라고 생각합니다.
방크기는 작지만 어메니티도 가격대비 괜찮고
일회용면도기가 있어 좋았습니다.
조식은 종류는 적지만 맛이 괜찮았네요

다음에 대전 들릴일이 있다면 또 이용할듯 합니다",2022.06.23,"200,000",대전광역시 유성구 엑스포로123번길 55
호텔 ICC,5,"깨끗하고 친절하고 조식까지 완벽했어여
아이 시험덕분에 좋은곳 가성비 짱입니다 
침구도 넘 맘에 들었습니다",2022.10.09,"200,000",대전광역시 유성구 엑스포로123번길 55
호텔 ICC,5,"출장 와서 숙박했는데 좋네요
room 좋고 조식도 맛있네요

다만 프론트가 6층 이라는점 조금 불편",2022.09.06,"200,000",대전광역시 유성구 엑스포로123번길 55
호텔 ICC,5,둔산동과 가깝고 바로 옆에 엑스포 공원 한밭수목원 신세계 백화점이 있어요. 위치가 좋고 호텔은 깔끔합니다,2022.05.07,"200,000",대전광역시 유성구 엑스포로123번길 55
호텔 ICC,5,"편하게 잘 쉬었습다.

조식 즉석 후라이가 맛있었습니다.

즉석 어묵이나 쌀국수 등도 운영해 주시면 좋겠네요.",2022.12.10,"200,000",대전광역시 유성구 엑스포로123번길 55
호텔 ICC,2,모텔수준의 가격과 그에맞는 서비스와 편의시설. 오후늦게 들어와 잠만 잔다면 이 지역에선 괜찮은 가격입니다.,2022.09.12,"200,000",대전광역시 유성구 엑스포로123번길 55
호텔 ICC,2,"결혼식이 있어서 묵었는데
방음이 전혀 안되네요ㅜㅜ
옆방 코고는 소리까지 다 들려서 
거의 밤을 샜어요 ㅠㅜ 
조식은 맛있습니다 !",2022.10.16,"200,000",대전광역시 유성구 엑스포로123번길 55
호텔 ICC,5,"침대 엄청 편함. 깔끔. 재방문의사 있음.

2인실인 줄 알았는데 1인실이여서 당황했지만

1만 원 더 내고 2명이서 머물기에도 충분히 좋습니다.

무엇보다 침대가 아주 예술입니다.

편히 푹 쉬고 가고 싶은 이들(특히 연인, 가족)에게 강력추천합니다.

수압 좋고 공기도 쾌적합니다
제공되는 용품들도 고급스럽습니다.

1인실의 경우 침대쪽에 창이 있어서 
편한복장일 때 커튼을 쳐야하지만

이 외는 아주 아주 만족스럽습니다.

또 올게요 ^^",2020.08.16,"200,000",대전광역시 유성구 엑스포로123번길 55
호텔 ICC,4,"코로나땜에 조식을 룸으로 갖다 주셨어요! 방에서 편하게 먹을수 있어서 너무 좋았어요~! 다만 침구에서 뿜어져 나오는 거위털들이 꽤 있어서 재채기 자주 했네여
그 외엔 먼지 정리 바닥 청소 등 깨끗하게 신경쓴게 느껴졌어요!불편했던건 밤중에 체크인을 했는데 무슨일인지 지하주차장은 막혀있고 외부에 웨딩홀 주차장인지 어디인지 어둡고 구분이 안되어 좀 헷갈렸어요",2021.01.02,"200,000",대전광역시 유성구 엑스포로123번길 55
호텔 ICC,4,"컨벤션센터 바로옆에 위치.주변에 먹을것은부족하지만 신세계백화점과 가깝네요.
방도 따뜻하고 조식도 가성비 괜찮아요",2023.02.25,"200,000",대전광역시 유성구 엑스포로123번길 55
호텔 ICC,4,"근처에 대전신세계백화점, 엑스포 과학공원, 국립중앙과학관까지 다 차로 10분거리라 너무 좋습니다
다만.. 호텔 조식시간이 너무 짧고 조식은 제 입맛엔 안맞더라구요..",2021.10.12,"200,000",대전광역시 유성구 엑스포로123번길 55
호텔 ICC,3,위생이며 편리성은 좋은 편인데 테이블위에 거울이 없다는 점이 좀 아쉬었어요 어메니티도 하니도 없고 그냥 깔끔하고 뭐 없는 모텔 느낌이랄까요,2023.08.28,"200,000",대전광역시 유성구 엑스포로123번길 55
호텔 ICC,2,"체크인은 6층에서 진행되고, 주말이다 보니 체크아웃 때는 사람이 많아서 혼잡하더라고요 

방음안된다는 후기가 많았는데 정말이였어요
옆 객실 대화소리가 무슨 내용인지 다 들릴정도였어요 .. 그리고 객실 문 닫힐 때 너무 쾅쾅 닫혀서 그 부분은 좀 개선되면 좋을 것 같아요 

주변에 상가들이 많아서 나가서 먹기나 배달 시켜먹기엔 괜찮은 것 같아요 

몇가지 부분 개선이 되면 좋을 것 같고, 하루 정도 숙박하기엔 나쁘지 않은 것 같습니다.",2023.04.10,"200,000",대전광역시 유성구 엑스포로123번길 55
호텔 ICC,4,"조식이 의외로 훌륭합니다.
그러나 방음은 최악이고,
입실했을때 변기가 젖어있었어요....",2022.10.23,"200,000",대전광역시 유성구 엑스포로123번길 55
호텔 ICC,4,방안에 먼지가 없고 매우 깨끗해서 좋았습니다. 1인실 슈퍼싱글 사이즈라 두명이서 자기엔 좀 작습니다.,2022.06.07,"200,000",대전광역시 유성구 엑스포로123번길 55
호텔 ICC,5,객실 청소상태는 마음에 들지 않았지만 코로나 때문에 조식을 가져다 주셨는데 조식이 진짜 맛있어요,2021.10.13,"200,000",대전광역시 유성구 엑스포로123번길 55
호텔 ICC,4,"생각했던것보다 방이 좁았고 , 방 안에 뭐 먹을수있는 테이블도 없었고, 화장을 할수있는 거울이 마땅히 없더라구요ㅠㅠ
그 점이 불편했어요ㅠ 그래도 에어컨은 잘 작동하고 침대는 편해서 좋았습니다!
그리고 밤에는 정말 조용하지만, 낮시간에는 호텔 건물에 웨딩홀이 있다보니 사람도 너무 많고 정신없더라고요ㅠㅠ 시끄럽고요ㅠㅠ 
건물자체가 호텔보다는 웨딩홀에 집중한느낌..ㅠㅠ
그래도 조식포함가격이라 가성비는 나름 괜찮은거같아요~",2019.06.19,"200,000",대전광역시 유성구 엑스포로123번길 55
호텔 ICC,3,"친절하고 조식도 나오고 가성비만 생각하면 괜찮긴해요. 근데 방음이 제방만 그랬는지 모르겠는데 너무 심각해요. 이중창도 아니라서 외부가게 노래틀어놓은 소리, 차 지나가는 소리 다 들려요. 그것보다 더 심각한건 옆방 사람의 헛기침(레알기침도 아니고)소리가 들린다는 것...복도에서 떠드는 소리는 그렇다 치는데 옆방 벨소리나 진동소리가 성가실 정도로 들리는건 좀 문제가 있지 않나 생각합니다. 제가 예민한 편이 아닌데도 죽겠더라구요ㅠ 애초에 4 5성급과 비교한건 아니지만 방음은 정말 모텔수준보다도 아닌 것 같아요..비추한다는 의미로 쓰는 글이 아니고 방음만 괜찮으면 참 좋은 호텔일텐데 하는 아쉬움에 씁니다. 그래도 하루 잘 묵었습니다.",2019.06.21,"200,000",대전광역시 유성구 엑스포로123번길 55
호텔 ICC,4,"월요일 야간근무 하셨던 남자직원분
화요일 조식 서비스 해주셨던 여직원분
정말 친절하십니다! 감사합니다.",2021.04.14,"200,000",대전광역시 유성구 엑스포로123번길 55
호텔 ICC,4,객실이 추웠어요 비가 와서 그런지 들어갔을 때 찬바람이 ㅠ 시설 깔끔하고 객실도 넓어서 이용하기 좋았어요. 물 딱하나 ㅠ서비스는 쫌 아쉽네요. 포트 컵 위생도요 ㅠ추워서 따뜻한 차마시고 싶은데 포트는 사용을 못하겠더라고요 ㅠ 위생적이지않아보요서 ㅠ 컵도 하나는 안쪽 커피색 보이고 ㅠ한식양식 조식은 만족합니다. 한비야 강연으로 이용하게 됐는데 강연이 무척 좋아서 만족하고 잘 이용했어요,2019.03.22,"200,000",대전광역시 유성구 엑스포로123번길 55
호텔 ICC,4,출장차 묵었는데 방 컨디션 나쁘지 않았습니다. 코로나 시기라 조식도 방으로 배달해 주셨는데 상당히 푸짐했습니다. 도룡동이 외져서 교통이 안좋다는것만 감안하면 나머지는 깔끔하고 괜찮은 숙소라고 생각합니다.,2020.04.15,"200,000",대전광역시 유성구 엑스포로123번길 55
호텔 ICC,4,"과학관 근처라 택한곳..휴가철이라 근처에 몇개 안되는 식당 쉬어..저녁 먹으러 헤맸어요..
조식은..추천하고 싶지 않네요.. 미리 만들어 둔 한줄짜리 음식들..흔한 스크램블도 없어 아이가 먹을거라곤 김과 김치뿐이었어요..",2019.08.14,"200,000",대전광역시 유성구 엑스포로123번길 55
호텔 ICC,4,객실도 좋고 직원분도 친절하였지만 2가지 아쉬웠던건 1층에세 프론트찾는 안내표지가 미흡한거랑 객실에 청소가 .. ㅜ.ㅜ 라면 부스러기에 좀. 충격이네요 청소신경써주세요.' ',2023.08.26,"200,000",대전광역시 유성구 엑스포로123번길 55
호텔 ICC,5,"명절이라 조식이 제공되지 않는다고 공지하긴 했지만....
샌드위치라도 주셨으면 좋았을것 같았어요
호텔은 따뜻하고 청결해서 좋았어요",2022.02.05,"200,000",대전광역시 유성구 엑스포로123번길 55
호텔 ICC,5,조식 좋습니다. 다만 스탠다드 더블의 수납공간은 많이 부족한 편입니다. 교통 또한 차가 있어야 편합니다.,2020.02.12,"200,000",대전광역시 유성구 엑스포로123번길 55
호텔 ICC,4,"담배냄새 안남. 교통편 위치 좋음. 

음... 화장실 수채구멍? 거기쪽니랑 천장에 벌레가 좀 있었구... 침구류에서 먼지가 날리긴 했습니당.",2023.08.28,"200,000",대전광역시 유성구 엑스포로123번길 55
호텔 ICC,3,"가운이 없어 한참 찾았어요. 결국 없습니다.
새벽부터 자재 나르는지 .. 푹 자진 못했네요",2020.11.14,"200,000",대전광역시 유성구 엑스포로123번길 55
호텔 ICC,3,날씨가 추워서 그런지 천장에 달린 히터를 최대치로 해놔도 객실이 추웠습니다. 덜덜 떨면서 잤던거 같아요 ㅠㅠ이와 관련한 민원이 자주 들어오는지 침대에 전기장판이 깔려있습니다. 그거 틀고 이불꼭 덥고자면 잘만 합니다. 직원분들은 상당히 친절하시지만 히터 작동 오류도 가끔나고 ...아쉬운 부분이 있었지만 이 가격애 조식2인도 포함이여서 감사히 묵었어요. 조식도 할리스 카페에 차려지는데 나름 먹을만 합니다. 뷔페처럼 변신해요ㅋㅋ 추웠던거 빼면 괜찮습니다.,2023.02.06,"200,000",대전광역시 유성구 엑스포로123번길 55
호텔 ICC,4,"조용하고 부담없고 근처 카페나 음식점도 있어서 좋습니다.
리모델링도 한다고 하니 앞으로 기대됩니다.",2020.07.22,"200,000",대전광역시 유성구 엑스포로123번길 55
호텔 ICC,4,방 깔끔하고 조식도 맛있었어요! 하지만 7시에서 9시는 너무 일러서 급하게 먹었습니다ㅠ 카페에서 밥을 먹는 구조라 어쩔수 없나봐요,2020.11.08,"200,000",대전광역시 유성구 엑스포로123번길 55
호텔 ICC,5,가격대비 1인이 이용하기에도 넓은 공간이라 쾌적했습니다. 깔끔한 편이고 호텔급다운 고급스런 라운지 및 조식이 있습니다. 다음에 출장기회가 생기면 다시 이용하고 싶습니다.,2018.09.03,"200,000",대전광역시 유성구 엑스포로123번길 55
호텔 ICC,2,"주차장도 넓고 객실도 평범하였습니다만
난방을 에어컨기기로 하다보니 방안이 매우
건조하였고...
욕실엔 개미가 많아....
이용에 불편함이 많았습니다.",2020.04.06,"200,000",대전광역시 유성구 엑스포로123번길 55
호텔 ICC,4,근처에 식당 편의점 많고 성심당도 있어서 좋아요 한빛탑도 도보로 10분이라 음악분수보고 물놀이하고 애들이랑 걸어왔어요 수건도 넉넉히 주시고 조식 챙겨주는 직원분도 정말 친절했는데… 청결에 더 신경써주시길 바래요 체크인 후 손씻으러 갔는데 세면대에 머리카락이 5개정도 여기저기 붙어있어서 정말 기분 안좋았어요 ㅠ,2022.07.11,"200,000",대전광역시 유성구 엑스포로123번길 55
호텔 ICC,3,비교적 한적해요. 시내와는 조금떨어져있어요. 객실내 비품이 조금 부실한것같아요(가운없어요.) 화장대가 따로 없고 거울 너무 불편해요. 대체로 청결한편이에요. 장점은 샤워기 수압이 정말 어마무시하게 쎄요. 이점이 맘에들엇어요.,2018.04.12,"200,000",대전광역시 유성구 엑스포로123번길 55
호텔 ICC,3,교통은 솔직히최악.버스끊기면 택시타야함. 그리고 베게도 두개뿐이고 한개추가시 유료임. 더블배드룸인데 슬리퍼 한짝. 물한병. 그런거 돈아껴서 어따가쓰려고하는지 휴. 직원들도 별친절하지않음,2018.12.08,"200,000",대전광역시 유성구 엑스포로123번길 55
호텔 ICC,4,직원들이친절합니다.객실도깨끗합니다.다만치약칫솔은준비해오셔야합니다.필요한건데스크에서판매하더라구요.조식은자느라못먹어봤고평일이라생각보다조용했습니다.다만교통이불편하고주변에상가같은게없어아쉽습니다.,2018.06.11,"200,000",대전광역시 유성구 엑스포로123번길 55
호텔 ICC,4,시설은 깔끔하고 좋으나 데스크 친절도가 떨어집니다. 그리고 위에서 사용하는 물소리와 난방기 소리가 너무 크더라구요,2019.03.11,"200,000",대전광역시 유성구 엑스포로123번길 55
호텔 ICC,5,"깔끔하고 좋습니다.
다만 난방은 난방기를 틀어서 온도를 맞춰야 합니다.
전체적으로 좋습니다.",2020.01.10,"200,000",대전광역시 유성구 엑스포로123번길 55
호텔 ICC,1,"방음 아예안되고 그냥 옆방,윗방 손님들이랑 같이 주무시는 수준이라고 보심됩니다. 진짜 심각한수준이라서 저희도 옆방에 피해줄까봐 대낮에도 속닥거리면서 이야기했어요. 티비채널 케이블아예안나오고 공중파3개만 나오는수준입니다. btv등 영화보는거 예능보는거 다안됨. 시골모텔도 이것보단 낫겠어요. 청소상태는 손님이 오래없었는지 커튼한번치니까 하얀먼지덩어리들이 풀풀날리고...기본적인것도 안되어있는 곳이 어떻게 호텔이라는 이름걸고 영업하시는지. 별 한개도 아까워요.",2020.08.16,"200,000",대전광역시 유성구 엑스포로123번길 55
호텔 ICC,1,인포 데스크 여직원 너무 불친절함 대전 이런 곳인가? 잃어버린 물품 호텔 둔게 확실한데 절대 안 찾아줌,2020.06.16,"200,000",대전광역시 유성구 엑스포로123번길 55
호텔 ICC,2,"내 참 살다살다 일케 방음 안되는 호텔은 첨 봤어요
밤중에 어찌나 시끄럽던지;;;;;

거기다 옷장도 없지 신발장도 없지 샤워가운도 없지 
정말 호텔 맞습니까??

그리고 천정 함 보세요 벽지 떨어질락말락 합니다
관리 좀 해주세요

행사 아니었음 정말 숙박 안 했었을 듯요ㅠ

별점테러가 아니라 팩트만을 말합니다",2023.02.01,"200,000",대전광역시 유성구 엑스포로123번길 55
호텔 ICC,5,방이랑 쿠폰을 잘못주셨는데 사과도 없으시고 ㅠㅅㅠ 무거운짐들고 번거롭게 왔다갔다해야하는데 좀 그랬어용 시설은 낡았고 청소상태도 별로예요,2022.06.19,"200,000",대전광역시 유성구 엑스포로123번길 55
호텔 ICC,4,"주변에 상가가 아직 형성되지 않아서 저녁이나 간단한 요기할 곳이 부족합니다
그래도 ICC호텔 시설은 좋아요ㅡ",2017.11.12,"200,000",대전광역시 유성구 엑스포로123번길 55
호텔 ICC,2,"시설도 괜찮고 청결도 좋아서 가성비갑이라고 생각했는데요..체크인때부터 어렵더니 문이 잠기지않아 멘붕... 저녁엔 옆방에서 말하는 소리가 너무 정확히 들려서 프론트에 전화하니 호텔이 원래 방음이 잘 안된다는....방음은 최악!!! 옆방에서 새벽 3시 -4시까지 쉴세없이 떠드는 소리에 잠을 못잠.......
그이외의 것들은 괜찮음. 조식도 괜찮고시설도 좋았는데..방음해결이 시급한듯....",2022.09.05,"200,000",대전광역시 유성구 엑스포로123번길 55
호텔 ICC,4,생각했던것만큼 객실이 좋지는 않네요.. 너무 기대가 컸나..? 난방기 소리도 삐걱대고.. 그치만 전 직원들의 친절함에 괜찮다고 평가할게요.,2022.04.03,"200,000",대전광역시 유성구 엑스포로123번길 55
호텔 ICC,1,방음 진짜 안 좋아요 옆방에서 보는 티비 소리나 말소리 화장실 가는 소리 문소리 다들리고 담배냄새도 나고 위치만 좋고 나머진 전부 별로였습니다,2023.03.26,"200,000",대전광역시 유성구 엑스포로123번길 55
호텔 ICC,1,설 연휴라고 조식 없는건 상관없는데 화장실에는 다른사람 머리카락 덕지덕지이고 전기장판은 고장에 밤 12시반에 화재경보 오작동으로 전층 사람들 다 깨고 난리도 아니었습니다. 그래놓고 겨우 잠들라하니 새벽1시반에 문자로 다시 깨우는... 티비도 작고 모텔보다 나은점이 전혀 없습니다 쓰레기 호텔,2022.01.30,"200,000",대전광역시 유성구 엑스포로123번길 55
호텔 ICC,4,가성비 괜찬습니다~~,2024.08.20,"200,000",대전광역시 유성구 엑스포로123번길 55
호텔 ICC,5,"깔끔하게 잘 이용했고 
조식이 아쥬 마음에 들었어요 ㅎㅎㅎ",2024.05.31,"200,000",대전광역시 유성구 엑스포로123번길 55
호텔 ICC,5,깨끗하고 조식도 맛있어요,2024.05.23,"200,000",대전광역시 유성구 엑스포로123번길 55
호텔 ICC,1,너무구식..티비도작고 히터도 잘안되고,2024.02.11,"200,000",대전광역시 유성구 엑스포로123번길 55
호텔 ICC,3,가성비 나쁘지 않습니다,2024.01.31,"200,000",대전광역시 유성구 엑스포로123번길 55
호텔 ICC,1,변기물이 잘 안내려가서 화장실 가고 싶을때마다 1층 공용 화장실 이용 했어요,2024.01.01,"200,000",대전광역시 유성구 엑스포로123번길 55
호텔 ICC,5,직원분들이 엄청 친절해여,2023.12.14,"200,000",대전광역시 유성구 엑스포로123번길 55
호텔 ICC,5,"컨벤션 센터가 코앞입니다.
특히 조식은 최고입니다.
다음에도 방문 하겠습니다",2023.12.12,"200,000",대전광역시 유성구 엑스포로123번길 55
호텔 ICC,5,"직원들 친절하시고
청소상태 좋았고
조식좋았고
저는 전체적으로 좋았습니다",2023.12.11,"200,000",대전광역시 유성구 엑스포로123번길 55
호텔 ICC,4,♡♡♡♡♡♡,2023.10.15,"200,000",대전광역시 유성구 엑스포로123번길 55
호텔 ICC,5,다시 방문할 의향이 있습니다,2023.09.15,"200,000",대전광역시 유성구 엑스포로123번길 55
호텔 ICC,5,도룡동 숙박으로는 최고의 선택이라 생각해요 또올게요!,2023.09.11,"200,000",대전광역시 유성구 엑스포로123번길 55
호텔 ICC,3,조식 포함이나 나쁘지 않습니다,2023.08.23,"200,000",대전광역시 유성구 엑스포로123번길 55
호텔 ICC,5,아주 좋았어요,2023.08.12,"200,000",대전광역시 유성구 엑스포로123번길 55
호텔 ICC,3,조식이 뭔가 다소 아쉬워요.,2023.07.19,"200,000",대전광역시 유성구 엑스포로123번길 55
호텔 ICC,5,여행하기 위치가 좋고 서비스가 친절해서 좋았습니다,2023.07.10,"200,000",대전광역시 유성구 엑스포로123번길 55
호텔 ICC,5,굳굳굳굳굳굳굳,2023.06.27,"200,000",대전광역시 유성구 엑스포로123번길 55
호텔 ICC,5,좋어요오오오오,2023.06.27,"200,000",대전광역시 유성구 엑스포로123번길 55
호텔 ICC,5,방음이안좋은거 빼곤 다 만족,2023.06.27,"200,000",대전광역시 유성구 엑스포로123번길 55
호텔 ICC,5,좋은 추억을 만들고 갑니다,2023.05.30,"200,000",대전광역시 유성구 엑스포로123번길 55
호텔 ICC,5,조식 괜찮아요,2023.05.29,"200,000",대전광역시 유성구 엑스포로123번길 55
호텔 ICC,5,5분간격으로소음이반복적으로들렸어요,2023.04.11,"200,000",대전광역시 유성구 엑스포로123번길 55
호텔 ICC,5,깨끗해서 좋았습니다,2023.04.09,"200,000",대전광역시 유성구 엑스포로123번길 55
호텔 ICC,2,가성비 떨어짐,2023.03.24,"200,000",대전광역시 유성구 엑스포로123번길 55
호텔 ICC,3,방음이 나쁘고 가격대비 방 상태가 별로예요,2023.03.11,"200,000",대전광역시 유성구 엑스포로123번길 55
호텔 ICC,4,시설은 낡았지만 조식은 잘 나오는 편임.,2023.02.25,"200,000",대전광역시 유성구 엑스포로123번길 55
호텔 ICC,5,깔끔하고 친절합니다..조식도 먹을만하구요..출장시 항상 이용중입니다.,2023.02.17,"200,000",대전광역시 유성구 엑스포로123번길 55
호텔 ICC,5,조식맛집입니다.,2023.02.11,"200,000",대전광역시 유성구 엑스포로123번길 55
호텔 ICC,5,싸고 좋아요~,2023.01.30,"200,000",대전광역시 유성구 엑스포로123번길 55
호텔 ICC,5,주변에 모두 일찍닫는거 빼곤 좋아요,2023.01.26,"200,000",대전광역시 유성구 엑스포로123번길 55
호텔 ICC,5,깔끔하고 좋습니다,2022.12.26,"200,000",대전광역시 유성구 엑스포로123번길 55
호텔 ICC,5,숙소 편안했고 조식도 좋았습니다,2022.12.02,"200,000",대전광역시 유성구 엑스포로123번길 55
호텔 ICC,5,깔끔하고 좋네요,2022.11.16,"200,000",대전광역시 유성구 엑스포로123번길 55
호텔 ICC,4,대전컨벤션 센터에 일이 있을때 지내기 좋은 호텔입니다. 가깝고 조식도 괜찮아요.,2022.11.13,"200,000",대전광역시 유성구 엑스포로123번길 55
호텔 ICC,5,위치도 좋고 조식도 알찹니다,2022.10.31,"200,000",대전광역시 유성구 엑스포로123번길 55
호텔 ICC,4,잘쉬었습니다,2022.10.30,"200,000",대전광역시 유성구 엑스포로123번길 55
호텔 ICC,3,"옆 방 소음이 다 들림
프런트가 6층에 있음 ㅠ",2022.10.24,"200,000",대전광역시 유성구 엑스포로123번길 55
호텔 ICC,5,좋습니다 하루자기,2022.10.02,"200,000",대전광역시 유성구 엑스포로123번길 55
호텔 ICC,4,직원분들이 친절하시고 위치가 좋은 점이 제일 좋았어요! 조식도 괜찮았구요,2022.08.28,"200,000",대전광역시 유성구 엑스포로123번길 55
호텔 ICC,5,일정을 잘못 확인했음에도 친절히 응대해준 직원분께 감사드립니다,2022.08.25,"200,000",대전광역시 유성구 엑스포로123번길 55
호텔 ICC,5,위치가 좋고 직원분이 친절해서 좋았습니다,2022.08.15,"200,000",대전광역시 유성구 엑스포로123번길 55
호텔 ICC,4,조식맛남ㅎㅎㅎ,2022.08.08,"200,000",대전광역시 유성구 엑스포로123번길 55
호텔 ICC,5,잘 쉬었습니다.,2022.08.04,"200,000",대전광역시 유성구 엑스포로123번길 55
호텔 ICC,5,가성비가 좋았습니다. 다음에 대전가면 또 방문할 생각입니다.,2022.08.04,"200,000",대전광역시 유성구 엑스포로123번길 55
호텔 ICC,5,위치도 좋고 숙소가 깨끗해서 좋았습니다. 대전에 가게되면 또 들를 것 같아요!!,2022.08.02,"200,000",대전광역시 유성구 엑스포로123번길 55
호텔 ICC,4,가성비가 매우 좋은 호텔입니다. 조식도 먹을만했어요,2022.08.02,"200,000",대전광역시 유성구 엑스포로123번길 55
호텔 ICC,4,"잘 이용하다 왔습니다
재방문 의사 있어요^^",2022.07.25,"200,000",대전광역시 유성구 엑스포로123번길 55
호텔 ICC,4,그냥 그랬어요 평범?,2022.07.20,"200,000",대전광역시 유성구 엑스포로123번길 55
호텔 ICC,5,"깨끗하고 친절합니다 강추입니다
담에도 꼭 이용할게요~^^",2022.07.13,"200,000",대전광역시 유성구 엑스포로123번길 55
호텔 ICC,4,연구단지에 출장자를 위해서 최적이네요.,2022.06.28,"200,000",대전광역시 유성구 엑스포로123번길 55
호텔 ICC,2,방음이 하나도 안돼요,2022.06.26,"200,000",대전광역시 유성구 엑스포로123번길 55
호텔 ICC,5,아주 깔끔하고 좋았어요 !!!,2022.06.20,"200,000",대전광역시 유성구 엑스포로123번길 55
호텔 ICC,5,최고에요 깔끔,2022.06.15,"200,000",대전광역시 유성구 엑스포로123번길 55
호텔 ICC,4,방음이 나빠서 옆방의 소음때문에 힘들었음...하지만 빠른게 조치해주셔서 감사...,2022.06.13,"200,000",대전광역시 유성구 엑스포로123번길 55
호텔 ICC,3,1인이 간단하게 쓰기 나쁘지않지만...,2022.06.13,"200,000",대전광역시 유성구 엑스포로123번길 55
호텔 ICC,5,너무 절쉬다가요! 감사해요!,2022.06.10,"200,000",대전광역시 유성구 엑스포로123번길 55
호텔 ICC,3,"그냥 비즈니스 호텔느낌? 
조식은 맛있어요",2022.05.16,"200,000",대전광역시 유성구 엑스포로123번길 55
호텔 ICC,4,깨끗해요. 조식 제공되어서 신경쓰지 않아도 좋더라구요.,2022.05.13,"200,000",대전광역시 유성구 엑스포로123번길 55
호텔 ICC,5,깔끔합니다,2022.05.10,"200,000",대전광역시 유성구 엑스포로123번길 55
호텔 ICC,5,잘쉬다가여,2022.05.08,"200,000",대전광역시 유성구 엑스포로123번길 55
호텔 ICC,1,직원불친절해요,2022.05.08,"200,000",대전광역시 유성구 엑스포로123번길 55
호텔 ICC,4,비즈니스 숙소로 추천합니다.!,2022.05.08,"200,000",대전광역시 유성구 엑스포로123번길 55
호텔 ICC,2,시설 편의성이 너무 심플해요,2022.05.06,"200,000",대전광역시 유성구 엑스포로123번길 55
호텔 ICC,5,좋았습니다. 가격도 과하게 저렴했구요~ 조식도 맛있었습니다:),2022.04.29,"200,000",대전광역시 유성구 엑스포로123번길 55
호텔 ICC,5,조식이 아주 좋았어요. 조용하고 편한 아침!!,2022.04.29,"200,000",대전광역시 유성구 엑스포로123번길 55
호텔 ICC,4,깔끔하고 좋았어요 저녁시간 결혼식때매 살짝소란스러움,2022.04.25,"200,000",대전광역시 유성구 엑스포로123번길 55
호텔 ICC,4,"드라이기가 좀 부실하고, 호텔급은 아닌데 모텔이상인 곳",2022.04.22,"200,000",대전광역시 유성구 엑스포로123번길 55
호텔 ICC,5,깨끗하고 조식도 맛있어요,2022.04.18,"200,000",대전광역시 유성구 엑스포로123번길 55
호텔 ICC,3,좋아아아아아용,2022.04.15,"200,000",대전광역시 유성구 엑스포로123번길 55
호텔 ICC,5,조식도 훌륭하고 좋았어요,2022.04.12,"200,000",대전광역시 유성구 엑스포로123번길 55
호텔 ICC,5,좋아요~ 추천합니다,2022.03.28,"200,000",대전광역시 유성구 엑스포로123번길 55
호텔 ICC,5,좋아요 추천합니다,2022.03.28,"200,000",대전광역시 유성구 엑스포로123번길 55
호텔 ICC,4,벽이 얇아서 옆방 소리 들리는 것 빼고는 다 만족스러웠습니다.,2022.03.07,"200,000",대전광역시 유성구 엑스포로123번길 55
호텔 ICC,4,편하게 묶고 갑니다.,2022.01.07,"200,000",대전광역시 유성구 엑스포로123번길 55
호텔 ICC,5,방도 깨끗하고 좋았어요,2022.01.04,"200,000",대전광역시 유성구 엑스포로123번길 55
호텔 ICC,3,"방이 춥고, 위생상태 안좋습니다ㅜㅜ",2021.12.26,"200,000",대전광역시 유성구 엑스포로123번길 55
호텔 ICC,5,아침조식도 가격대비 좋았어요.,2021.12.25,"200,000",대전광역시 유성구 엑스포로123번길 55
호텔 ICC,5,"좋아요 결혼식이있어서 숙박했는데
친절하고 주차자리도 많고
전기장판최고 ㅎㅎ",2021.12.18,"200,000",대전광역시 유성구 엑스포로123번길 55
호텔 ICC,5,출장으로 숙박하기 좋네요,2021.12.14,"200,000",대전광역시 유성구 엑스포로123번길 55
호텔 ICC,5,좋아요. 좀 춥긴해요. 조식 굿,2021.11.29,"200,000",대전광역시 유성구 엑스포로123번길 55
호텔 ICC,5,깔끔하고 좋네요,2021.11.26,"200,000",대전광역시 유성구 엑스포로123번길 55
호텔 ICC,4,깨끗한네여,2021.11.16,"200,000",대전광역시 유성구 엑스포로123번길 55
호텔 ICC,5,깔끔해서 좋음,2021.11.15,"200,000",대전광역시 유성구 엑스포로123번길 55
호텔 ICC,4,DCC 일 때문에 숙박했는데 가깝고 편리해서 좋네요. 조식도 괜찮았습니다,2021.11.15,"200,000",대전광역시 유성구 엑스포로123번길 55
호텔 ICC,5,주차가 편했어요 조식도 가성비 구웃 ㅎㅎ,2021.10.31,"200,000",대전광역시 유성구 엑스포로123번길 55
호텔 ICC,4,조식 괜찮아요~,2021.10.25,"200,000",대전광역시 유성구 엑스포로123번길 55
호텔 ICC,4,건조하고 침구에 먼지 많고 좀추움 그외 깨끗하고 친절하고 조식구성 좋음,2021.10.21,"200,000",대전광역시 유성구 엑스포로123번길 55
호텔 ICC,4,잘 이용했습니다,2021.10.17,"200,000",대전광역시 유성구 엑스포로123번길 55
호텔 ICC,5,조식이 맛있었습니다,2021.10.12,"200,000",대전광역시 유성구 엑스포로123번길 55
호텔 ICC,4,조식이굳!,2021.10.04,"200,000",대전광역시 유성구 엑스포로123번길 55
호텔 ICC,4,방이 건조해요.,2021.07.31,"200,000",대전광역시 유성구 엑스포로123번길 55
호텔 ICC,5,깔끔하고 조식도 좋았습니다. 굿,2021.07.27,"200,000",대전광역시 유성구 엑스포로123번길 55
호텔 ICC,4,가격에 비해서 숙박시설은 그다지 달리는거 같요.,2021.07.12,"200,000",대전광역시 유성구 엑스포로123번길 55
호텔 ICC,5,잘 이용했어요,2021.07.05,"200,000",대전광역시 유성구 엑스포로123번길 55
호텔 ICC,3,방음이 안되는게 아쉽네요.,2021.06.24,"200,000",대전광역시 유성구 엑스포로123번길 55
호텔 ICC,4,편안해요.,2021.06.24,"200,000",대전광역시 유성구 엑스포로123번길 55
호텔 ICC,5,출장으로 왔는데 잘 쉬다 갑니다.,2021.06.10,"200,000",대전광역시 유성구 엑스포로123번길 55
호텔 ICC,4,방이 건조해요,2021.05.27,"200,000",대전광역시 유성구 엑스포로123번길 55
호텔 ICC,3,보통입니다,2021.05.26,"200,000",대전광역시 유성구 엑스포로123번길 55
호텔 ICC,5,좋습니다굿이에요,2021.05.25,"200,000",대전광역시 유성구 엑스포로123번길 55
호텔 ICC,4,방이 건조해료,2021.05.13,"200,000",대전광역시 유성구 엑스포로123번길 55
호텔 ICC,4,"대전 올때마다 찾는 숙소인데, 가성비 굿 입니다.",2021.05.05,"200,000",대전광역시 유성구 엑스포로123번길 55
호텔 ICC,4,건조해요.,2021.05.01,"200,000",대전광역시 유성구 엑스포로123번길 55
호텔 ICC,4,건조하네요.,2021.04.23,"200,000",대전광역시 유성구 엑스포로123번길 55
호텔 ICC,3,별로 추움 횡 함,2021.04.22,"200,000",대전광역시 유성구 엑스포로123번길 55
호텔 ICC,4,방이 건조해요.,2021.04.16,"200,000",대전광역시 유성구 엑스포로123번길 55
호텔 ICC,5,너무 편하고 좋아요,2021.04.11,"200,000",대전광역시 유성구 엑스포로123번길 55
호텔 ICC,5,깨끗하고 좋아요,2021.04.10,"200,000",대전광역시 유성구 엑스포로123번길 55
호텔 ICC,5,깨끗하고 좋아요,2021.04.10,"200,000",대전광역시 유성구 엑스포로123번길 55
호텔 ICC,4,갹실청결하고좋아요,2021.04.04,"200,000",대전광역시 유성구 엑스포로123번길 55
호텔 ICC,5,오랜만에 조식이 부폐로 나오니깐 좋았어요,2021.03.30,"200,000",대전광역시 유성구 엑스포로123번길 55
호텔 ICC,4,객실이 깔끔하여 좋았습니다.,2021.03.30,"200,000",대전광역시 유성구 엑스포로123번길 55
호텔 ICC,5,입구찾기가 힘들었지만 아주좋습니다,2021.03.27,"200,000",대전광역시 유성구 엑스포로123번길 55
호텔 ICC,5,좋았어요~,2021.03.26,"200,000",대전광역시 유성구 엑스포로123번길 55
호텔 ICC,4,깔끔합니다,2021.03.25,"200,000",대전광역시 유성구 엑스포로123번길 55
호텔 ICC,5,깨끗하고 조용하고 좋습니다,2021.03.25,"200,000",대전광역시 유성구 엑스포로123번길 55
호텔 ICC,5,일본호텔같앗음,2021.03.22,"200,000",대전광역시 유성구 엑스포로123번길 55
호텔 ICC,4,편안하게 이용했습니다.,2021.03.21,"200,000",대전광역시 유성구 엑스포로123번길 55
호텔 ICC,4,방이 건조해요.,2021.03.19,"200,000",대전광역시 유성구 엑스포로123번길 55
호텔 ICC,3,7.5만원에 비해 2퍼센트 부족한 느낌.,2021.03.18,"200,000",대전광역시 유성구 엑스포로123번길 55
호텔 ICC,4,방이 건조해요,2021.03.17,"200,000",대전광역시 유성구 엑스포로123번길 55
호텔 ICC,4,가격도 저렴하고 아침에 조식이 있어 가성비 최고입니다.,2021.03.14,"200,000",대전광역시 유성구 엑스포로123번길 55
호텔 ICC,4,방이 건조해요.,2021.03.10,"200,000",대전광역시 유성구 엑스포로123번길 55
호텔 ICC,4,생각보다 좁았는데 깨끗했어요,2021.03.06,"200,000",대전광역시 유성구 엑스포로123번길 55
호텔 ICC,4,방이 건조해요.,2021.03.05,"200,000",대전광역시 유성구 엑스포로123번길 55
호텔 ICC,4,방이 건조해요.,2021.03.05,"200,000",대전광역시 유성구 엑스포로123번길 55
호텔 ICC,5,깨끗하고 좋네요,2021.02.27,"200,000",대전광역시 유성구 엑스포로123번길 55
호텔 ICC,5,깨끗하고 좋네요,2021.02.27,"200,000",대전광역시 유성구 엑스포로123번길 55
호텔 ICC,4,방이 건조해요.,2021.02.24,"200,000",대전광역시 유성구 엑스포로123번길 55
호텔 ICC,4,건조하세료.,2021.02.04,"200,000",대전광역시 유성구 엑스포로123번길 55
호텔 ICC,4,건조하네요.,2021.02.04,"200,000",대전광역시 유성구 엑스포로123번길 55
호텔 ICC,5,좋았습니당,2021.02.01,"200,000",대전광역시 유성구 엑스포로123번길 55
호텔 ICC,4,깔끔합니다. 비즈니스 호텔임,2021.02.01,"200,000",대전광역시 유성구 엑스포로123번길 55
호텔 ICC,4,조식 서비스가 좋았습니다,2021.02.01,"200,000",대전광역시 유성구 엑스포로123번길 55
호텔 ICC,5,대전 출장시마다 숙박하고 있습니다,2021.01.26,"200,000",대전광역시 유성구 엑스포로123번길 55
호텔 ICC,4,방이 건조해요.,2021.01.23,"200,000",대전광역시 유성구 엑스포로123번길 55
호텔 ICC,4,건조하네요.,2021.01.15,"200,000",대전광역시 유성구 엑스포로123번길 55
호텔 ICC,5,"편안히 투숙하였습니다.
연박의 아쉬운 점으로는 조식 메뉴가 조금씩 바뀌면 더 좋겠습니다",2021.01.14,"200,000",대전광역시 유성구 엑스포로123번길 55
호텔 ICC,4,항상 머무는 곳입니다,2021.01.14,"200,000",대전광역시 유성구 엑스포로123번길 55
호텔 ICC,4,깔끔하지만 조금 추워요,2021.01.12,"200,000",대전광역시 유성구 엑스포로123번길 55
호텔 ICC,5,"직원분들도 친절하시고, 코로나19 대응을 위한 룸서비스 조식도 마음에 드네요",2021.01.12,"200,000",대전광역시 유성구 엑스포로123번길 55
호텔 ICC,4,괜찮습니다.,2021.01.11,"200,000",대전광역시 유성구 엑스포로123번길 55
호텔 ICC,4,괜찮습니다.,2021.01.11,"200,000",대전광역시 유성구 엑스포로123번길 55
호텔 ICC,1,호텔과 웨딩홀 엘리베이터 동선을 분리를 안해서 불쾌하네요,2021.01.09,"200,000",대전광역시 유성구 엑스포로123번길 55
호텔 ICC,4,자는데 추웠어요.,2020.12.31,"200,000",대전광역시 유성구 엑스포로123번길 55
호텔 ICC,4,ICC라서 위치 빼곤 다 좋습니다,2020.12.29,"200,000",대전광역시 유성구 엑스포로123번길 55
호텔 ICC,5,좋은 호텔이에요,2020.12.29,"200,000",대전광역시 유성구 엑스포로123번길 55
호텔 ICC,5,좋았습니다 객실도 청결하고 친절하세요,2020.12.27,"200,000",대전광역시 유성구 엑스포로123번길 55
호텔 ICC,5,조용하고 깨끗해요,2020.12.24,"200,000",대전광역시 유성구 엑스포로123번길 55
호텔 ICC,5,잘 쉬고 왔습니다,2020.12.21,"200,000",대전광역시 유성구 엑스포로123번길 55
호텔 ICC,5,조용하게 깨끗합니다,2020.12.21,"200,000",대전광역시 유성구 엑스포로123번길 55
호텔 ICC,5,"침대가 가장 맘에 들고
바스제품이 넉넉치않아 좀 아쉬운감이 있습니다",2020.12.19,"200,000",대전광역시 유성구 엑스포로123번길 55
호텔 ICC,4,깨끗하고 좋아요,2020.12.18,"200,000",대전광역시 유성구 엑스포로123번길 55
호텔 ICC,4,가성비 그럭저럭 괜찮았습니다,2020.12.15,"200,000",대전광역시 유성구 엑스포로123번길 55
호텔 ICC,5,"대전 숙소중 가장 마음에 들었어요
다음에 또 이용 할것같아요!!",2020.12.14,"200,000",대전광역시 유성구 엑스포로123번길 55
호텔 ICC,4,차가 없으면 힘들어요,2020.12.10,"200,000",대전광역시 유성구 엑스포로123번길 55
호텔 ICC,4,항상 이용하는 호텔이에요,2020.12.10,"200,000",대전광역시 유성구 엑스포로123번길 55
호텔 ICC,4,항상 애용하는 호텔입니다,2020.12.10,"200,000",대전광역시 유성구 엑스포로123번길 55
호텔 ICC,5,깨끗하고 좋습니다~,2020.12.08,"200,000",대전광역시 유성구 엑스포로123번길 55
호텔 ICC,5,좋아요 편하고,2020.12.05,"200,000",대전광역시 유성구 엑스포로123번길 55
호텔 ICC,4,컨벤션샌터 근처요,2020.12.03,"200,000",대전광역시 유성구 엑스포로123번길 55
호텔 ICC,4,역하고 근처에여,2020.12.03,"200,000",대전광역시 유성구 엑스포로123번길 55
호텔 ICC,5,깨끗하고 좋아요,2020.12.01,"200,000",대전광역시 유성구 엑스포로123번길 55
호텔 ICC,5,청결하고 샤워시설이 좋습니다.,2020.11.30,"200,000",대전광역시 유성구 엑스포로123번길 55
호텔 ICC,5,청결도 높다. 근처 식당가가 부족하다. 주차공간 최고다.,2020.11.24,"200,000",대전광역시 유성구 엑스포로123번길 55
호텔 ICC,4,깔끔하고 조식도 좋았어요.,2020.11.15,"200,000",대전광역시 유성구 엑스포로123번길 55
호텔 ICC,5,"출장이 있어서 머물렀는데, 가성비 좋고 깔끔해요",2020.11.07,"200,000",대전광역시 유성구 엑스포로123번길 55
호텔 ICC,5,"조식도나쁘지않고 주차도편하나
예식날은 정신없음",2020.11.04,"200,000",대전광역시 유성구 엑스포로123번길 55
호텔 ICC,5,조식이 정말 맛있습니다,2020.11.01,"200,000",대전광역시 유성구 엑스포로123번길 55
호텔 ICC,5,깨끗하네요.,2020.10.28,"200,000",대전광역시 유성구 엑스포로123번길 55
호텔 ICC,5,방 깨끗해요,2020.10.23,"200,000",대전광역시 유성구 엑스포로123번길 55
호텔 ICC,5,편히 잘 쉬었습니다,2020.10.20,"200,000",대전광역시 유성구 엑스포로123번길 55
호텔 ICC,4,엑스포공원 근처에요,2020.10.08,"200,000",대전광역시 유성구 엑스포로123번길 55
호텔 ICC,5,좋았어요~,2020.10.03,"200,000",대전광역시 유성구 엑스포로123번길 55
호텔 ICC,3,좀 편해요,2020.09.27,"200,000",대전광역시 유성구 엑스포로123번길 55
호텔 ICC,3,평범합니다,2020.09.24,"200,000",대전광역시 유성구 엑스포로123번길 55
호텔 ICC,5,조식도 맛있어요~,2020.09.16,"200,000",대전광역시 유성구 엑스포로123번길 55
호텔 ICC,5,위치도 좋고 시설도 깔끔하고 좋아요!,2020.09.16,"200,000",대전광역시 유성구 엑스포로123번길 55
호텔 ICC,5,깨끗하고 조용합니다,2020.09.14,"200,000",대전광역시 유성구 엑스포로123번길 55
호텔 ICC,4,그냥 그래요...,2020.09.14,"200,000",대전광역시 유성구 엑스포로123번길 55
호텔 ICC,5,만족합니다,2020.09.10,"200,000",대전광역시 유성구 엑스포로123번길 55
호텔 ICC,3,ㅇㅇㅇㄹㄹㄹ,2020.09.10,"200,000",대전광역시 유성구 엑스포로123번길 55
호텔 ICC,5,조식 포함이라 좋네요,2020.09.07,"200,000",대전광역시 유성구 엑스포로123번길 55
호텔 ICC,5,편하고 깨끗합니다,2020.09.07,"200,000",대전광역시 유성구 엑스포로123번길 55
호텔 ICC,5,깔끔하고 조식이 좋았어요,2020.08.29,"200,000",대전광역시 유성구 엑스포로123번길 55
호텔 ICC,5,위치빼곤 다 좋아요,2020.08.25,"200,000",대전광역시 유성구 엑스포로123번길 55
호텔 ICC,4,교통이 편하지 않아요.,2020.08.20,"200,000",대전광역시 유성구 엑스포로123번길 55
호텔 ICC,4,교통이 불편해요,2020.08.20,"200,000",대전광역시 유성구 엑스포로123번길 55
호텔 ICC,5,늦잠자서 조식이용은 못했지만 침대는 무척 편했어요,2020.08.13,"200,000",대전광역시 유성구 엑스포로123번길 55
호텔 ICC,4,잘쉬다가요,2020.08.08,"200,000",대전광역시 유성구 엑스포로123번길 55
호텔 ICC,5,조식 맛있어요. 그리고 위치도 좋아 산책하가 좋아요,2020.08.07,"200,000",대전광역시 유성구 엑스포로123번길 55
호텔 ICC,1,침구는 나쁘지 않았으나 방과 욕실이 너무 좁네요..,2020.08.07,"200,000",대전광역시 유성구 엑스포로123번길 55
호텔 ICC,4,나쁘지 않았습니다!,2020.08.04,"200,000",대전광역시 유성구 엑스포로123번길 55
호텔 ICC,4,교통이 안좋아요.,2020.07.30,"200,000",대전광역시 유성구 엑스포로123번길 55
호텔 ICC,4,공사중이네요.,2020.07.24,"200,000",대전광역시 유성구 엑스포로123번길 55
호텔 ICC,4,괜찮네요ㅎ,2020.07.22,"200,000",대전광역시 유성구 엑스포로123번길 55
호텔 ICC,4,괜찮네요ㅎ,2020.07.21,"200,000",대전광역시 유성구 엑스포로123번길 55
호텔 ICC,5,가성비 굿굿. 깨끗~~^^,2020.07.11,"200,000",대전광역시 유성구 엑스포로123번길 55
호텔 ICC,3,모텔에도 비데가있는데 호텔에 비데가없는게 신기하네요 ㅋㅋㅋㅋ,2020.07.10,"200,000",대전광역시 유성구 엑스포로123번길 55
호텔 ICC,4,공사중인가봐요.,2020.07.09,"200,000",대전광역시 유성구 엑스포로123번길 55
호텔 ICC,3,방음 안되고 체크아웃시간 일러요,2020.07.03,"200,000",대전광역시 유성구 엑스포로123번길 55
호텔 ICC,4,뭐 그렇게 좋진 않아요,2020.06.28,"200,000",대전광역시 유성구 엑스포로123번길 55
호텔 ICC,4,머무르기 괜찮아요.,2020.06.26,"200,000",대전광역시 유성구 엑스포로123번길 55
호텔 ICC,4,그럭저럭 지낼만함,2020.06.24,"200,000",대전광역시 유성구 엑스포로123번길 55
호텔 ICC,4,그럭저럭 지낼만함,2020.06.24,"200,000",대전광역시 유성구 엑스포로123번길 55
호텔 ICC,5,굿입니다 아이씨씨,2020.06.22,"200,000",대전광역시 유성구 엑스포로123번길 55
호텔 ICC,5,굿입니다 아이씨씨,2020.06.22,"200,000",대전광역시 유성구 엑스포로123번길 55
호텔 ICC,5,청결합니다~,2020.06.22,"200,000",대전광역시 유성구 엑스포로123번길 55
호텔 ICC,5,침대가 좋습니다~,2020.06.22,"200,000",대전광역시 유성구 엑스포로123번길 55
호텔 ICC,5,매우 깨끗하고 좋습니다~,2020.06.22,"200,000",대전광역시 유성구 엑스포로123번길 55
호텔 ICC,4,좋네요 또올게요,2020.06.18,"200,000",대전광역시 유성구 엑스포로123번길 55
호텔 ICC,5,다 좋았어요~ 다음에도 주변 갈 일있으면 여기 묵으려구요,2020.06.15,"200,000",대전광역시 유성구 엑스포로123번길 55
호텔 ICC,4,머무르기 괜찮습니다.,2020.06.12,"200,000",대전광역시 유성구 엑스포로123번길 55
호텔 ICC,5,깨끗하고 편한 숙소,2020.06.11,"200,000",대전광역시 유성구 엑스포로123번길 55
호텔 ICC,4,깔끔하고 여지없이 조용하니 좋았습니다,2020.06.09,"200,000",대전광역시 유성구 엑스포로123번길 55
호텔 ICC,4,내부에 거울이 없는것이 좀아쉬웟어요,2020.06.08,"200,000",대전광역시 유성구 엑스포로123번길 55
호텔 ICC,5,깨끗하고 좋았습니다,2020.06.08,"200,000",대전광역시 유성구 엑스포로123번길 55
호텔 ICC,5,좀 좁습니다.,2020.06.06,"200,000",대전광역시 유성구 엑스포로123번길 55
호텔 ICC,5,직원분들도 친절하시구 룸상태도 좋았어요:),2020.06.05,"200,000",대전광역시 유성구 엑스포로123번길 55
호텔 ICC,5,가성비 좋습니다 프론트 친절하시구요,2020.06.05,"200,000",대전광역시 유성구 엑스포로123번길 55
호텔 ICC,5,커피포트기에 곰팡이 있던거말곤 좋음,2020.05.31,"200,000",대전광역시 유성구 엑스포로123번길 55
호텔 ICC,5,조용하고 깨끗한 호텔,2020.05.29,"200,000",대전광역시 유성구 엑스포로123번길 55
호텔 ICC,5,한식으로 준비되는 조식이 좋습니다,2020.05.28,"200,000",대전광역시 유성구 엑스포로123번길 55
호텔 ICC,5,출장으로 방문해서 잘 쉬었습니다,2020.05.28,"200,000",대전광역시 유성구 엑스포로123번길 55
호텔 ICC,5,출장으로 방문해서 잘 쉬었습니다,2020.05.28,"200,000",대전광역시 유성구 엑스포로123번길 55
호텔 ICC,5,가격대비 진짜 깔끔하고 좋았습니대,2020.05.24,"200,000",대전광역시 유성구 엑스포로123번길 55
호텔 ICC,4,침대가 푹신합니다.,2020.05.23,"200,000",대전광역시 유성구 엑스포로123번길 55
호텔 ICC,5,"편하게 쉬다 갑니다. 
객실이 좀 좁았어요",2020.05.19,"200,000",대전광역시 유성구 엑스포로123번길 55
호텔 ICC,4,조식을 제공합니다.,2020.05.17,"200,000",대전광역시 유성구 엑스포로123번길 55
호텔 ICC,4,조식이 제공됩니다.,2020.05.17,"200,000",대전광역시 유성구 엑스포로123번길 55
호텔 ICC,5,깨끄하고 좋아여,2020.05.12,"200,000",대전광역시 유성구 엑스포로123번길 55
호텔 ICC,5,편안하게 잘 쉬었어요,2020.05.10,"200,000",대전광역시 유성구 엑스포로123번길 55
호텔 ICC,5,아주훌륭합니다.,2020.05.09,"200,000",대전광역시 유성구 엑스포로123번길 55
호텔 ICC,5,아주좋아요,2020.05.08,"200,000",대전광역시 유성구 엑스포로123번길 55
호텔 ICC,5,좋습니다...,2020.05.03,"200,000",대전광역시 유성구 엑스포로123번길 55
호텔 ICC,5,넓진 않지만 편히 잘 쉬었어요,2020.04.28,"200,000",대전광역시 유성구 엑스포로123번길 55
호텔 ICC,5,깨끗합니다,2020.04.21,"200,000",대전광역시 유성구 엑스포로123번길 55
호텔 ICC,4,깨끗합니다,2020.04.21,"200,000",대전광역시 유성구 엑스포로123번길 55
호텔 ICC,5,"주차장, 주변식당들 조건 좋음",2020.04.20,"200,000",대전광역시 유성구 엑스포로123번길 55
호텔 ICC,5,편하게 잘 쉬었습니다,2020.04.20,"200,000",대전광역시 유성구 엑스포로123번길 55
호텔 ICC,3,깨끗합니다,2020.04.16,"200,000",대전광역시 유성구 엑스포로123번길 55
호텔 ICC,4,깨끗합니다,2020.04.16,"200,000",대전광역시 유성구 엑스포로123번길 55
호텔 ICC,4,머무르기 괜찮습니다.,2020.04.11,"200,000",대전광역시 유성구 엑스포로123번길 55
호텔 ICC,4,객실내 테이블이 있으면 좋겠어요,2020.04.11,"200,000",대전광역시 유성구 엑스포로123번길 55
호텔 ICC,4,괜찮습니다.,2020.04.04,"200,000",대전광역시 유성구 엑스포로123번길 55
호텔 ICC,4,괜찮습니다.,2020.04.04,"200,000",대전광역시 유성구 엑스포로123번길 55
호텔 ICC,4,괜찮습니다.,2020.04.04,"200,000",대전광역시 유성구 엑스포로123번길 55
호텔 ICC,5,침구가 상당히 편하네요,2020.03.29,"200,000",대전광역시 유성구 엑스포로123번길 55
호텔 ICC,3,깨끗합니다 ~~,2020.03.26,"200,000",대전광역시 유성구 엑스포로123번길 55
호텔 ICC,5,깔끔하고 좋습니다,2020.03.22,"200,000",대전광역시 유성구 엑스포로123번길 55
호텔 ICC,5,굿깔끔합니다,2020.03.21,"200,000",대전광역시 유성구 엑스포로123번길 55
호텔 ICC,5,침대가 편하네요,2020.03.21,"200,000",대전광역시 유성구 엑스포로123번길 55
호텔 ICC,4,조식이 매일 거의 같아요,2020.03.20,"200,000",대전광역시 유성구 엑스포로123번길 55
호텔 ICC,4,머무르기 괜찮습니다.,2020.03.20,"200,000",대전광역시 유성구 엑스포로123번길 55
호텔 ICC,4,머무르기 괜찮습니다.,2020.03.12,"200,000",대전광역시 유성구 엑스포로123번길 55
호텔 ICC,4,자주 머물고 있습니다.,2020.03.12,"200,000",대전광역시 유성구 엑스포로123번길 55
호텔 ICC,4,"코로나땜에 방역좋은곳에서 숙박했는데
시설은 평타에요ㅋ",2020.03.12,"200,000",대전광역시 유성구 엑스포로123번길 55
호텔 ICC,5,머무르기 괜찮습니다.,2020.03.11,"200,000",대전광역시 유성구 엑스포로123번길 55
호텔 ICC,5,조식도 괜찮아요,2020.03.11,"200,000",대전광역시 유성구 엑스포로123번길 55
호텔 ICC,5,깔끔합니다.,2020.03.11,"200,000",대전광역시 유성구 엑스포로123번길 55
호텔 ICC,4,전체적으로 깔끔합니다.,2020.03.03,"200,000",대전광역시 유성구 엑스포로123번길 55
호텔 ICC,5,"시설, 서비스 너무나 좋아요",2020.02.29,"200,000",대전광역시 유성구 엑스포로123번길 55
호텔 ICC,5,서비스 시설 좋아요,2020.02.29,"200,000",대전광역시 유성구 엑스포로123번길 55
호텔 ICC,5,깔끔하고 편했다,2020.02.28,"200,000",대전광역시 유성구 엑스포로123번길 55
호텔 ICC,5,아주 좋았습니다,2020.02.26,"200,000",대전광역시 유성구 엑스포로123번길 55
호텔 ICC,5,호텔은 깨끗하고 좋았어요~,2020.02.18,"200,000",대전광역시 유성구 엑스포로123번길 55
호텔 ICC,4,1인실이네요ㅋ,2020.02.17,"200,000",대전광역시 유성구 엑스포로123번길 55
호텔 ICC,4,조식이 맛있어요,2020.02.16,"200,000",대전광역시 유성구 엑스포로123번길 55
호텔 ICC,5,조식이 좋았습니다,2020.02.13,"200,000",대전광역시 유성구 엑스포로123번길 55
호텔 ICC,5,편하게 잘 쉬었습니다,2020.02.13,"200,000",대전광역시 유성구 엑스포로123번길 55
호텔 ICC,4,감사합니다,2020.02.10,"200,000",대전광역시 유성구 엑스포로123번길 55
호텔 ICC,4,감사합니다,2020.02.10,"200,000",대전광역시 유성구 엑스포로123번길 55
호텔 ICC,4,Dcc랑 가까워요,2020.02.07,"200,000",대전광역시 유성구 엑스포로123번길 55
호텔 ICC,5,깔끔해요.,2020.02.07,"200,000",대전광역시 유성구 엑스포로123번길 55
호텔 ICC,5,깔끔해요.,2020.02.07,"200,000",대전광역시 유성구 엑스포로123번길 55
호텔 ICC,4,깨끗합니다,2020.02.03,"200,000",대전광역시 유성구 엑스포로123번길 55
호텔 ICC,4,깨끗합니다,2020.02.03,"200,000",대전광역시 유성구 엑스포로123번길 55
호텔 ICC,5,깨끗하고 나쁘지 않았어요,2020.01.29,"200,000",대전광역시 유성구 엑스포로123번길 55
호텔 ICC,4,침구류가 편안해서 좋았어요,2020.01.28,"200,000",대전광역시 유성구 엑스포로123번길 55
호텔 ICC,5,출장차 이용했는데 깔끔하고 좋았습니다,2020.01.20,"200,000",대전광역시 유성구 엑스포로123번길 55
호텔 ICC,4,방이 깨끗합니다,2020.01.14,"200,000",대전광역시 유성구 엑스포로123번길 55
호텔 ICC,4,깨끗합니다~,2020.01.09,"200,000",대전광역시 유성구 엑스포로123번길 55
호텔 ICC,5,좋았습니다,2020.01.04,"200,000",대전광역시 유성구 엑스포로123번길 55
호텔 ICC,5,아주 좋습니다. 푹쉬다갑니다,2019.12.30,"200,000",대전광역시 유성구 엑스포로123번길 55
호텔 ICC,5,깔끔하고 좋아요. 밥은 늦잠자느라 못 먹어서 아쉽네요.,2019.12.26,"200,000",대전광역시 유성구 엑스포로123번길 55
호텔 ICC,5,방도 깨끗하고 좋지만 어메니티가 부족합니다.,2019.12.25,"200,000",대전광역시 유성구 엑스포로123번길 55
호텔 ICC,5,친절해요 정말,2019.12.24,"200,000",대전광역시 유성구 엑스포로123번길 55
호텔 ICC,5,잘 쉬다갑니다 최고였어용,2019.11.20,"200,000",대전광역시 유성구 엑스포로123번길 55
호텔 ICC,5,"깨끗하고 쾌적합니다.
출장 때 자주 가는데 항상 좋네요",2019.10.27,"200,000",대전광역시 유성구 엑스포로123번길 55
호텔 ICC,5,잘 이용했습니다.,2019.10.02,"200,000",대전광역시 유성구 엑스포로123번길 55
호텔 ICC,4,시설이 깨끗해서 좋았습니다.,2019.10.01,"200,000",대전광역시 유성구 엑스포로123번길 55
호텔 ICC,5,"깨끗하여 좋았습니다,,",2019.10.01,"200,000",대전광역시 유성구 엑스포로123번길 55
호텔 ICC,4,아침밥이 좋았어요,2019.09.18,"200,000",대전광역시 유성구 엑스포로123번길 55
호텔 ICC,4,1인실은 물을 하나만 주네요. 그것빼곤 좋았습니다~,2019.09.12,"200,000",대전광역시 유성구 엑스포로123번길 55
호텔 ICC,4,올때마다 느끼는 거지만 깔끔합니다. 다만 침대와 티비 방향이 아쉽습니다~,2019.09.12,"200,000",대전광역시 유성구 엑스포로123번길 55
호텔 ICC,3,깔끔하긴 한데 방이 조금 작은 느낌입니다,2019.08.29,"200,000",대전광역시 유성구 엑스포로123번길 55
호텔 ICC,5,대전 놀러와서 편안하게 쉴 수 있어서 좋았습니다~!,2019.08.21,"200,000",대전광역시 유성구 엑스포로123번길 55
호텔 ICC,5,잘쉬다갑니다,2019.08.21,"200,000",대전광역시 유성구 엑스포로123번길 55
호텔 ICC,4,저렴하게 이용했네요.,2019.08.20,"200,000",대전광역시 유성구 엑스포로123번길 55
호텔 ICC,5,깨끗하고 혼자 하루지내기에 딱 좋았어요,2019.08.19,"200,000",대전광역시 유성구 엑스포로123번길 55
호텔 ICC,5,잘묵었습니다~!,2019.08.10,"200,000",대전광역시 유성구 엑스포로123번길 55
호텔 ICC,5,훌륭한 조식 ㅎㅎ 혼자 하루자기 딱 좋았어요,2019.07.25,"200,000",대전광역시 유성구 엑스포로123번길 55
호텔 ICC,5,"칫솔치약이 없는게 아쉬웠습니다.
슬리퍼도 한개밖에없네요ㅠ",2019.07.22,"200,000",대전광역시 유성구 엑스포로123번길 55
호텔 ICC,5,"안내데스크 안내는친절햇습니다 
차가 있으면 편한데 없으면 오기에는불편할거같네요",2019.07.21,"200,000",대전광역시 유성구 엑스포로123번길 55
호텔 ICC,4,잘 쉬었다가 갑니다,2019.07.21,"200,000",대전광역시 유성구 엑스포로123번길 55
호텔 ICC,4,깨끗하고 좋습니다ㅋㅋㅋ,2019.07.20,"200,000",대전광역시 유성구 엑스포로123번길 55
호텔 ICC,4,깨끗하고 좋아요,2019.07.20,"200,000",대전광역시 유성구 엑스포로123번길 55
호텔 ICC,5,뷰가 좋은 호텔은 아니지만 가격에 비해서 시설은 괜찮음,2019.07.17,"200,000",대전광역시 유성구 엑스포로123번길 55
호텔 ICC,4,조용하고 좋았습니다,2019.07.16,"200,000",대전광역시 유성구 엑스포로123번길 55
호텔 ICC,5,다음에도 또 방문할게요!,2019.06.23,"200,000",대전광역시 유성구 엑스포로123번길 55
호텔 ICC,4,침구류가 너무 편해서 잘 쉬다 갑미당!,2019.06.16,"200,000",대전광역시 유성구 엑스포로123번길 55
호텔 ICC,5,"깔끔한 호텔, 침구류 굿, 욕실 건조 & 깔끔",2019.06.15,"200,000",대전광역시 유성구 엑스포로123번길 55
호텔 ICC,5,위치는 별로임,2019.06.12,"200,000",대전광역시 유성구 엑스포로123번길 55
호텔 ICC,5,"심플함 깔끔함 치약칫솔면도기 없음, 웨딩홀이랑 같이함",2019.06.06,"200,000",대전광역시 유성구 엑스포로123번길 55
호텔 ICC,4,"숙소에 큰수건이 있으면 좋겠습니다
깔끔합니다",2019.05.26,"200,000",대전광역시 유성구 엑스포로123번길 55
호텔 ICC,4,좋아요~^^,2019.05.16,"200,000",대전광역시 유성구 엑스포로123번길 55
호텔 ICC,4,좋아요~^^,2019.05.16,"200,000",대전광역시 유성구 엑스포로123번길 55
호텔 ICC,4,티비가 작아서 아쉬웠어요. 깨끗했어요,2019.05.08,"200,000",대전광역시 유성구 엑스포로123번길 55
호텔 ICC,3,깨끗하긴한데 테이블도하나없고 티비도작고 히터틀면 건조하고~~~ㅋ,2019.04.21,"200,000",대전광역시 유성구 엑스포로123번길 55
호텔 ICC,5,"깨끗함이 생명이네요.
침대와 이불 특히 만족.
온수 수압도 좋았습니다.",2019.04.01,"200,000",대전광역시 유성구 엑스포로123번길 55
호텔 ICC,5,깔끔하지만 구비용품이 필요합니다,2019.03.17,"200,000",대전광역시 유성구 엑스포로123번길 55
호텔 ICC,5,위치 빼고 다 좋은 곳,2019.03.12,"200,000",대전광역시 유성구 엑스포로123번길 55
호텔 ICC,4,칫솔치약이 없어요 참고하세요,2019.03.02,"200,000",대전광역시 유성구 엑스포로123번길 55
호텔 ICC,5,"대전에 머물때마다 자주 들러요 
깔끔하고 좋아요",2019.02.06,"200,000",대전광역시 유성구 엑스포로123번길 55
호텔 ICC,4,위생적이었어요,2018.12.30,"200,000",대전광역시 유성구 엑스포로123번길 55
호텔 ICC,5,편안하게 잘 묵었습니다,2018.12.19,"200,000",대전광역시 유성구 엑스포로123번길 55
호텔 ICC,5,깨끗하고 좋았습니다.,2018.12.16,"200,000",대전광역시 유성구 엑스포로123번길 55
호텔 ICC,5,출장 중에 머물렀는데 깨끗하고 좋습니다~!,2018.12.10,"200,000",대전광역시 유성구 엑스포로123번길 55
호텔 ICC,5,잘 묵었습니다,2018.12.05,"200,000",대전광역시 유성구 엑스포로123번길 55
호텔 ICC,5,깔끔하고 친절해요,2018.12.02,"200,000",대전광역시 유성구 엑스포로123번길 55
호텔 ICC,3,칫솔도 치약도 면도기 없으니 준비는 철저히,2018.11.26,"200,000",대전광역시 유성구 엑스포로123번길 55
호텔 ICC,5,칫솔도 치냑도 없으니 다달 준비하세요,2018.11.26,"200,000",대전광역시 유성구 엑스포로123번길 55
호텔 ICC,5,좋았어요 깔끔,2018.11.25,"200,000",대전광역시 유성구 엑스포로123번길 55
호텔 ICC,5,"깔끔하고 좋아요
주변에 편의시설이 없는건 좀 아쉽네요",2018.11.22,"200,000",대전광역시 유성구 엑스포로123번길 55
호텔 ICC,4,치약이 없어요,2018.11.15,"200,000",대전광역시 유성구 엑스포로123번길 55
호텔 ICC,5,너무너무 좋아요,2018.11.12,"200,000",대전광역시 유성구 엑스포로123번길 55
호텔 ICC,5,좋아요 잘 쉬다갑니다,2018.11.12,"200,000",대전광역시 유성구 엑스포로123번길 55
호텔 ICC,5,전체적으로 만족입니다,2018.11.04,"200,000",대전광역시 유성구 엑스포로123번길 55
호텔 ICC,5,전체적으로 만족입니다,2018.11.04,"200,000",대전광역시 유성구 엑스포로123번길 55
호텔 ICC,4,깨끗하고 좋아요,2018.10.20,"200,000",대전광역시 유성구 엑스포로123번길 55
호텔 ICC,5,깨끗하고 좋네요~,2018.10.09,"200,000",대전광역시 유성구 엑스포로123번길 55
호텔 ICC,5,좋아요 괜찮은드스,2018.09.27,"200,000",대전광역시 유성구 엑스포로123번길 55
호텔 ICC,5,Goood,2018.08.22,"200,000",대전광역시 유성구 엑스포로123번길 55
호텔 ICC,5,객실 깨끗하고 친절하시고 좋아요,2018.08.17,"200,000",대전광역시 유성구 엑스포로123번길 55
호텔 ICC,4,좋았습니다.,2018.06.22,"200,000",대전광역시 유성구 엑스포로123번길 55
호텔 ICC,5,가성비최공 호텔,2018.06.19,"200,000",대전광역시 유성구 엑스포로123번길 55
호텔 ICC,5,잘쉬고가왜,2018.06.17,"200,000",대전광역시 유성구 엑스포로123번길 55
호텔 ICC,5,정말 항상 좋은곳,2018.05.21,"200,000",대전광역시 유성구 엑스포로123번길 55
호텔 ICC,4,깨끗합니다. 방음은 좀 안되구요,2018.05.17,"200,000",대전광역시 유성구 엑스포로123번길 55
호텔 ICC,5,온도조절방식이 히터라서 건조한것 빼고는 만족,2018.04.04,"200,000",대전광역시 유성구 엑스포로123번길 55
호텔 ICC,5,온도조절방식이 히터라서 건조한것 빼고는 만족,2018.04.04,"200,000",대전광역시 유성구 엑스포로123번길 55
호텔 ICC,5,서비스도 좋고 주변에 편의시설이 많아서 좋았습니다~^^,2018.04.01,"200,000",대전광역시 유성구 엑스포로123번길 55
호텔 ICC,5,온풍기로 온도를 올려서 건조함,2018.03.25,"200,000",대전광역시 유성구 엑스포로123번길 55
호텔 ICC,4,조식이 괜찬아ㅇ,2018.03.25,"200,000",대전광역시 유성구 엑스포로123번길 55
호텔 ICC,4,조식이 좋고 친절하네요,2018.03.19,"200,000",대전광역시 유성구 엑스포로123번길 55
호텔 ICC,5,조식이 좋고 친절하네요,2018.03.19,"200,000",대전광역시 유성구 엑스포로123번길 55
호텔 ICC,4,조식이 좋고 친절하네요,2018.03.19,"200,000",대전광역시 유성구 엑스포로123번길 55
호텔 ICC,5,조식이 좋고 친절하네요,2018.03.19,"200,000",대전광역시 유성구 엑스포로123번길 55
호텔 ICC,4,조식이 좋고 친절하네요,2018.03.19,"200,000",대전광역시 유성구 엑스포로123번길 55
호텔 ICC,4,청결하고 좋아요,2018.03.16,"200,000",대전광역시 유성구 엑스포로123번길 55
호텔 ICC,5,깔끔하고 조식도 괜차나요,2018.03.14,"200,000",대전광역시 유성구 엑스포로123번길 55
호텔 ICC,5,조식이괜찬고 깔끔해요,2018.03.11,"200,000",대전광역시 유성구 엑스포로123번길 55
호텔 ICC,5,조식이괜찬고 깔끔해요,2018.03.11,"200,000",대전광역시 유성구 엑스포로123번길 55
호텔 ICC,5,조식이괜찬고 깔끔해요,2018.03.11,"200,000",대전광역시 유성구 엑스포로123번길 55
호텔 ICC,5,조식이괜찬고 깔끔해요,2018.03.11,"200,000",대전광역시 유성구 엑스포로123번길 55
호텔 ICC,4,조식이괜찬고 깔끔해요,2018.03.11,"200,000",대전광역시 유성구 엑스포로123번길 55
호텔 ICC,4,"테이블도하나없고,온풍기라 너무건조하네요",2018.02.21,"200,000",대전광역시 유성구 엑스포로123번길 55
호텔 ICC,4,깨끗하고좋은데 집기등 좀부족한점이~~~^^,2018.02.06,"200,000",대전광역시 유성구 엑스포로123번길 55
호텔 ICC,2,방음 최악입니다,2018.01.17,"200,000",대전광역시 유성구 엑스포로123번길 55
호텔 ICC,5,최고네요따봉,2018.01.11,"200,000",대전광역시 유성구 엑스포로123번길 55
호텔 ICC,5,너무 좋아요,2018.01.07,"200,000",대전광역시 유성구 엑스포로123번길 55
호텔 ICC,5,조아요/~~,2018.01.07,"200,000",대전광역시 유성구 엑스포로123번길 55
호텔 ICC,5,침대가 특히 좋았어요,2018.01.03,"200,000",대전광역시 유성구 엑스포로123번길 55
호텔 ICC,5,최고의숙소입니다,2018.01.01,"200,000",대전광역시 유성구 엑스포로123번길 55
호텔 ICC,3,좋아요 ㅎㅎㅎ,2017.12.31,"200,000",대전광역시 유성구 엑스포로123번길 55
호텔 ICC,5,깔끔한데 조금건조해요,2017.12.30,"200,000",대전광역시 유성구 엑스포로123번길 55
호텔 ICC,4,좋아요ㅎㅎㅎㅅ,2017.12.28,"200,000",대전광역시 유성구 엑스포로123번길 55
호텔 ICC,3,음.. 전반적으로 다 그냥그랬어요.,2017.12.07,"200,000",대전광역시 유성구 엑스포로123번길 55
호텔 ICC,5,조식도 있고 좋아요,2017.12.07,"200,000",대전광역시 유성구 엑스포로123번길 55
호텔 ICC,5,좋았습니다..,2017.11.20,"200,000",대전광역시 유성구 엑스포로123번길 55
호텔 ICC,5,깔끔하네용,2017.11.18,"200,000",대전광역시 유성구 엑스포로123번길 55
호텔 ICC,5,잘쉬다갑니당,2017.11.18,"200,000",대전광역시 유성구 엑스포로123번길 55
호텔 ICC,4,깨끗했어요,2017.11.10,"200,000",대전광역시 유성구 엑스포로123번길 55
호텔 ICC,5,믿고 숙밗아는 icc,2017.10.30,"200,000",대전광역시 유성구 엑스포로123번길 55
호텔 ICC,5,최고 입니다^^,2017.10.24,"200,000",대전광역시 유성구 엑스포로123번길 55
호텔 ICC,5,대전 레지던스 호텔중 최고입니다^^,2017.10.24,"200,000",대전광역시 유성구 엑스포로123번길 55
