hotel,star,review,date,price,address
대전 호텔 어반브라운,4,객실 청결 상태가 진짜 좋았어요! 방역이나 침구류 세탁 께끗하게 해주셔서 불편없이 묵었습니당👍🏻,2024.11.03,"98,000",대전광역시 대덕구 한밭대로1149번길 15-11
대전 호텔 어반브라운,5,숙소가 아늑하고 깨끗하며 불편한것없이 다갖춰져있었어요! 룸도 작지않고 정말 편안했습니다~! 프런트에 계신분도 친절하시고 복도도 분위기 좋았어요! 대전IC에서도 가깝고 성심당빵집도 가까워서 저희 코스에 딱이었어요! 😀,2024.08.06,"98,000",대전광역시 대덕구 한밭대로1149번길 15-11
대전 호텔 어반브라운,5,연휴라 남아있는 숙소가 없었는데 이용할 수 있어서 좋았습니다. 직원분들도 친절하셨어요,2024.06.08,"98,000",대전광역시 대덕구 한밭대로1149번길 15-11
대전 호텔 어반브라운,5,출장 때문에 대전에 일주일 정도 있었는데 친절함부터 깨끗함 까지 또 가고 싶은 호텔입니다 다음 대전 출장이 있다면 또 갈께요,2024.05.18,"98,000",대전광역시 대덕구 한밭대로1149번길 15-11
대전 호텔 어반브라운,5,깔끔하고 잘 쉬다 갔습니다,2024.04.27,"98,000",대전광역시 대덕구 한밭대로1149번길 15-11
대전 호텔 어반브라운,5,깔끔하고 잘 쉬다 갔습니다,2024.04.27,"98,000",대전광역시 대덕구 한밭대로1149번길 15-11
