hotel,star,review,date,price,address
더휴식 아늑호텔 대전 유성 1호점,5,더휴식 아늑호텔 대전 유성온천 1호점,2024.10.21,"110,000",대전광역시 유성구 계룡로123번길 38
더휴식 아늑호텔 대전 유성 1호점,5,"다른 숙소는 베개가 높아서 불편했는데 여기 베개는 진짜 낮고 너무 편해서 잘 잤어요!! 사진보다는 방이 작았지만 엄청 깔끔해서 만족스러웠어요!! 
아쉬운점은 거울과 밝은빛이 없어서 화장하기 어렵다는 점과 중문이 없어서 복도 소음이 잘 들렸어요ㅜㅠ 
나머지는 다 너무 좋았습니다!! 대전가면 또 이용할것같아요!!",2024.10.15,"110,000",대전광역시 유성구 계룡로123번길 38
더휴식 아늑호텔 대전 유성 1호점,4,넘 깨끗하고 침구가 아늑합니다,2024.10.10,"110,000",대전광역시 유성구 계룡로123번길 38
더휴식 아늑호텔 대전 유성 1호점,5,"침구가 정말 아늑해서 꿀잠했어요.
전반적으로 깨끗청결하나
주차공간이 적은점이 조금아쉽네요",2024.10.08,"110,000",대전광역시 유성구 계룡로123번길 38
더휴식 아늑호텔 대전 유성 1호점,4,나쁘지 않긴 한데 침대 시트가 너무 통풍이 안돼 땀이 계속 차고 무엇보다 에어컨이 바로 머리 위에 있는데 전원버튼 불빛이 너무 강렬해서 잘때 눈이 아플정도였습니다.,2024.09.04,"110,000",대전광역시 유성구 계룡로123번길 38
더휴식 아늑호텔 대전 유성 1호점,4,주차공간이 좁아 불편합니다.,2024.09.03,"110,000",대전광역시 유성구 계룡로123번길 38
더휴식 아늑호텔 대전 유성 1호점,5,"잘 쉬다가 갑니다
또 만납시다",2024.08.15,"110,000",대전광역시 유성구 계룡로123번길 38
더휴식 아늑호텔 대전 유성 1호점,5,침구가 깨끗하고 편안했습니다,2024.07.06,"110,000",대전광역시 유성구 계룡로123번길 38
더휴식 아늑호텔 대전 유성 1호점,5,"출장 숙소로 이용.
전반적으로 룸 컨디션이 아주 좋음. 침구도 청결하고 편함. 베게도 메모리폼이라서 좋았음. 영화방이라서 TV대신 프로젝터가 있었고, 의자도 고급영화관 것과 비슷해서 색다른 기분이었음.
근처 용무 있으면 재방문할 것임.^^",2024.06.30,"110,000",대전광역시 유성구 계룡로123번길 38
더휴식 아늑호텔 대전 유성 1호점,5,"데스크에서 너무 친절히 대해 주시고
방도 깨끗해서 좋았습니다.",2024.06.19,"110,000",대전광역시 유성구 계룡로123번길 38
더휴식 아늑호텔 대전 유성 1호점,5,숙소가 출장 용으로 딱 좋습니다,2024.06.14,"110,000",대전광역시 유성구 계룡로123번길 38
더휴식 아늑호텔 대전 유성 1호점,4,깔끔했어요. 주차장이 조금 좁네요,2024.06.06,"110,000",대전광역시 유성구 계룡로123번길 38
더휴식 아늑호텔 대전 유성 1호점,5,"체크인하면서 설명도 잘해주셨고,
숙소 내부도 너무 깔끔하고 좋았습니다!",2024.05.13,"110,000",대전광역시 유성구 계룡로123번길 38
더휴식 아늑호텔 대전 유성 1호점,5,시설 대부분 만족합니다,2024.05.13,"110,000",대전광역시 유성구 계룡로123번길 38
더휴식 아늑호텔 대전 유성 1호점,5,유성온천역에서 가장 좋은 곳 같아요 ! 온수도 괜찮고 우선 침구류가 너무 푹신해서 좋은거 같아요 항상 친절하시고 방도 가끔씩 업그레이드 시켜주셔서 좋아여 지인들한테도 많이많이 추천중입니다,2024.05.13,"110,000",대전광역시 유성구 계룡로123번길 38
더휴식 아늑호텔 대전 유성 1호점,5,"인테리어도 깔끔하고 위생상태도 청결하고 
근처 상업시설 접근도 좋습니다!",2024.05.13,"110,000",대전광역시 유성구 계룡로123번길 38
더휴식 아늑호텔 대전 유성 1호점,5,침대도 푹신하고 깔끔해서 자주 이용하게 됩니다,2024.05.13,"110,000",대전광역시 유성구 계룡로123번길 38
더휴식 아늑호텔 대전 유성 1호점,5,항상 이곳만 이용합니다! 그만큼 시설도 사장님도 너무 친절하시고 교통편이나 편의 시설도 근접해서 편해요 다른곳은 위생도 별로고 시설도 별로인데 아늑은 모든면 에서 만족 !! 주차장도 넓고 칸도 넓어서 👍,2024.05.13,"110,000",대전광역시 유성구 계룡로123번길 38
더휴식 아늑호텔 대전 유성 1호점,5,항상 너무 좋은곳 !! 또방문할거에요,2024.05.13,"110,000",대전광역시 유성구 계룡로123번길 38
더휴식 아늑호텔 대전 유성 1호점,5,숙소 사진은 못찍었지만 정말 깨끗하고 직원분들이 친절하셔서 하루 묵는데 너무 기분좋게 있었습니다,2024.05.13,"110,000",대전광역시 유성구 계룡로123번길 38
더휴식 아늑호텔 대전 유성 1호점,5,재방문 했는데 깔끔하고 좋았어요,2024.05.13,"110,000",대전광역시 유성구 계룡로123번길 38
더휴식 아늑호텔 대전 유성 1호점,5,항상 애용하고 있어용 ㅎㅎ 침대 진짜 마성의 침대임,2024.05.13,"110,000",대전광역시 유성구 계룡로123번길 38
더휴식 아늑호텔 대전 유성 1호점,5,침대도 깔끔하고 화장실도 커서 마음에 들구요. 이 가격대에 이 퀄리티 호텔 찾기 힘들것 같아요 대전에 방문할때는 여기에 정착하려구요 자주이용하겠습니다!!,2024.05.13,"110,000",대전광역시 유성구 계룡로123번길 38
더휴식 아늑호텔 대전 유성 1호점,5,엄청 깔끔합니다~~!!,2024.05.13,"110,000",대전광역시 유성구 계룡로123번길 38
더휴식 아늑호텔 대전 유성 1호점,5,침대가 너무 편안합니다.,2024.05.13,"110,000",대전광역시 유성구 계룡로123번길 38
더휴식 아늑호텔 대전 유성 1호점,5,시설이 깔끔하고 좋네요 잘 쉬다 갑니다~,2024.05.13,"110,000",대전광역시 유성구 계룡로123번길 38
더휴식 아늑호텔 대전 유성 1호점,5,객실 내부는 깔끔하고 시설도 좋았습니다.,2024.05.13,"110,000",대전광역시 유성구 계룡로123번길 38
더휴식 아늑호텔 대전 유성 1호점,5,"숙소가 정말 깔끔하고 편하게 쉴 수 있었습니다. 바로 옆 NC 백화점도 있구요. 다만 숙소 주차장이 협소해서 맞은편 도로 주차장을 이용했던 게 아쉬웠습니다. 그래도 전반적으로 너무 만족스러웠고, 다음에도 이용하겠습니다.",2024.03.25,"110,000",대전광역시 유성구 계룡로123번길 38
더휴식 아늑호텔 대전 유성 1호점,5,바로 앞에 계룡스파텔이 있고 침구도 편안해서 좋았습니다,2024.03.03,"110,000",대전광역시 유성구 계룡로123번길 38
더휴식 아늑호텔 대전 유성 1호점,5,깨끗해요!,2024.02.28,"110,000",대전광역시 유성구 계룡로123번길 38
더휴식 아늑호텔 대전 유성 1호점,4,커플pc매우 좋으나 헤드셋이 안되어 불편했네요 주차도 열악하고 그외 청결도나 전체적인 서비스 맘에들었습니다 근처갈일있으면 또 예약하고싶네요,2023.11.13,"110,000",대전광역시 유성구 계룡로123번길 38
더휴식 아늑호텔 대전 유성 1호점,3,"시설은 리모델링으로 깨끗합니다.
다만 중문이 없어 복도 소음이 다 들리고 무엇보다
주차공간 부족이 많이 불편했습니다.",2023.10.19,"110,000",대전광역시 유성구 계룡로123번길 38
더휴식 아늑호텔 대전 유성 1호점,3,"새로 리모델링한지 얼마되지 않아 시설은 깔끔합니다. 업무용 책상, 의자, 스탠드 좋습니다.
다만 주차공간 부족, 중문이 없어 복도 소음이 다 들리고, 창문 마감이 제대로 되지않아 창문이 꽉 닫히지 않아 외부 소음이 다 들어와서 휴지 등을 끼워 꽉 닫히게 했음.
방음 관련해 불편한것 이외에 다 좋았습니다.",2023.10.19,"110,000",대전광역시 유성구 계룡로123번길 38
더휴식 아늑호텔 대전 유성 1호점,5,깔끔해서 좋았습니다.,2023.10.11,"110,000",대전광역시 유성구 계룡로123번길 38
더휴식 아늑호텔 대전 유성 1호점,4,깨끗하지만 교통은 불편,2023.09.23,"110,000",대전광역시 유성구 계룡로123번길 38
더휴식 아늑호텔 대전 유성 1호점,5,주차빼곤 모든게 좋아요,2023.09.15,"110,000",대전광역시 유성구 계룡로123번길 38
더휴식 아늑호텔 대전 유성 1호점,4,아주 잘 쉬다 갑니다,2023.08.24,"110,000",대전광역시 유성구 계룡로123번길 38
