hotel,star,review,date,price,address
베니키아 호텔 대림,5,"직원분들이 친절하고 사진상으론 방이 좁아보였는데 실제로 보니 넓었어요. 화장실도 넓찍하니 욕조도 있었습니다.

난방도 잘 나오고 먼지냄새도 없었습니다. 
수건이랑 일회용품 모두 구비되어 있고 드라이기도 있어요. 폼클렌징은 없었습니다. 

냉장고도 생각보다 짱짱해서 잼을 넣어놨더니 살짝 얼 정도였어요. 정문 앞에 흡연구역도 있고 근처에 카페랑 편의점도 있어서 편했습니다. 

중앙로역 근처라 이동도 편하고 전체적으로 만족스러워서 다음에도 여기서 묵고 싶네요. 잘 쉬다 갑니다~",2024.11.02,"90,000",대전광역시 중구 대종로505번길 50
베니키아 호텔 대림,4,1년만에 찾은 대전..프론트 직원분들이 조식하시는분 빼고 올 체인지..서비스 마인드가 많이 업그레이드 된 점을 오랜 단골로서 높게 평가하고 싶습니다..넓은 객실과 편한 분위기를 연출해 주시는 직원분들 모두 굳..한가지 모순이라고 하면 주차 관리 하시는분 영..그냥 그분들 대해보면 사회 생활 많이 해보신 분들은 그분 인성을 금방 알수 있을것 같다는 개인적인 소견을 말해 봅니다..그분 빼고는 대전에 가면 항상 머물고 오는 숙소 다음에도 대전 방문때 갈 예정입니다.,2024.08.15,"90,000",대전광역시 중구 대종로505번길 50
베니키아 호텔 대림,5,매우 저렴한 숙소라 크게 기대하지 않았는데 직원 분들도 친절하시고 객실 상태도 양호해서 만족스러웠습니다. 위치도 괜찮아서 주변에 식사나 커피 마시기 좋습니다. 조식까지 제공되서 의외였고 좋았습니다. 재방문 의사가 있는 숙소입니다.,2024.11.01,"90,000",대전광역시 중구 대종로505번길 50
베니키아 호텔 대림,5,"대전 은행동에서 가깝습니다. 대전역도 걸어서 이동 가능하구요, 성심당이나 으능정이 가시는분들 이용하시면 좋습니다. 간단한 조식도 좋습니다. 바닥은 온돌이 아니어서 난방은 공기를 따뜻하게 해서 난방을 하나 좀 답답하거나 건조할수 있습니다. 주변 맛집 많아요. 대체적으로 만족한 숙소입니다. 가성비도 좋습니다",2023.11.27,"90,000",대전광역시 중구 대종로505번길 50
베니키아 호텔 대림,4,가격대비 괜찮은 숙소였어요 다만 수압이 너무너무너무너무너무약해서 씻어도 씻는 기분이 안들었어요 뜨거운 물로 갈수록 물이 안나와요 긴머리이신분들 머리감는건 포기하셔야할듯 다른건 괜찮았어요~ 직원분들 친절하시고 성심당 근처에 위치해서 아침에 빵사러가기 편했습니다,2024.09.28,"90,000",대전광역시 중구 대종로505번길 50
베니키아 호텔 대림,5,오래 된 호텔이지만 매우 청결하고 직원분들 친절하시고 아침 조식이 된다는게 너무 좋아요.불편한 점은 4층 숙박했는데 샤워 수압이 포기하면서 겨우 겨우 씻음,2024.02.23,"90,000",대전광역시 중구 대종로505번길 50
베니키아 호텔 대림,5,"가성비 끝판왕~~!! 위치가 너무 좋아요, 주차공간은 적은편.. 저렴한 비용에 간단 조식까지.. 담에 오면 무조건 여기입니다~",2024.05.06,"90,000",대전광역시 중구 대종로505번길 50
베니키아 호텔 대림,5,"저렴한가격에 청결도 좋았고 담배냄세안나는게 가장좋았어요!
단점한가지만 꼽자면...수압이쫌ㅜㅜ
그밖엔 만족해서 다음에도 숙박하려고 예약했어요",2024.03.31,"90,000",대전광역시 중구 대종로505번길 50
베니키아 호텔 대림,5,"직원분 친절하시고, 조식이 기본제공이라 가성비가 매우좋았어요.
시설은 약간 노후되었으나, 소모품들은 깨끗했음.",2024.07.08,"90,000",대전광역시 중구 대종로505번길 50
베니키아 호텔 대림,5,"성심당 가고 싶단 딸아이의 말로 첨으로 가본 대전
성심당 도보로 10분
지파철 도보 5분
게다가 이가격에 조식까지....만점입다",2024.01.14,"90,000",대전광역시 중구 대종로505번길 50
베니키아 호텔 대림,4,"침구류 깨끗하고 주차장 넓고 문화거리가 가까워서 너무 좋았습니다! 단점은 오래된 건물 뿐인데, 크게 신경쓰이진 않았습니다 ㅎㅎ",2024.06.17,"90,000",대전광역시 중구 대종로505번길 50
베니키아 호텔 대림,5,생각보다 넓어서 좋았어요 객실내 청소가 덜 된곳이 있기는 했는데 사용하는데 불편한 정도는 아니어서 그 부분을 제외하면 편했어요,2024.05.19,"90,000",대전광역시 중구 대종로505번길 50
베니키아 호텔 대림,4,프론트 담당자분들이 모두 무척 친절하시고 주차 공간은 지상이긴 하지만 매우 넓어 차 대기 쉬웠습니다.,2024.08.16,"90,000",대전광역시 중구 대종로505번길 50
베니키아 호텔 대림,5,"최근 먹은 조식중에 가장 맛난듯요ㅋ게다가 무료~^^
너무 맛있게 잘 먹었고,시내와 가까워 좋았어요",2023.12.26,"90,000",대전광역시 중구 대종로505번길 50
베니키아 호텔 대림,5,"지난번이용하고 편하고좋아서 또 예약해서 이용했어요!
간단하지만 맛있는조식도 너무 좋아요~~
다음에 또 이용하려고 예약완료했습니다!
그때뵈용~~~",2024.04.14,"90,000",대전광역시 중구 대종로505번길 50
베니키아 호텔 대림,4,오래되고 낡긴 했지만 위치가 정말 좋아요! 그리고 청소 깔끔하고 직원분들이 친절해서 좋았습니다ㅎㅎ,2024.10.10,"90,000",대전광역시 중구 대종로505번길 50
베니키아 호텔 대림,5,"시설 등이 오래된 호텔이지만 위치도 좋고 직원분들이 친절해서 편안하게 사용했어요. 숙박 동안 에어컨이 갑자기 고장났었는데, 몇번이고 거듭 사과하시고 대안책을 찾아주시는 모습에 감동했어요! ㅎㅎ 지배인님을 포함해서 다른 여자 직원분들 모두 친절해서 전혀 불편하지 않았습니다! 다음에 또 방문할게요.",2024.07.22,"90,000",대전광역시 중구 대종로505번길 50
베니키아 호텔 대림,5,주차장도 넓고 시내 중심가 식사쇼핑 카페까지 인프라시설도 좋고 가성비도 최고 업그레이드된 넓은 숙소 아침무료 조식까지 매우 만족합니다.,2024.07.25,"90,000",대전광역시 중구 대종로505번길 50
베니키아 호텔 대림,5,"후기 그대로 올드한 감성입니다
룸컨디션 좋고, 화장실만 리모델링 했는지 새거 느낌이 납니다 ㅋㅋㅋㅋ 가보신 분들은 제 말 공감할듯
직원 분들 친절하고 12시 체크아웃이니 느긋하게 있다 나갈수 있어요
성심당 오픈런 한다면 최적의 장소",2024.07.28,"90,000",대전광역시 중구 대종로505번길 50
베니키아 호텔 대림,5,"대전 여행을 가면 1순위인 베니키아 대림 호텔..
침구류 상태 좋고...프론트 응대 굳 입니다..
아침에 화장실에서 담배 냄새가 나서 불쾌했지만..화장실에도 금연이라는 문구를 적어 놓으면 효과가 있지 않을까?
개인적인 의견을 어필 해봅니다..",2024.08.28,"90,000",대전광역시 중구 대종로505번길 50
베니키아 호텔 대림,5,대전갈때마다 예약하는곳입니다 아이랑 놀러가서 지내기에도 좋고 사진은 화장실이 엄청!커서 인상척이라 찍어놨던겁니다ㅋ 2인실 3인실 2개 예약했는데 보통 호텔보다 훨씬 넓고 좋더라구요 위치는 지하철가깝고 편의점 바로 옆에 있고 주변에 다 맛집이라 골라서 가도 좋아요 성심당도 걸어서 다녀올수있었어요~조식까지주고! 가성비 짱!,2023.11.06,"90,000",대전광역시 중구 대종로505번길 50
베니키아 호텔 대림,5,시설 자체는 오래된 옛날 리조트 느낌인데 전체적으로 깨끗하고 특히 화장실 리모델링이 잘 되어 있어서 넘 깨끗하고 좋았어요!!! 담배냄새같은 것도 안 나고 역이랑도 가깝고 근처에 맛집도 많고 가성비 진짜 최고에요.,2022.04.24,"90,000",대전광역시 중구 대종로505번길 50
베니키아 호텔 대림,5,"가볍게 머물고 가기에 딱인거 같아요
위치도 중앙로 근처여서 성심당 이용하기도 편하고
저렴한 가격에 간단하게 조식도 주니 괜찮아요
침대도 푹신하고 기본 일회용 세안두고도 주니
나쁘지 않았어요 단점은 수압이 조금 약한거 말고는
없어요 저렴한 가격에 조식까지 가볍게 먹을신분들에게 추천해요",2023.05.11,"90,000",대전광역시 중구 대종로505번길 50
베니키아 호텔 대림,5,"건물자체는 좀 오래 되어 보였지만 객실과 화장실은 깨끗하고 관리가 잘 되어있었습니다.
제일 좋은 점은 성심당과 다른 먹거리 거리가 바로 앞이여서 좋았고, 다음에 대전 방문할 때도 이용할거 같아요. 잘 쉬었다 갑니다.^^",2022.03.12,"90,000",대전광역시 중구 대종로505번길 50
베니키아 호텔 대림,4,"대전갈때마다 이용한게 벌써 세번째가 되었더라구요! 저번엔 계룡산, 이번엔 대둔산 가려고 이용했는데 시내쪽에 있는 숙소여서 그런지 대중교통 이용에 편리해서 좋아요! 
숙소 퀄리티도 나쁘지 않다고 봅니다. 이 가격에 조식까지 주는곳 흔치 않습니다~",2023.08.01,"90,000",대전광역시 중구 대종로505번길 50
베니키아 호텔 대림,5,"생각보다 훨!!씬 좋았어요
가격은 모텔과 비슷한데 건물자체가 밝고 방안 깨끗하고 담배냄새 일절 안나고 욕실 넓고 깔끔하고 대만족입니다",2022.04.04,"90,000",대전광역시 중구 대종로505번길 50
베니키아 호텔 대림,3,"외관상 오래된 곳 같지만 넓은 방에 가성비와 위치 하나는 끝내줍니다. 조식도 무료고, 욕실은 리모델링 했는지 깨끗하고 좋아요.",2022.06.14,"90,000",대전광역시 중구 대종로505번길 50
베니키아 호텔 대림,5,"가성비있어요 주변에 시내인접해서 뚜벅이로 다니기 좋아요
주차장 넓고 편해요
생각보다 룸에 먼지가많아요
욕실은 매우 깨끗해요",2022.05.13,"90,000",대전광역시 중구 대종로505번길 50
베니키아 호텔 대림,4,"주차장이 있어 접근성은 좋았습니다
로비에서 고객을 위한 설명등이 부족했습니다 
오래된 건물이지만 시설등은 가격대비 깔끔하고 좋습니다",2022.10.06,"90,000",대전광역시 중구 대종로505번길 50
베니키아 호텔 대림,5,3월에 이용했다가 좋았던 기억이 있어 또 이용했습니다. 이번에도 깨끗한 방을 이용할 수 있어 좋은 여행이 되었습니다. 에어컨도 시원하고 방도 깨끗하고 좋았습니다 ^^,2022.07.21,"90,000",대전광역시 중구 대종로505번길 50
베니키아 호텔 대림,5,편하게잘잤어요 여기주위에서 여기만한곳이없네요 가격도착하고 친절하세요 주차는 주차장만차라 근처에주차했네요,2023.01.08,"90,000",대전광역시 중구 대종로505번길 50
베니키아 호텔 대림,5,"아주 만족합니다 깔끔하고 시설 좋구요, 프론트 직원분 친절하시고 조식 맛있습니다 방음 잘되구요 추천하는 호텔입니다",2022.10.23,"90,000",대전광역시 중구 대종로505번길 50
베니키아 호텔 대림,5,조용하고 깔끔해서 잘 지내고 왔습니다. 숙박료가 저렴한데도 간단한 조식도 포함되서 좋았습니다.,2023.08.02,"90,000",대전광역시 중구 대종로505번길 50
베니키아 호텔 대림,5,"가성비갑. 건물자체는 노후되었으나 엔틱한 감성이 있음. 화장실 리모델링했는지 정말 깨끗함. 욕조도 맨질맨질 상태 최상급. 침대 스프링이 푹신한 타입이 아닙니다. 개인적 취향으로 극호인데, 이건 개인적인 거니까. 직원분들도 친절하시고 무료조식도 알찼습니다.(언제까지 무료로 진행하시는지 모름)
(산책을 좋아하는 편이라) 대전역에서 도보 이동 가능. 성심당 외 시내가 바로 앞. 다음에 대전 방문할 때도 이용하겠습니다. 잘 쉬다갑니다.",2021.12.05,"90,000",대전광역시 중구 대종로505번길 50
베니키아 호텔 대림,4,"1. 객실컨디션
 청결에 만족합니다

2.화장실 컨디션
 청결에 만족합니다

3.계절별 룸 상태
 현제 작성계절이 겨울 기준으로 바닥 온돌 ok
침대는 전기요인것은 참조 요망

4.오디오및 비디오 상태
 Tv는 거의보지않으기에 자세히는 모르나
채널 정보는 성인방송 1Ch뿐임을 감안바람

5기타
 대전 출장지의 거리가 멀지 않는곳이라면 요즘 부쩍 이용할만큼 가성비가 so so합니다",2021.11.22,"90,000",대전광역시 중구 대종로505번길 50
베니키아 호텔 대림,5,깔끔하고 이쁩니다 물도 따뜻하게 잘 나오고 침대도 편안하고 침구도 좋고 에어컨도 잘 나오고 군더더기 없이 시원하고 이뻤습니다 하루 잘 머물다 갑니다 다음에 대전가면 여기 또 갈것같아요,2024.07.22,"90,000",대전광역시 중구 대종로505번길 50
베니키아 호텔 대림,5,"사진에서 보는 그대로예요~
엄청크고.넓고..하물며 화장실도 넓...다🤣🤣
위치적으로도 너무좋고.시장도 가깝고..
제기준에 주차장도 나쁘지않았고요~
오래되어 보이지만.깔끔했구요!!
다만..너무추웠어요ㅠ다른후기보면 덥다고하시던데..
전 너무춥더라고요ㅠ
추버서 잠을제대로못잔ㅠ
전기장판이 있었음좋았을텐데..그점이아쉽더라구요
그점빼고는 만족해요~다음에도 이용할께요~^^",2023.12.27,"90,000",대전광역시 중구 대종로505번길 50
베니키아 호텔 대림,4,"저렴한 금액대에 비해 좋은 시설이라고 생각합니다! 다만 바닥에 벌레가 죽어있더라고요 ㅠㅠ 청소에 좀 더 신경써 주시면 좋을 것 같습니다 냉장고가 좀 시끄러웠고… 바닥이 더러웠다는 것 말고는 정말 좋았어요!!
2일을 묵었는데 중간에 청소도 해주셨더라고요 서비스도 직원분도 친절하시고 좋았습니다 다음에 또 묵으러 올게요~",2023.05.23,"90,000",대전광역시 중구 대종로505번길 50
베니키아 호텔 대림,4,"지하상가에서 가까워서 집근성은 좋아요.
호텔이 오래되서 가구등은 엔틱스럽내요.
저렴하고 간단한 조식도 되고 
가성비 좋은 곳 ^^",2024.06.07,"90,000",대전광역시 중구 대종로505번길 50
베니키아 호텔 대림,4,호텔이지만 모텔 같고 모텔 같지만 호텔인 곳 주말에는 가격이 합리적인 편 위치 좋고 간단한 조식도 나옴 스프 빵 비엔나소세지 스크램블에그(맛있고 부드러운데 소금이 뭉쳐서 무지무지 짠 부분은 먹다가 포기ㅠㅠ) 버터 딸기쨈 케챱 양배추 우유 쥬스 오렌지가 전부이긴 하지만... 수압 낮은 편임 플라스틱 전기포트와 전기포트 작동하면 저절로 꺼져버리는 멀티탭 정도는 교체해줬으면...,2023.05.13,"90,000",대전광역시 중구 대종로505번길 50
베니키아 호텔 대림,4,"타 후기처럼 연식이 좀 된 호텔이었습니다.
하지만 연식이 좀 된 부문 제외한다면 해당 가격에 조식까지 제공 되는점에선 가성비 좋습니다
프론트 직원도 친절했구요 대체로 만족했습니다",2023.08.22,"90,000",대전광역시 중구 대종로505번길 50
베니키아 호텔 대림,4,"* 가성비 좋은 비지니스 호텔입니다. 처음 방문했는데, 다음에 대전 갈 일 있으면 또 찾고 싳은 곳이네요.ㅎㅎ 중앙로역에서 도보로 10분 내의 거리인데요. 호텔이 대로변에 있는건 아니지만, 나름 먹자골목?에서 잘 보이는 데 있어요.
* 호텔이 오래되긴 했지만, 전체적으로 깔끔한 편이었어요. 혼자 자고 오기 딱 좋은 상태였어요. 객실 상태도 사장님이 등록한 사진과 거의 비슷했어요. 벽지도 깔끔했고 방에서 쉰내같은 거도 안 났어요. 게다가 그날따라 방문객들이 조용했는지는 모르겠지만, 방음도 잘 되었어요.
* 어메니티는 다 좋았는데, 스킨,로션,폼클렌징이 없었어요. 다행히도 미리 관련 샘플을 준비해 와서 괜찮았지만요.
* 최고층에서 묵었는데, 수압이 조금 약했어요. 씻는데 지장은 없었지만, 조금 답답한 감은 있었습니다. 그리고 전등 스위치에 번호만 쓰여져 있어서, 몇번이 어디 불인지 헷갈려서 처음에 당황했습니다. 에어컨은 벽에 스위치가 있는게 아니고, 방 탁자 위의 리모콘으로 켤 수 있었네요.
* 모텔 느낌이 나지 않는 비지니스 호텔을 찾는다면, 베니키아 호텔 대림을 추천드립니다.ㅎㅎ",2019.08.19,"90,000",대전광역시 중구 대종로505번길 50
베니키아 호텔 대림,3,"스위트가 6층인데 1층부터 올라오는 시스템이라 물 틀어놔도 온수 안 나와서 5분 이상 튼 이후부터 나옴(온수 안 나와서 확인). 화장실 크고 월풀 나옴. 교통 편의성은 바로 앞에 편의점 있고 한밭수목원 가는 버스, 시내까지 모두 좋음. 조식은 감자 으깬 거 들어간 샌드위치랑 양상추 조금 주고 우유, 오렌지주스, 귤 하나 줌. 커피는 헤이즐넛향만 나고 맛 없음. 객실 안에 서비스 커피과자 눅눅해서 못 먹음. 시내 안은 아니어서 조용하고 방음 잘 되는 편. 바로 앞에 비슷한 컨디션의 숙소가 더 더 저렴하고 수압도 더 세니 호텔이 아니어도 되면 거기가 더 나은 듯. 특히 외부음식물 반입금지임.",2020.10.14,"90,000",대전광역시 중구 대종로505번길 50
베니키아 호텔 대림,4,전체적으로 무난하고 아늑했으나 객실 청소가 조금 아쉬웠어요 침구랑 바닥 좀 더 신경써주셨으면 좋겠습니다 잘 묵고 갑니다!,2023.03.26,"90,000",대전광역시 중구 대종로505번길 50
베니키아 호텔 대림,5,"제 실수로 위약금을 물어줘야 했는데 지배인께서 친절하게 함께 야놀자 측에 전화해주시고 문제 해결해주셔서 정가에 묵을 수 있었습니다. 자기 일처럼 적극적으로 해결해주셔서 감사합니다. 위치도 너무 좋아요 10분 내에 카페/맛집들이 모두 있어요! 로비도 있어서 간단하게 업무 볼 것들을 처리할 수 있었습니다. 다만 5012호 리모컨이 조금 망가져서 티비 전원이 안 켜졌어요. (다른 버튼은 모두 잘 작동) 그리고 이 문제를 해결하려고 티비 뒷쪽을 봤는데 먼지가 넘 많았어요. 청소할 때 티비 뒷쪽 등 안 보이는 곳도 닦아주시면 어떨지요.

기본적으로 몸에 닿는 침구류나 수건 등은 정말 깔끔했고 촉감도 부드러웠어요!",2022.08.15,"90,000",대전광역시 중구 대종로505번길 50
베니키아 호텔 대림,5,"조금 오래된 호텔이긴 하나 전반적으로 관리가 잘 되어있습니다. 리모델링 해놓고 이름만 호텔인 숙소들 가보면 여전히 담배 냄새 나거나 하는데 여긴 그렇지 않네요. 조식 서비스도 있고, 위치도 은행동 중심지에서 가까워서 여러가지로 편리합니다. 6월1일 대전 놀러오는 친구가 있어서 적극 추천 예약 예정입니다. 잘 부탁드려요~^^",2024.04.29,"90,000",대전광역시 중구 대종로505번길 50
베니키아 호텔 대림,5,"제일 넓은 6001호에 묵었습니다
일단 꼭대기층이어서 조용해서 좋았습니다.
생활체육시험 치러 대전에 간 건데 기록이 좋지 않아서 몸이 예민한 상태였기 때문에 아주 조용하고 에어컨 잘나오는 방이 필요했습니다
일단 에어컨 잘나오고 화장실이 태평양만큼 넓구요
침대 시트 깨끗합니다.
다만 냉장고가 동작하지 않은 게 아쉬웠습니다
전기선이 문제인 건지... 아주 절박하게 필요한 건 아니라서 굳이 프런트에 전화해서 묻지는 않았습니다.

시설이 최신 상태는 아니지만 관리 상태는 좋았구요
후기에서 본 것처럼 방음이 잘 되는 것 같아서 좋았습니다
숙면할 수 있어서 좋았고 주차시설도 호텔 바로 뒤에 있어서 고생하지 않았습니다.",2019.06.23,"90,000",대전광역시 중구 대종로505번길 50
베니키아 호텔 대림,4,호화로운느낌은 없고 모텔보단 조금 나은 정도? 하루정도 묵고 가기 나쁘진 않았어요 호캉스느낌은 아님 숙소같은느낌 생각보다 작음 방에 침대밖에없음 간단한 의자도 없음 잠만자기 딱 좋음 교통은 좀만 걸으면 금방 역에 도착해서 ㄱㅊ,2021.07.22,"90,000",대전광역시 중구 대종로505번길 50
베니키아 호텔 대림,4,"3명이 숙박했는데 방 사이즈도 크고 숙박하기는 괜찮았습니다
대신 화장실에서 샤워하고 물이 세면대쪽으로 흘러왔는데
세면대 아래쪽으로 물이 빠지지 않아서 계속 고여있어서 불편했습니다! 냉장고도 켜져있지 않아서 냉장물건을 바로 넣지 못했던 점도 있었습니다 그래도 주변에 밥먹는곳도 많고 걸어서 이동하기에는 가성비 좋은 숙소라고 생각합니다!",2024.09.08,"90,000",대전광역시 중구 대종로505번길 50
베니키아 호텔 대림,5,너무 친절하셨어요~ 이것저것 궁금한거 물어봤음에도 친절히 답변해주셨고~ 제가 아침 체크아웃때 개인적으로 택시를 탑승할 사정이 생겼음을 알렸을때도 바로 사정을 알아봐주시고 불러주시고 끝까지 탈수 있도록 도와주셨어요~ 덕분에 너무 감사히 묵을 수 있었고 좋았습니다. 프런트에서 절 도와주신 직원분들 너무 감사드립니다!,2021.04.10,"90,000",대전광역시 중구 대종로505번길 50
베니키아 호텔 대림,5,베니키아 해운대도 이용해봤는데 샤워기 수압 약한건 베니키아 공통인가 봄. 시설도 좀 낡고 엘리베이터도 하나임. 근데 1박 묵기엔 나쁘지 않고 무엇보다 욕조가 있어서 너무 좋았음. 침대 딱딱해서 푹신한 침대 찾는 사람에겐 비추. 후기 보면 욕조 물이 잘 안내려간다고 했는데 내가 쓴 객실은 욕조 물 잘 빠짐. 성심당까지 멀지 않은 거리라 편했고 무료 조식이 있었지만 성심당 가려는 목표가 있기에 이용 안함. 난방은 LG에 최신껀지 깨끗하고 난방+공기청정 기능 같이 틀어두니 쾌적하게 잘 잤음. 가습기도 있길래 틀어야할까 했는데 건조함 없었음. 다음에 또 대전 간다면 재이용 의사 있음!,2024.02.03,"90,000",대전광역시 중구 대종로505번길 50
베니키아 호텔 대림,4,"5013호실
좀 오래된 호텔이라 객실은 좀 낡은 분위기
1층 로비와 커피숍, 그리고 객실복도는 넓찍함
시내 접근성이 좋음.
단촐하지만 조식도 제공됨.
요즘 모텔들이 훨씬 좋지만 미성년 자녀 동반시에는 방문해볼 만함.
로비 사진 첨부",2020.11.29,"90,000",대전광역시 중구 대종로505번길 50
베니키아 호텔 대림,4,방이 커요. 에어컨이 깨끗하고 시원했음. 화장실이 커요. 욕조가 깨끗해요. 역에서 걸어서 한 5분. 성심당쪽은 걸어서 7~10분거리 침대가 조금 딱딱함 수압이 약함 바닥이 조금 끈적거림은 아쉬웠음.,2022.05.11,"90,000",대전광역시 중구 대종로505번길 50
베니키아 호텔 대림,4,프론트는 참 친절하시고 조식도 나름 깔끔하게 나오는 편이네요. 다만 방에 창문이 있어도 옆 건물에 바로 가로막혀서 빛이라고는 1도 안들어오는 구조라 쿰쿰한 냄새가 나더라고요.. 공기청정기도 있었는데 오래돼보이고 먼지가 잔뜩 쌓여있길래 틀지는 않았습니다..,2024.09.12,"90,000",대전광역시 중구 대종로505번길 50
베니키아 호텔 대림,5,깔끔하고 담배냄새없고 최고네요 다른 곳 에어컨 곰팡이 파티인데 여기 에어컨 싹 청소된거보고 ㅇㅈ 감사르,2021.07.18,"90,000",대전광역시 중구 대종로505번길 50
베니키아 호텔 대림,5,"가성비가 정말 좋네요.
입실시간 빠른 것도 매우 큰 장점이고, 대전역과 가까워서 좋고, 방도 깨끗해서 싸구려 모텔들과 달리 담배냄새도 안 나서 좋고, 화장실도 크고 깔끔해서 좋고, 욕조도 있으니 가성비가 엄청납니다. 조식은 늦잠자느라 이용은 못 했지만 있다는 것 자체가 장점이죠.
일부 수건에서 냄새가 좀 난다는 것은 아쉬웠습니다;",2022.08.15,"90,000",대전광역시 중구 대종로505번길 50
베니키아 호텔 대림,3,"전반적으로 클레식하고 레트로한 비즈니스호텔
1. 체크인하려고 도착했는데 청소 안되어서 기다림.
2. 친절은 하시나 청소완료시 방에 드갔을때 부스러기 같은게 침구류에 많았음(침구류 털음.)
3. 조식담당선생님 짜증내는 표정 줄입시다.
(조식은 간단한양식)
4.트윈은 창가방 없어서 비추합니다.
5.에어컨에 공기청정 기능있는게 그나마 다행.
6.넷플릭스나 OTT가 아니라 지역케이블TV니 보실분들은 감안 하세요.
7.요즘 흔치않은 헤이즐넛커피가 좋았습니다.",2024.09.30,"90,000",대전광역시 중구 대종로505번길 50
베니키아 호텔 대림,5,시설은 낡았지만 청소상태가 깨끗해서 괜찮았습니다. 번화가와 가까운 위치에 있어서 편했어요.,2023.11.20,"90,000",대전광역시 중구 대종로505번길 50
베니키아 호텔 대림,5,"가족단위로 묵기 안성맞춤이엿습니다.
위치가 저희에겐 좋앗고 간단한 조식에 주차장도 굿!
가격대비 가성비 갑이엿습니다.
난방또한 개별난방이엿는데 저희에겐 좀 건조햇고 창문을 열엇더니 환풍기소리가 거슬렷지만 크게 신경쓸 정도는 아니엿기에 가격대비 가성비갑! 재방문의사잇습니다^^",2018.12.17,"90,000",대전광역시 중구 대종로505번길 50
베니키아 호텔 대림,4,"매년 한 번씩 대전에 당일치기로 가는데 이번엔 1박을 하게되면서 숙박하게 되었습니다. 예약시 우선적으로 고려한것이 교통,접근성이었습니다. 성심당본점이 걸어서 약10분,중앙시장이 15분 정도로 접근성이 즣아서 바로 예약했습니다. 시설은 조금 옛날 느낌이지만 침구,화장실이 깨끗해서 만족합니다.무엇보다 화장실이 아주 크고 욕조까지 있어서 좋았습니다.",2019.11.28,"90,000",대전광역시 중구 대종로505번길 50
베니키아 호텔 대림,5,저렴한숙박비로 너무 잘자고왔습니다. 직원분들도친절하시고 숙소도 생각보다 너무 깔끔하고 좋았어요ㅎ,2021.12.17,"90,000",대전광역시 중구 대종로505번길 50
베니키아 호텔 대림,4,"건물은 노후되엇지만 가격대비 대만족.가족단위(중,고생)로 묵기에 안성마춤이엿습니다.
호텔바로근처에 광천식당과 으능정이(?)거리, 유명한 성심당빵집과 지하상가까지 도보로 5~10분거리안에 잇어서 전에 묵엇엇던 유*호텔 보다 룸1나 빌리는가격에 룸2개에 묵을수 잇어서 좋앗습니다~ 앞으론 이곳에서만 묵을까합니다.위치가 저희에겐 아주 좋앗습니다",2018.12.17,"90,000",대전광역시 중구 대종로505번길 50
베니키아 호텔 대림,5,"두번째 방문이었어요.
여긴 가족단위 투숙객이많아서 가족끼리가기좋은편.
솔직히 시설은 많이낡았으나
저렴해서좋음
베니키아자체가 조식나와서좋음
매우간단한조식뿐이지만
(빵 오렌지 우유 주스 샐러드 소시지 스크램블 스프)
그래도 심플하게 먹기좋았어요
대전에 가족들있지만 대전올때 편하게 묶기좋아서
또재방문할것같아요.

대신ㅋㅋ이번엔 로비에서 청국장냄새작렬이었어서ㅠ
그부분은 좀ㅋㄲㅋㄱ...",2018.04.15,"90,000",대전광역시 중구 대종로505번길 50
베니키아 호텔 대림,4,창문이 없어서 아쉽긴 했지만 나름 깨끗하고 편하게 쉬다왔습니다~ 화장실이 정말 깨끗했어요!!!,2021.08.17,"90,000",대전광역시 중구 대종로505번길 50
베니키아 호텔 대림,3,"<장점>
1. 외관은 오래되어 보이지만 내부가 깔끔함.
2. 화장실 넓음.
3. 인근역과 가까워서 대중교통 용이함.
4. 주차장 따로 있어 주차가능.
5. 조식 나옴.
6. 프론트 직원들 친절함.

<단점>
1. 침대 스프링이 너무 불편함.
2. 방음도 잘 안되고 이상한 기계소리?가 자꾸 들려서 거슬림.
3. OTT없고 TV채널도 별로 없음.
 (숙소에서 할게 없음.)
4. 호텔 근처에 식당이 별로 없음.

잠자리에 예민하신 분들 아니면 하루정도 자고 가기 좋은 것 같아요.
침대 스프링이 다 느껴질 정도로 불편하긴 했지만,
성심당이나 중앙시장이 호텔과 도보로 15~20분정도 거리라 다닐만합니다.",2024.01.20,"90,000",대전광역시 중구 대종로505번길 50
베니키아 호텔 대림,3,"프리미어 트윈 객실을 이용했습니다. 장애인 이용이 고려된 객실이긴 했는데요.

화장실은 접이형 문이여서 완전히 닫히지 않아 화장실에서 나는 소리가 그대로 납니다. 방에는 난방이 되어서 더워요. 숙면을 방해할정도로 내부 온도가 불편합니다. 끄는 방법을 모르겠네요. 싱글 침대는 다소 딱딱했습니다. 옆의 더블침대랑 차이가 있더군요. 
이런 부분은 상당히 불편했습니다

컨티넨탈 조식은 딱 필요한 음식들만 있어서 아주 잘 먹었습니다. 
객실내 전망은 좋지 않지만 과거 대전의 사무 밀집 지역이였던 선화동의 오래된 거리 풍경도 나름 좋습니다. 
.",2023.10.08,"90,000",대전광역시 중구 대종로505번길 50
베니키아 호텔 대림,5,가족끼리 이용하기는 아주 좋은 곳입니다. 좀 오래되기는 했지만 넓고 좋습니다. 특히 아침 식사로 간단한 토스트 스프 음료 커피 소시지 달걀스크럼블 정도 제공해줘서 좋습니다. 가족과 모텔 이용이 꺼려지시는 분께 강추입니다.,2019.03.11,"90,000",대전광역시 중구 대종로505번길 50
베니키아 호텔 대림,5,"대전 출장갈때마다 무조건 예약하는 곳입니다. 주변 상가들도 많아 음식거리에서 해결하기 좋구요, 프론트의 친절도가 높습니다. 조식은 늦잠때문에 항상 못하지만 넓은 식당이 충분히 신뢰가 갑니다.^^",2019.06.01,"90,000",대전광역시 중구 대종로505번길 50
베니키아 호텔 대림,5,"중앙로역 근처에 있어서 너무 좋았어요! 주변에 맛집도 많고, 저녁 늦게까지 놀기에도 부담 없구요^^ 옛날에 지어진 숙소이긴 하지만 내부도 깔끔하게 되어있어 만족스러워요! 특히 가격대비 비교했을때~ 완전 추천입니다",2019.09.15,"90,000",대전광역시 중구 대종로505번길 50
베니키아 호텔 대림,5,"프론트도 친절하고 방도 청결하고 크기도 컸어요!
위치도 맛의거리 근방이라 술먹고 걸어 들어가기 너무 좋았어요!
방도 따뜻했고 여행와서 좋은 숙소 딱 묵어서 기분 좋았습니다 ^^",2020.01.05,"90,000",대전광역시 중구 대종로505번길 50
베니키아 호텔 대림,5,"더블침대가 생각보다 많이 넓어서 4명이 위에서 놀고도 남았어요 
.. 근데 아침에 씻는사람이 많아서 그런지 일행들이 찬물로 씻었다네요 저희때만 그런건지ㅎㅎ.. 그점 빼고는 정말 또 대전에서 만날때 묵고싶은 숙소였어요",2019.02.18,"90,000",대전광역시 중구 대종로505번길 50
베니키아 호텔 대림,1,난방시스템 보일러가 22도 정도로 잠겨있어서 온도 더 이상 안올라갑니다. 천장에 냉온풍기 있는데 청소 상태도 안좋아 보여서 작동 안함 작동해도 27도가 최대 온도임. 아주 우풍이 심해서 침대 밖의 공기는 아주 냉랭했다. 욕실은 무진장 넓었다. 방도 무진당 넓어 좋았는데 잠잘 때 추워서 그게 아주 크게 실망스러웠다.,2020.01.25,"90,000",대전광역시 중구 대종로505번길 50
베니키아 호텔 대림,3,"객실이 더.러.움!
먼지가 너무~~~~~~많았어요!
제발 청소 좀 제대로 해주세요!
객실 청소하시는 분 해고 하시고
신규로 채용하세요! 꼭!
참고로 욕실은 깨끗했어요.

객실 청소만 깨끗이 되었다면,
매우 좋은곳 입니다.
(후문 주차장에서 들어 오는 입구의 
복도부터 양쪽으로 먼지가 쌓여 있어
좀.. 지저분 하겠군 생각은 했으나,
너무 먼지와 머리카락이 많아 더.러.움)",2024.05.03,"90,000",대전광역시 중구 대종로505번길 50
베니키아 호텔 대림,4,"건물은 오래됐으나 비교적 관리가 잘된 편입니다. 가성비 좋고 조식도 나오고 은행동, 선화동과 가까워 좋습니다. 재방문 계획.",2019.08.05,"90,000",대전광역시 중구 대종로505번길 50
베니키아 호텔 대림,4,"오랜 역사의 흔적이 느껴지는 건물
대체로 이용에 문제는 없었으나 
침구 청결은 아쉽네요...",2020.03.09,"90,000",대전광역시 중구 대종로505번길 50
베니키아 호텔 대림,5,몇년 전에도 쓴적이 있는데 여전히 만족스러웠습니다. 조식도 간단하지만 괜찮아요. 대전역 서대전역 모두 멀지 않아 접근성이 높은게 제일 편합니다.,2019.12.12,"90,000",대전광역시 중구 대종로505번길 50
베니키아 호텔 대림,5,"건물은좀 오래돼보였는데 
안에는 깔끔하고 좋아요
역에서도 가깝고 
가격대비 퀄리티 넘좋아요 
직원분들이 너무너무친절하세요~ 
담에 또 갈일있음 애용할꺼같아요!!",2019.05.13,"90,000",대전광역시 중구 대종로505번길 50
베니키아 호텔 대림,4,"조금 오래되긴 했지만 대전가면 4식구 잘 쉬다 갈수있겠어요.
가족숙소로 갈만한곳이 많지않은데 스위트룸 욕실이 엄청넓구 컴퓨터는 없지만 잠만자고 나온지라 4식구 충분히 잘 쉬다갑니다. 조금 걸어야하지만 근처 중앙시장쪽 관광도 좋아요~^^",2018.09.30,"90,000",대전광역시 중구 대종로505번길 50
베니키아 호텔 대림,3,아침에 씻을때 온수가 안나와서 당황해서 물어보니까 다른객실에서 많이써서 안나오는 거라고....좀 황당했음,2020.01.22,"90,000",대전광역시 중구 대종로505번길 50
베니키아 호텔 대림,3,"방도 깔끔하고 직원분들도 친절하십니다
저렴한 가격에 조식까지 포함된건 좋습니다
다만 약한 수압, 온수 나올때까지 시간 매우 오래걸림, 한밤중에도 계속 티비쪽 벽이나 천장쪽에서 기계음이 들려서 불편하네요",2024.03.13,"90,000",대전광역시 중구 대종로505번길 50
베니키아 호텔 대림,5,"오월드 갔다 숙박찾다 발견했어요^^
아이들과 잘 쉬고 갑니다♥

가격 저렴한데 조식까지 주니 넘 좋아요~",2019.08.03,"90,000",대전광역시 중구 대종로505번길 50
베니키아 호텔 대림,5,직원분들 정말 친절하셨고 스탠다드라 그런지 객실은 다소 작은듯했지만 또 욕실은 넓어서 갸우뚱^^. 무료조식이지만 깔끔하고 맛있었습니다~.,2019.07.30,"90,000",대전광역시 중구 대종로505번길 50
베니키아 호텔 대림,4,아침 제공해서 좋았음. 토스트 우유등음료 방울토마토 양배추?샐러드 계란스크램블 소세지 등,2019.05.18,"90,000",대전광역시 중구 대종로505번길 50
베니키아 호텔 대림,1,"최악의숙소
호텔이라는이름은 최소한의 기준인데
모텔보자못합니다 냄세 . 침대컨디션.. 직원응대",2024.09.21,"90,000",대전광역시 중구 대종로505번길 50
베니키아 호텔 대림,4,"트윈배드룸이 넓었는데 룸만큼이나 욕실이 너무넓어서 당황스러웠어요 신기하기도하고 ㅎㅎ;
아이둘이랑 씻기 넓직하니 좋았어요ㅎㅎ
룸스타일이 조금 올드하긴했지만 가족단위로 이용하기엔 아주 좋았어요 ㅎ",2019.03.20,"90,000",대전광역시 중구 대종로505번길 50
베니키아 호텔 대림,5,"대전역 , 지하상가, 으능정이 거리상 최고의 숙소예요!! 가성비 최고입니다!!
숙소 , 비품 깨끗했고 조용해서 좋았습니다
업무적으로나 여행으로나 오셨으면 이용하기 좋으실거예요~",2018.09.18,"90,000",대전광역시 중구 대종로505번길 50
베니키아 호텔 대림,4,"수건의 청결도와 숙소 청소에 더 신경썼으면 좋겠습니다. 위치는 음식점과 편의시설에 가까워서 좋습니다. 독립 난방이며, 신발 벗고 들어가야하는 구조입니다",2018.05.06,"90,000",대전광역시 중구 대종로505번길 50
베니키아 호텔 대림,4,"항상 대전가면 이용하는 숙소입니다 
대전 은행동,대흥동과 근접해서 편해요
다만 시설은 좀 노후된편이지만 저렴하게 이용하기에는 괜찮습니다",2018.08.16,"90,000",대전광역시 중구 대종로505번길 50
베니키아 호텔 대림,5,"대전 갈 일이 많아서 몇번 방문했었어요 예전에 방문했을때는 수압이 약해서 요청하니 바로 오셔서 수리도 해주셨습니다. 간단한 조식도 너무 좋습니다.
이번에도 잘 쉬다가 갑니다. 앞으로도 자주 이용할거 같습니다.",2018.06.15,"90,000",대전광역시 중구 대종로505번길 50
베니키아 호텔 대림,5,"이번 방은 바닥청소가 제대로 안되고 먼지가 좀 날렸어요
욕실에도 비린내나고
그치만 조용하고 친절합니다",2018.08.28,"90,000",대전광역시 중구 대종로505번길 50
베니키아 호텔 대림,4,"아침 조식이 무료라 괜찮았구요 
4인 가족이 쓰기엔 충분히 큰 방이었어요
화장실 환기가 좀 안되는 단점이 있네요",2018.08.16,"90,000",대전광역시 중구 대종로505번길 50
베니키아 호텔 대림,4,객실의 상태가 머물러 있기 좋았어요. 단지 욕실바닥에 물이 고이고 때수건이 없는 것이 흠이라면 흠이라 하겠습니다,2018.08.14,"90,000",대전광역시 중구 대종로505번길 50
베니키아 호텔 대림,5,"은행동에서
가깝고, 근처에 구경할거 많아서
좋네요^^
건물은 오래된 느낌은 있지만,
가성비 뛰어나고 
아침 조식도 메뉴는 많지않지만
있어야 할 것은 있구요～ 
재방문 의사 있습니다^^",2018.03.04,"90,000",대전광역시 중구 대종로505번길 50
베니키아 호텔 대림,4,"도착해서 룸업그레이드했더니 방도 무지넓고 ㅋㅋ화장실도 운동장...
시설은 노후화됬습니다.
그리고 룸들어가자마자ㅠ
냄새가...휴ㅠㅠ
ㅋㅋㅋㅋㅋㅋㅋㅋ
(인터네보면)조식도나오는것같은데 이부분에대해선 안내를못받았어요.
그래도 저렴한가격에 잘쉬다왔습니다.",2017.11.06,"90,000",대전광역시 중구 대종로505번길 50
베니키아 호텔 대림,3,"주위에 먹을것들은 많으나 위생상태 비추 입니다
방이커서 가족 여행은 갠찬을거 같아요
오래됀 호텔입니다",2018.12.08,"90,000",대전광역시 중구 대종로505번길 50
베니키아 호텔 대림,5,"여행 여정중에 잠시 들렀네요
직원들 모두 친절하시고
가격대비 시설좋고
조식도 좋아요~^^",2018.06.18,"90,000",대전광역시 중구 대종로505번길 50
베니키아 호텔 대림,5,"창문바깥에가 감옥같고 답답했어요~
근데 다시 가라해도 괜찮을거같아요 ㅋㅋㅋㅋ
왜나면 조식이 있으니까요
가격대비 저렴하게 다녀와서 행복합니다",2018.01.22,"90,000",대전광역시 중구 대종로505번길 50
베니키아 호텔 대림,5,"골목에 있어 찾기가 힘들지만
아주 훌륭한 곳입니다 가족과 함께 오신분들에게 
적극추천합니다",2018.08.27,"90,000",대전광역시 중구 대종로505번길 50
베니키아 호텔 대림,2,역에서 가까운 것 외엔... 컴퓨터 안켜져서 모니터선 직접 찾아 연결하고 인터넷 느렸고 티비는 소리가 안들리고...,2018.02.17,"90,000",대전광역시 중구 대종로505번길 50
베니키아 호텔 대림,1,호텔이라고 들어갔는데 모텔보다 작고 불편했습니다 전체적으로 지저분하고 조식도 너무 적고 차라리 모텔이 훨씬좋아요,2023.10.05,"90,000",대전광역시 중구 대종로505번길 50
베니키아 호텔 대림,3,"수압이 너무 약한거랑 보일러가 안되서 히터틀어야하는 거 화장실 바깥창문이 열려있는데 안쪽에 잠궈져있어서 화장실이 너무 추웠어요
이외에는 친절하시고 위치도 괜찮고 깨끗했어요",2023.01.21,"90,000",대전광역시 중구 대종로505번길 50
베니키아 호텔 대림,4,"대전 중구에 위치해서 은행동이나 대흥동하고 거리가 가까워서 좋아요~!
여행갈때마다 편하게 이용하고 있습니다",2018.02.03,"90,000",대전광역시 중구 대종로505번길 50
베니키아 호텔 대림,5,"급하게 가게되서 예약했는데 
저렴히 잘 쉬고 왔어요~!!
오래되긴 했지만 아침에 간단한 조식도 나오고 괜찮네요",2017.11.05,"90,000",대전광역시 중구 대종로505번길 50
베니키아 호텔 대림,1,너무 추워요. 온풍기 사용하면 상부는 따뜻하나 침대 바닥은 춥고 너무 건조하고.. 2성급 호텔...,2022.02.10,"90,000",대전광역시 중구 대종로505번길 50
베니키아 호텔 대림,5,깔끔하고 조식도 좋았어요,2024. 11. 13,"90,000",대전광역시 중구 대종로505번길 50
베니키아 호텔 대림,4,전체적으로 관리가 잘 되어있어요~ 조식도 맛있어요,2024. 11. 13,"90,000",대전광역시 중구 대종로505번길 50
베니키아 호텔 대림,5,잠자리 조식 등 모든게 좋았어요,2024. 11. 13,"90,000",대전광역시 중구 대종로505번길 50
베니키아 호텔 대림,5,"출장시 자주 이용합니다.
직원분들이 친절하고 조식도 깔끔합니다.",2024.11.01,"90,000",대전광역시 중구 대종로505번길 50
베니키아 호텔 대림,5,조식이 좋은 숙소 입니다~~,2024.10.26,"90,000",대전광역시 중구 대종로505번길 50
베니키아 호텔 대림,5,조식이 좋은 숙소 입니다~~,2024.10.26,"90,000",대전광역시 중구 대종로505번길 50
베니키아 호텔 대림,5,조식이 좋은 숙소 입니다~~,2024.10.26,"90,000",대전광역시 중구 대종로505번길 50
베니키아 호텔 대림,5,조식이 좋은 숙소 입니다~~,2024.10.26,"90,000",대전광역시 중구 대종로505번길 50
베니키아 호텔 대림,5,조식이 좋은숙소 입니다~~,2024.10.26,"90,000",대전광역시 중구 대종로505번길 50
베니키아 호텔 대림,5,조식이 좋은 숙소 입니디ㅡ~~,2024.10.26,"90,000",대전광역시 중구 대종로505번길 50
베니키아 호텔 대림,5,조식 좋습니다~~ 굿굿~,2024.10.26,"90,000",대전광역시 중구 대종로505번길 50
베니키아 호텔 대림,4,"주차시설과 조식은 맛있어요..
직원의 응대도 무지 친절했어요",2024.10.20,"90,000",대전광역시 중구 대종로505번길 50
베니키아 호텔 대림,5,대전가면 언제나 여기 입니다..좋은데 말을 많이 할 필요가 있을까요,2024.09.19,"90,000",대전광역시 중구 대종로505번길 50
베니키아 호텔 대림,5,프론트직원분들 모두 친절하시고 좋아요,2024.08.05,"90,000",대전광역시 중구 대종로505번길 50
베니키아 호텔 대림,5,너무 좋은 공간에서 쉬며 주변 상권에 매력을 느낄수있었습니다,2024.07.30,"90,000",대전광역시 중구 대종로505번길 50
베니키아 호텔 대림,3,"직원들이 친절하고, 조식서비스가 무료였습니다.
하지만 룸 청결상태는 좀 아쉬웠습니다.",2024.07.28,"90,000",대전광역시 중구 대종로505번길 50
베니키아 호텔 대림,4,룸이 엄청 넓어요 시설은 좀 아쉅지만,2024.07.23,"90,000",대전광역시 중구 대종로505번길 50
베니키아 호텔 대림,4,간편조식이 있어 편리해요^^,2024.07.23,"90,000",대전광역시 중구 대종로505번길 50
베니키아 호텔 대림,4,대전역 가까운 가성비 좋은 숙소~~~,2024.07.23,"90,000",대전광역시 중구 대종로505번길 50
베니키아 호텔 대림,5,매우 친절하시고 방 컨디션도 나이스합니다,2024.07.22,"90,000",대전광역시 중구 대종로505번길 50
베니키아 호텔 대림,5,3명이서 지내기 딱 좋고 숙소 위치도 아주 굿이에요! 직원분들도 친절하셔서 좋았습니다🤭,2024.07.21,"90,000",대전광역시 중구 대종로505번길 50
베니키아 호텔 대림,4,깨끗하고 좋아요^^,2024.07.07,"90,000",대전광역시 중구 대종로505번길 50
베니키아 호텔 대림,4,간단히 조식 가능하고 교통편리한 호텔입니다,2024.06.29,"90,000",대전광역시 중구 대종로505번길 50
베니키아 호텔 대림,4,조식은 좋았습니다. 다만 시설은 좀 오래되서 아쉽긴하네요.,2024.06.20,"90,000",대전광역시 중구 대종로505번길 50
베니키아 호텔 대림,4,대전가면 항상 들리는 가성비 좋은 호텔입니다,2024.06.19,"90,000",대전광역시 중구 대종로505번길 50
베니키아 호텔 대림,4,객실이 깔끔하고 직원분들이 친절했습니다!,2024.06.18,"90,000",대전광역시 중구 대종로505번길 50
베니키아 호텔 대림,4,물이 넉넉하지 못해서 아쉬웠어요,2024.06.17,"90,000",대전광역시 중구 대종로505번길 50
베니키아 호텔 대림,5,항상 좋게 이용하고 있습니다.,2024.05.31,"90,000",대전광역시 중구 대종로505번길 50
베니키아 호텔 대림,5,항상좋게 이용하고 있습니다.,2024.05.31,"90,000",대전광역시 중구 대종로505번길 50
베니키아 호텔 대림,5,항상좋게 이용하고 있습니다.,2024.05.31,"90,000",대전광역시 중구 대종로505번길 50
베니키아 호텔 대림,5,항상좋게 이용하고 있습니다.,2024.05.31,"90,000",대전광역시 중구 대종로505번길 50
베니키아 호텔 대림,5,항상 좋게 이용하고 있습니다.,2024.05.31,"90,000",대전광역시 중구 대종로505번길 50
베니키아 호텔 대림,5,항상 좋게 이용중이요~~,2024.05.31,"90,000",대전광역시 중구 대종로505번길 50
베니키아 호텔 대림,5,항상 좋게 이용하고 있습니다.,2024.05.31,"90,000",대전광역시 중구 대종로505번길 50
베니키아 호텔 대림,4,객실 청결상태는 조금 아쉬웠지만 나머지는 아주 좋았어요 ~~~,2024.05.28,"90,000",대전광역시 중구 대종로505번길 50
베니키아 호텔 대림,4,시설은 좀 낡았으나 직원들이 친절하고 간단한 조식가능,2024.05.14,"90,000",대전광역시 중구 대종로505번길 50
베니키아 호텔 대림,5,"야구장가느냐고 계속 이용중인데 체그인전에 짐도 맡길수있고 늘 친절합니다!
번창하세요!",2024.05.13,"90,000",대전광역시 중구 대종로505번길 50
베니키아 호텔 대림,5,위치가 좋았어요 화장실이 깨끗했어요. 잘 쉬다갑니다,2024.05.06,"90,000",대전광역시 중구 대종로505번길 50
베니키아 호텔 대림,5,야구경기있는날 계속 이용하고있어요.안내직원분도 친절하고 갈때마다 만족합니다.,2024.04.29,"90,000",대전광역시 중구 대종로505번길 50
베니키아 호텔 대림,5,"오랜만에 따뜻하게 푹잤네요
깨끗하고 친절합니다",2024.04.24,"90,000",대전광역시 중구 대종로505번길 50
베니키아 호텔 대림,3,너무 좋았습니다 친절하기도 하고 조식도 맛있어요! 다만 수압이 너무 약합니다 ㅠ,2024.04.19,"90,000",대전광역시 중구 대종로505번길 50
베니키아 호텔 대림,5,"전반적으로 만족스러웠습니다
숙소 앞 고양이가 귀여워요",2024.04.18,"90,000",대전광역시 중구 대종로505번길 50
베니키아 호텔 대림,5,◕‿◕◕‿◕,2024.04.11,"90,000",대전광역시 중구 대종로505번길 50
베니키아 호텔 대림,3,"괜찮아요
좀 오래된 건물",2024.04.05,"90,000",대전광역시 중구 대종로505번길 50
베니키아 호텔 대림,5,주변에 먹거리가 많습니다,2024.03.29,"90,000",대전광역시 중구 대종로505번길 50
베니키아 호텔 대림,5,"시설은 편리하고 좋았어요
티비가 유트브가 안나왔어요",2024.03.22,"90,000",대전광역시 중구 대종로505번길 50
베니키아 호텔 대림,5,대전여행시 꼭 재방문하갰습니다.,2024.03.19,"90,000",대전광역시 중구 대종로505번길 50
베니키아 호텔 대림,3,방은 넓었으나 조금 낡고 수압이 너무약해서 씻는데 불편한점이 있었습니다,2024.02.22,"90,000",대전광역시 중구 대종로505번길 50
베니키아 호텔 대림,5,사진은 없지만 직원분들도 친절하시고 숙소도 깨끗했어요 친구랑 둘이 쓰기 좋아요,2024.02.21,"90,000",대전광역시 중구 대종로505번길 50
베니키아 호텔 대림,5,"대전 여행 때 편히 쉴 수 있었어요
매트리스는 좀 딱딱해서 아쉬웠음",2024.02.19,"90,000",대전광역시 중구 대종로505번길 50
베니키아 호텔 대림,5,조식도 있고 시설이 매우 깨끗함,2024.02.18,"90,000",대전광역시 중구 대종로505번길 50
베니키아 호텔 대림,5,친절한호텔이었고 스크램블조식 맛있었어요.,2024.01.02,"90,000",대전광역시 중구 대종로505번길 50
베니키아 호텔 대림,5,시설은 노후되있지만 조식도 주고 청결했습니다,2023.12.22,"90,000",대전광역시 중구 대종로505번길 50
베니키아 호텔 대림,5,꿀잠했어요,2023.11.21,"90,000",대전광역시 중구 대종로505번길 50
베니키아 호텔 대림,5,"숙소는 깨끗했습니다.
욕실도 넓고
좋았습니다.",2023.11.11,"90,000",대전광역시 중구 대종로505번길 50
베니키아 호텔 대림,4,편하게 잘 이용했습니다~,2023.10.29,"90,000",대전광역시 중구 대종로505번길 50
베니키아 호텔 대림,4,편하게 잘 이용했습니다.,2023.10.29,"90,000",대전광역시 중구 대종로505번길 50
베니키아 호텔 대림,5,"화장실도 크고 욕조가 있어서 너무 좋았어요
다만 난방이 중앙제어라 아쉬웠어요!!",2023.10.22,"90,000",대전광역시 중구 대종로505번길 50
베니키아 호텔 대림,4,가성비 짱이예요 조식도 간단히 주고 위치도 좋고 대전 가면 많이 이용해요,2023.10.22,"90,000",대전광역시 중구 대종로505번길 50
베니키아 호텔 대림,2,형편없다 면소재지 낡은 여관같다,2023.10.18,"90,000",대전광역시 중구 대종로505번길 50
베니키아 호텔 대림,1,"안내데스크가 불친절함. 친절하다고 해서 예약한건데
조식과 나머지는 만족 했습니다",2023.09.03,"90,000",대전광역시 중구 대종로505번길 50
베니키아 호텔 대림,3,잠깐 하루정도의 비즈니스로는 적당하네요,2023.08.27,"90,000",대전광역시 중구 대종로505번길 50
베니키아 호텔 대림,4,넓은 객실과 조용한 상태가 너무 미음에 들어요,2023.08.14,"90,000",대전광역시 중구 대종로505번길 50
베니키아 호텔 대림,4,건물은 좋은데 내부 시설이 오래된듯 개선이 필요할듯 싶어요,2023.08.07,"90,000",대전광역시 중구 대종로505번길 50
베니키아 호텔 대림,2,리모델링이 필요할 것 같네요.,2023.08.05,"90,000",대전광역시 중구 대종로505번길 50
베니키아 호텔 대림,4,시설은 좀 오래되었어요.조식은 간단한 구성으로 잘 먹었어요.,2023.07.13,"90,000",대전광역시 중구 대종로505번길 50
베니키아 호텔 대림,5,좋아요좋아,2023.07.10,"90,000",대전광역시 중구 대종로505번길 50
베니키아 호텔 대림,4,친절하고 깨끝해요,2023.06.11,"90,000",대전광역시 중구 대종로505번길 50
베니키아 호텔 대림,4,그냥 그랬어요.. 살짝 리모델링을 하셔야할듯..,2023.06.07,"90,000",대전광역시 중구 대종로505번길 50
베니키아 호텔 대림,4,잘쉬었어요~,2023.06.06,"90,000",대전광역시 중구 대종로505번길 50
베니키아 호텔 대림,5,괜찮았어요,2023.05.22,"90,000",대전광역시 중구 대종로505번길 50
베니키아 호텔 대림,5,가성비 좋았습니다,2023.05.19,"90,000",대전광역시 중구 대종로505번길 50
베니키아 호텔 대림,5,먹자골목 접근성이 좋아요,2023.04.24,"90,000",대전광역시 중구 대종로505번길 50
베니키아 호텔 대림,5,조식 무료에 욕실에는 욕조도 있어 푹 쉬다 갑니다. 대전역 타기전 다시 이용할듯,2023.04.02,"90,000",대전광역시 중구 대종로505번길 50
베니키아 호텔 대림,1,"호텔이용했던 중의 최악. 안내직원 불친절, 조식 제공 질 최최악.",2023.03.16,"90,000",대전광역시 중구 대종로505번길 50
베니키아 호텔 대림,4,오래된거 같지만 관찮아요,2023.02.26,"90,000",대전광역시 중구 대종로505번길 50
베니키아 호텔 대림,4,잘만합니다,2023.02.18,"90,000",대전광역시 중구 대종로505번길 50
베니키아 호텔 대림,5,잘만합니다,2023.02.18,"90,000",대전광역시 중구 대종로505번길 50
베니키아 호텔 대림,3,그럭저럭 잘만합니다,2023.02.18,"90,000",대전광역시 중구 대종로505번길 50
베니키아 호텔 대림,4,"접근성이 좋고 조식도 간단하게 나와서 좋았어요
화장실이 정말 깨끗해서 좋았어요",2023.02.11,"90,000",대전광역시 중구 대종로505번길 50
베니키아 호텔 대림,5,깔끔하고 좋았어요!!,2022.12.29,"90,000",대전광역시 중구 대종로505번길 50
베니키아 호텔 대림,5,"장점) 합리적인 가격, 무료조식
단점) 약한 수압, 방음",2022.12.27,"90,000",대전광역시 중구 대종로505번길 50
베니키아 호텔 대림,5,저렴하고 ㄱㅊ았음,2022.12.26,"90,000",대전광역시 중구 대종로505번길 50
베니키아 호텔 대림,5,구우우우웃,2022.12.19,"90,000",대전광역시 중구 대종로505번길 50
베니키아 호텔 대림,4,대전역 가면 여기 어때,2022.12.18,"90,000",대전광역시 중구 대종로505번길 50
베니키아 호텔 대림,5,조식포함 가성비 좋네요 위치도 마음에 들고 좋습니다,2022.12.05,"90,000",대전광역시 중구 대종로505번길 50
베니키아 호텔 대림,3,하루이틀 묵기에ㅜ나쁘지 않음,2022.11.10,"90,000",대전광역시 중구 대종로505번길 50
베니키아 호텔 대림,3,방크기가 많이 큰편,2022.11.10,"90,000",대전광역시 중구 대종로505번길 50
베니키아 호텔 대림,5,최고의 숙소입니다,2022.11.07,"90,000",대전광역시 중구 대종로505번길 50
베니키아 호텔 대림,1,"방바닥 먼지 너무 많고 샤워기는 녹물이 계속 나옵니다. 윗방, 옆방 방음 안됩니다...",2022.11.04,"90,000",대전광역시 중구 대종로505번길 50
베니키아 호텔 대림,5,잘쉬고갑니다 번창하세요,2022.10.31,"90,000",대전광역시 중구 대종로505번길 50
베니키아 호텔 대림,1,그냥 그래요.,2022.10.31,"90,000",대전광역시 중구 대종로505번길 50
베니키아 호텔 대림,5,잘쉬다 갑니다,2022.10.27,"90,000",대전광역시 중구 대종로505번길 50
베니키아 호텔 대림,5,깔끔하고 친절하셔요ㅎ,2022.10.23,"90,000",대전광역시 중구 대종로505번길 50
베니키아 호텔 대림,2,생각보다 크기가 작았습니다.,2022.10.17,"90,000",대전광역시 중구 대종로505번길 50
베니키아 호텔 대림,5,가성비 만점 숙소 만족합니다!,2022.10.09,"90,000",대전광역시 중구 대종로505번길 50
베니키아 호텔 대림,5,가성비 매우좋은 숙소였어요. 다음에 또 이용할 것 같아요.,2022.10.09,"90,000",대전광역시 중구 대종로505번길 50
베니키아 호텔 대림,2,진짜 영화 써니때 나올만한 호텔,2022.10.05,"90,000",대전광역시 중구 대종로505번길 50
베니키아 호텔 대림,5,아 좋은가격에 좋은 품질이었어요 또 이용할게요,2022.10.03,"90,000",대전광역시 중구 대종로505번길 50
베니키아 호텔 대림,5,잘 쉬다갑니다,2022.09.16,"90,000",대전광역시 중구 대종로505번길 50
베니키아 호텔 대림,5,시설 깨끗하고 주차편하고 근처에서 놀기좋구요 아침에 조식도 먹을수 있어서 너무 좋습니다,2022.09.13,"90,000",대전광역시 중구 대종로505번길 50
베니키아 호텔 대림,5,쾌적하게 잘 묵었습니다,2022.09.06,"90,000",대전광역시 중구 대종로505번길 50
베니키아 호텔 대림,5,"추천, 아주조아요, 다음에 또 갑니다",2022.09.04,"90,000",대전광역시 중구 대종로505번길 50
베니키아 호텔 대림,4,"창문 없는 방은 조금 환기가 부족합니다!
넷플릭스도 없어서 조금 아쉬웠어요!",2022.09.03,"90,000",대전광역시 중구 대종로505번길 50
베니키아 호텔 대림,5,너무 좋아요 :) 앞으로도 자주 애용할거 같아요 !,2022.08.29,"90,000",대전광역시 중구 대종로505번길 50
베니키아 호텔 대림,4,넓고 여기저기 접근성이 좋아요.,2022.08.15,"90,000",대전광역시 중구 대종로505번길 50
베니키아 호텔 대림,4,쏘쏘. 전반적으로 나쁘지는 않으나 룸이 너무 작음,2022.08.09,"90,000",대전광역시 중구 대종로505번길 50
베니키아 호텔 대림,5,생각보다 너무 좋고 편해서 처음으로 리뷰남겨요 :) 다음에도 이용할 생각 많습니다!,2022.08.07,"90,000",대전광역시 중구 대종로505번길 50
베니키아 호텔 대림,5,아침식사 무료제공 좋아요,2022.08.01,"90,000",대전광역시 중구 대종로505번길 50
베니키아 호텔 대림,5,아주 좋아요,2022.07.12,"90,000",대전광역시 중구 대종로505번길 50
베니키아 호텔 대림,4,조용하고 무엇보다 가격대비 가성비 좋습니다,2022.07.11,"90,000",대전광역시 중구 대종로505번길 50
베니키아 호텔 대림,5,"위치가 좋아묘
화장실리모델링으로깨끗",2022.07.03,"90,000",대전광역시 중구 대종로505번길 50
베니키아 호텔 대림,2,다시갈지의문이드네요,2022.07.02,"90,000",대전광역시 중구 대종로505번길 50
베니키아 호텔 대림,5,아주 낡은 옛날 호텔이지만 위치가 너무 좋아요ㅜㅜ,2022.06.19,"90,000",대전광역시 중구 대종로505번길 50
베니키아 호텔 대림,4,가성비가 괜찬아요,2022.06.15,"90,000",대전광역시 중구 대종로505번길 50
베니키아 호텔 대림,4,친절합니다,2022.06.10,"90,000",대전광역시 중구 대종로505번길 50
베니키아 호텔 대림,5,약간 담배냄새 조금난거 빼고는 괜찮았습니다,2022.06.06,"90,000",대전광역시 중구 대종로505번길 50
베니키아 호텔 대림,5,잘쉬고갑니다 번창하세요,2022.05.30,"90,000",대전광역시 중구 대종로505번길 50
베니키아 호텔 대림,5,잘쉬고갑니다 번창하세요,2022.04.25,"90,000",대전광역시 중구 대종로505번길 50
베니키아 호텔 대림,5,"잘 이용하고 갑니다
인근에서 제일 좋네요
욕실 샤워기 수압이 더 세면 좋겠습니다",2022.04.23,"90,000",대전광역시 중구 대종로505번길 50
베니키아 호텔 대림,5,잘쉬고갑니다 번창하세요,2022.04.11,"90,000",대전광역시 중구 대종로505번길 50
베니키아 호텔 대림,5,"조식 깔끔하게 좋습니다.
냉장고 소음만....",2022.04.06,"90,000",대전광역시 중구 대종로505번길 50
베니키아 호텔 대림,5,깔끔하고 종용해서 좋았습니다. 시내에서 엄청 가깝구요,2022.03.24,"90,000",대전광역시 중구 대종로505번길 50
베니키아 호텔 대림,5,조용하게 잘 쉬었어요,2022.02.05,"90,000",대전광역시 중구 대종로505번길 50
베니키아 호텔 대림,3,적당한 가계에 이용한 호텔이네요,2021.12.26,"90,000",대전광역시 중구 대종로505번길 50
베니키아 호텔 대림,5,냄새하나도안나고 깨끗하고 좋았어요!!,2021.12.24,"90,000",대전광역시 중구 대종로505번길 50
베니키아 호텔 대림,5,건물은 살짝 오래된 느낌이긴 하지만 깔끔하고 좋았습니다! 잘 묵었어요 !!,2021.11.25,"90,000",대전광역시 중구 대종로505번길 50
베니키아 호텔 대림,3,위치는 좋고 나름 깨끗했지만 방이 낡고 화장실 수압이 너무 안좋아서 아쉬웠습니다.,2021.11.16,"90,000",대전광역시 중구 대종로505번길 50
베니키아 호텔 대림,5,깨끗했어요.,2021.11.12,"90,000",대전광역시 중구 대종로505번길 50
베니키아 호텔 대림,4,다 좋았는데 수압이 약해서 씻는데 오래 걸렸네요 ㅠㅠ,2021.09.23,"90,000",대전광역시 중구 대종로505번길 50
베니키아 호텔 대림,5,깨끗하고 좋았습니다,2021.09.09,"90,000",대전광역시 중구 대종로505번길 50
베니키아 호텔 대림,5,어찌나 프론트가 친절한지 모르겠어요. 친절을 봐서라도 꼭 다시 오고 싶어요,2021.07.22,"90,000",대전광역시 중구 대종로505번길 50
베니키아 호텔 대림,4,구냥 저냥 평범합니다,2021.06.27,"90,000",대전광역시 중구 대종로505번길 50
베니키아 호텔 대림,4,역과 가까워요,2021.06.23,"90,000",대전광역시 중구 대종로505번길 50
베니키아 호텔 대림,5,좋았습니다,2021.06.11,"90,000",대전광역시 중구 대종로505번길 50
베니키아 호텔 대림,5,좋았습니다,2021.06.11,"90,000",대전광역시 중구 대종로505번길 50
베니키아 호텔 대림,5,좋았습니다,2021.06.11,"90,000",대전광역시 중구 대종로505번길 50
베니키아 호텔 대림,4,출장시 늘 이용하는곳이에요!! 항상 친절해요!!,2021.05.31,"90,000",대전광역시 중구 대종로505번길 50
베니키아 호텔 대림,5,깔끔하였음,2021.05.29,"90,000",대전광역시 중구 대종로505번길 50
베니키아 호텔 대림,4,ㅇㅈㅇㄷㅇ,2021.04.15,"90,000",대전광역시 중구 대종로505번길 50
베니키아 호텔 대림,5,친절하시고 좋았어요. 조식이 거창한 건 아닌데 그래도 가볍게 먹기 좋아서 괜찮았습니다,2021.03.11,"90,000",대전광역시 중구 대종로505번길 50
베니키아 호텔 대림,4,"룸 컨디션이 좀 오래된 느낌이라 아쉬웠지만
직원분들도 친절하시고 잘 이용했습니다",2021.02.14,"90,000",대전광역시 중구 대종로505번길 50
베니키아 호텔 대림,4,수건에 뭐 묻어있고 빨아도 색이 안빠지는 듯,2021.01.16,"90,000",대전광역시 중구 대종로505번길 50
베니키아 호텔 대림,5,깔끔해요 가족끼리 오기좋아요,2020.11.29,"90,000",대전광역시 중구 대종로505번길 50
베니키아 호텔 대림,4,"5015호 이용.
많이 불편했어요 ㅜㅜ
다른 후기내용은 5013호 후기와 동일",2020.11.29,"90,000",대전광역시 중구 대종로505번길 50
베니키아 호텔 대림,5,깨끗하고 조용해서 좋았습니다.,2020.11.11,"90,000",대전광역시 중구 대종로505번길 50
베니키아 호텔 대림,5,만족합니다,2020.11.07,"90,000",대전광역시 중구 대종로505번길 50
베니키아 호텔 대림,5,깨끗하고 담배냄새 나지않고 좋와요,2020.10.04,"90,000",대전광역시 중구 대종로505번길 50
베니키아 호텔 대림,3,오래된거죠 머,2020.09.26,"90,000",대전광역시 중구 대종로505번길 50
베니키아 호텔 대림,4,자주 찾는 이유는 접근성이 좋고 주변에 맛집이 많아요. 가성비 좋아요,2020.03.04,"90,000",대전광역시 중구 대종로505번길 50
베니키아 호텔 대림,5,항상 최고의 서비스~! 방도 깔끔 직원서비스도 깔끔~ 최고입니다,2020.02.17,"90,000",대전광역시 중구 대종로505번길 50
베니키아 호텔 대림,5,늘 최상의 서비스 감사드립니다,2020.02.12,"90,000",대전광역시 중구 대종로505번길 50
베니키아 호텔 대림,2,그냥 오래된 호텔,2020.02.12,"90,000",대전광역시 중구 대종로505번길 50
베니키아 호텔 대림,4,"시설노후, 침구류 상태 양호, 간단한 조식 굿!",2020.02.09,"90,000",대전광역시 중구 대종로505번길 50
베니키아 호텔 대림,5,잘쉬고갑니다 번창하세요,2020.01.28,"90,000",대전광역시 중구 대종로505번길 50
베니키아 호텔 대림,3,그냥 뭐 하루정도는 잘만해요,2020.01.26,"90,000",대전광역시 중구 대종로505번길 50
베니키아 호텔 대림,5,좋았습니다,2020.01.23,"90,000",대전광역시 중구 대종로505번길 50
베니키아 호텔 대림,4,좋아요 ~^-^담에 또 ㅎ,2020.01.18,"90,000",대전광역시 중구 대종로505번길 50
베니키아 호텔 대림,5,잘 쉬다갑니다~,2020.01.14,"90,000",대전광역시 중구 대종로505번길 50
베니키아 호텔 대림,3,꽤 낡은 느낌이긴 하지만 도심에서 가깝고 좋았어요 :),2020.01.11,"90,000",대전광역시 중구 대종로505번길 50
베니키아 호텔 대림,5,늘 최고의 서비스를 제공합니다! 매번 잘 쉬다갑니다^^,2020.01.04,"90,000",대전광역시 중구 대종로505번길 50
베니키아 호텔 대림,2,직설적으로 별로였어요,2020.01.02,"90,000",대전광역시 중구 대종로505번길 50
베니키아 호텔 대림,5,잘 쉬었다 갑니다,2019.12.27,"90,000",대전광역시 중구 대종로505번길 50
베니키아 호텔 대림,5,저렴하고 괜춘!,2019.12.25,"90,000",대전광역시 중구 대종로505번길 50
베니키아 호텔 대림,3,인테리어가 아쉬운것 같아요,2019.12.24,"90,000",대전광역시 중구 대종로505번길 50
베니키아 호텔 대림,5,항상 편안하게 지내다 갑니다~넘 친절하시고 ㅎ,2019.12.16,"90,000",대전광역시 중구 대종로505번길 50
베니키아 호텔 대림,5,잘쉬다갑니다,2019.12.12,"90,000",대전광역시 중구 대종로505번길 50
베니키아 호텔 대림,5,"가성비 좋고, 시내와 가까워 접근성도 좋습니다. 무료 조식도 굿~~",2019.12.11,"90,000",대전광역시 중구 대종로505번길 50
베니키아 호텔 대림,4,난방 잘되고 좋았어요~,2019.12.07,"90,000",대전광역시 중구 대종로505번길 50
베니키아 호텔 대림,5,예전에 비해 더 깔끔해 졌어요. 특히 화장실 마음에 듭니다. 재방문 할게요,2019.11.26,"90,000",대전광역시 중구 대종로505번길 50
베니키아 호텔 대림,5,매우 만족합니다,2019.11.24,"90,000",대전광역시 중구 대종로505번길 50
베니키아 호텔 대림,3,"주변시설이가까워서좋넹마트등식당이요.
머리카락이정리안된게조금보였어요.",2019.11.02,"90,000",대전광역시 중구 대종로505번길 50
베니키아 호텔 대림,5,좋았습니다 감사합니다,2019.10.25,"90,000",대전광역시 중구 대종로505번길 50
베니키아 호텔 대림,4,조용해서 좋았음,2019.10.14,"90,000",대전광역시 중구 대종로505번길 50
베니키아 호텔 대림,5,잘 쉬다 갑니다 ~^-^,2019.10.12,"90,000",대전광역시 중구 대종로505번길 50
베니키아 호텔 대림,5,직원분 친절하셨고 편하게 잘 지냈습니다,2019.09.23,"90,000",대전광역시 중구 대종로505번길 50
베니키아 호텔 대림,4,"실내조명이 밝아서 좋은데 침대가 너무 딱딱해요!
라텍스를 깔아놈 좋으련만은...",2019.09.23,"90,000",대전광역시 중구 대종로505번길 50
베니키아 호텔 대림,1,청소상태가 안좋아요,2019.09.20,"90,000",대전광역시 중구 대종로505번길 50
베니키아 호텔 대림,3,오래된 건물임에도 깨끗했어요,2019.09.19,"90,000",대전광역시 중구 대종로505번길 50
베니키아 호텔 대림,5,위치편하고 숙소가넓어서 좋았어요,2019.09.04,"90,000",대전광역시 중구 대종로505번길 50
베니키아 호텔 대림,4,굿 좋아용,2019.08.24,"90,000",대전광역시 중구 대종로505번길 50
베니키아 호텔 대림,5,객실이 조금 낡은 느낌이지만 좋습니다,2019.08.24,"90,000",대전광역시 중구 대종로505번길 50
베니키아 호텔 대림,5,좋앗어요 가깝고,2019.08.21,"90,000",대전광역시 중구 대종로505번길 50
베니키아 호텔 대림,5,시내근처였고 가성비 대비 싸서 좋았어요 시설도 괜찮았고요,2019.08.19,"90,000",대전광역시 중구 대종로505번길 50
베니키아 호텔 대림,5,직원분들 엄청 친절하심요,2019.08.08,"90,000",대전광역시 중구 대종로505번길 50
베니키아 호텔 대림,5,아주좋아요,2019.08.06,"90,000",대전광역시 중구 대종로505번길 50
베니키아 호텔 대림,5,아주 좋아요 요즘 에어컨 냄새가 좀나요,2019.08.06,"90,000",대전광역시 중구 대종로505번길 50
베니키아 호텔 대림,5,좋았습니다,2019.08.04,"90,000",대전광역시 중구 대종로505번길 50
베니키아 호텔 대림,5,조용하고 청결상태도 양호하였고 무료조식까지 아주 즐거운 여행이었습니다.,2019.08.04,"90,000",대전광역시 중구 대종로505번길 50
베니키아 호텔 대림,5,주변 맛집도 많고 좋습니다~^^.,2019.08.03,"90,000",대전광역시 중구 대종로505번길 50
베니키아 호텔 대림,5,깔끔하고 좋아요! 바로 옆에 엽떡있어서 먹고오기도 조음!!,2019.07.31,"90,000",대전광역시 중구 대종로505번길 50
베니키아 호텔 대림,5,조우네요 두번째 갔는데 조아요 조식도 무료이구요,2019.07.29,"90,000",대전광역시 중구 대종로505번길 50
베니키아 호텔 대림,5,친절하시고 ~~^-^,2019.07.21,"90,000",대전광역시 중구 대종로505번길 50
베니키아 호텔 대림,4,잘 쉬다 갑니다 ^-^,2019.07.21,"90,000",대전광역시 중구 대종로505번길 50
베니키아 호텔 대림,5,굿 좄아요 ~-^-^,2019.06.15,"90,000",대전광역시 중구 대종로505번길 50
베니키아 호텔 대림,4,잘 쉬고갑니다,2019.06.15,"90,000",대전광역시 중구 대종로505번길 50
베니키아 호텔 대림,5,깨끗하고 좋았습니다,2019.06.07,"90,000",대전광역시 중구 대종로505번길 50
베니키아 호텔 대림,4,가성비 좋아요,2019.06.03,"90,000",대전광역시 중구 대종로505번길 50
베니키아 호텔 대림,5,직원들이 친절해요,2019.05.26,"90,000",대전광역시 중구 대종로505번길 50
베니키아 호텔 대림,5,편안한 분위기였습니다,2019.05.09,"90,000",대전광역시 중구 대종로505번길 50
베니키아 호텔 대림,5,시설도 좋고 직원이 친절합니다,2019.04.27,"90,000",대전광역시 중구 대종로505번길 50
베니키아 호텔 대림,3,씨트는 깨끗했는데 구석구석 먼지가 쌓여있어 아쉬웠음,2019.04.15,"90,000",대전광역시 중구 대종로505번길 50
베니키아 호텔 대림,4,가격대비 좋았음,2019.04.05,"90,000",대전광역시 중구 대종로505번길 50
베니키아 호텔 대림,5,따뜻하고 청결했어요,2019.03.10,"90,000",대전광역시 중구 대종로505번길 50
베니키아 호텔 대림,3,"침실 바닥, 욕실. 전체적으로 바닥청소도 안되어 있고 먼지에 물때에...ㅠㅠ",2019.03.10,"90,000",대전광역시 중구 대종로505번길 50
베니키아 호텔 대림,5,무난하게 묵을수 있는 관광텔,2019.03.07,"90,000",대전광역시 중구 대종로505번길 50
베니키아 호텔 대림,4,성심당이 가깝습니다. 프론트가 친절합니다. 방음이 별로입니다.,2019.03.03,"90,000",대전광역시 중구 대종로505번길 50
베니키아 호텔 대림,3,역이랑도 가깝고 시설도 나쁘지않았어요.,2019.02.21,"90,000",대전광역시 중구 대종로505번길 50
베니키아 호텔 대림,5,숙소가 깨끗해서 좋아요,2019.02.19,"90,000",대전광역시 중구 대종로505번길 50
베니키아 호텔 대림,4,좋았습니다.,2019.02.19,"90,000",대전광역시 중구 대종로505번길 50
베니키아 호텔 대림,5,굳굳굳굳굳,2019.02.14,"90,000",대전광역시 중구 대종로505번길 50
베니키아 호텔 대림,5,좋아요 ~~^-^ 굿,2019.02.09,"90,000",대전광역시 중구 대종로505번길 50
베니키아 호텔 대림,5,조식이 깔끔하니 좋아요,2019.01.30,"90,000",대전광역시 중구 대종로505번길 50
베니키아 호텔 대림,5,방도 매번 치워주고 깔끔해서 좋았어요,2019.01.30,"90,000",대전광역시 중구 대종로505번길 50
베니키아 호텔 대림,4,스위트룸이라고 하기엔 뭔가 부족.....,2018.12.25,"90,000",대전광역시 중구 대종로505번길 50
베니키아 호텔 대림,5,가격대비 좋아요,2018.12.16,"90,000",대전광역시 중구 대종로505번길 50
베니키아 호텔 대림,5,직원분들이 친절하고 좋았습니다,2018.12.11,"90,000",대전광역시 중구 대종로505번길 50
베니키아 호텔 대림,5,"만족합니다 
직원분들 친절합니다 
두고간 물건 있었는데 챙겨주시고 감사했습니다",2018.11.17,"90,000",대전광역시 중구 대종로505번길 50
베니키아 호텔 대림,4,머리카락이 많았어요( 냉장고 안/ 세면대 위),2018.11.07,"90,000",대전광역시 중구 대종로505번길 50
베니키아 호텔 대림,5,주차장도 넓고 가성비 좋습니다,2018.10.24,"90,000",대전광역시 중구 대종로505번길 50
베니키아 호텔 대림,5,가성비 만족합니다,2018.10.18,"90,000",대전광역시 중구 대종로505번길 50
베니키아 호텔 대림,2,가격 대비 깨끗하고 교통이 편리해서 만족입니다.,2018.10.14,"90,000",대전광역시 중구 대종로505번길 50
베니키아 호텔 대림,5,조용하고좋습니다,2018.10.06,"90,000",대전광역시 중구 대종로505번길 50
베니키아 호텔 대림,5,깔끔하고 편하게 잘쉬다가 왔습니다.,2018.10.05,"90,000",대전광역시 중구 대종로505번길 50
베니키아 호텔 대림,5,괜찮았어요~~,2018.09.26,"90,000",대전광역시 중구 대종로505번길 50
베니키아 호텔 대림,5,가격대비 만족,2018.09.21,"90,000",대전광역시 중구 대종로505번길 50
베니키아 호텔 대림,5,편안하고 캅갑하지 않고 좋았어요,2018.09.18,"90,000",대전광역시 중구 대종로505번길 50
베니키아 호텔 대림,4,잘 쉬다갑니다~~,2018.09.15,"90,000",대전광역시 중구 대종로505번길 50
베니키아 호텔 대림,5,가성비 굿입니다,2018.09.11,"90,000",대전광역시 중구 대종로505번길 50
베니키아 호텔 대림,4,"시설이 노후화 되었지만 위치 , 가성비 만족합니다",2018.09.05,"90,000",대전광역시 중구 대종로505번길 50
베니키아 호텔 대림,5,"오래되긴했지만 너무 조용하고
직원도 친절합니다
주변에 먹을거리도 많고",2018.08.28,"90,000",대전광역시 중구 대종로505번길 50
베니키아 호텔 대림,4,만족합니다~^-^ 다음에 ~,2018.08.25,"90,000",대전광역시 중구 대종로505번길 50
베니키아 호텔 대림,4,오래되긴함,2018.08.25,"90,000",대전광역시 중구 대종로505번길 50
베니키아 호텔 대림,5,수건에서 이상한냄새너요,2018.08.18,"90,000",대전광역시 중구 대종로505번길 50
베니키아 호텔 대림,4,"가족여행으로 잡은 숙소
5인 가족 잘 놀다 옴
욕실 굉장히 넓음",2018.08.18,"90,000",대전광역시 중구 대종로505번길 50
베니키아 호텔 대림,4,ㄱㄱㄱㄱㄱㄱㄱ,2018.08.13,"90,000",대전광역시 중구 대종로505번길 50
베니키아 호텔 대림,5,"야구보러갈려구 예매했어요
시설은 오래된거지만 깨끗하고 좋아요",2018.08.06,"90,000",대전광역시 중구 대종로505번길 50
베니키아 호텔 대림,5,"한화이글스파크 갈려구 
넓고 좋아요",2018.08.06,"90,000",대전광역시 중구 대종로505번길 50
베니키아 호텔 대림,1,제대로 준비를 안해놓음,2018.08.04,"90,000",대전광역시 중구 대종로505번길 50
베니키아 호텔 대림,4,좋아요 네네,2018.07.14,"90,000",대전광역시 중구 대종로505번길 50
베니키아 호텔 대림,4,직원분들 친절하시고 좋아요~,2018.07.07,"90,000",대전광역시 중구 대종로505번길 50
베니키아 호텔 대림,5,체크인 시간도 먼저 들여보내 주시기도 하고 친절해서 좋았어요!,2018.07.02,"90,000",대전광역시 중구 대종로505번길 50
베니키아 호텔 대림,4,친절하고 좋았어요,2018.06.28,"90,000",대전광역시 중구 대종로505번길 50
베니키아 호텔 대림,3,오래됨요..,2018.06.12,"90,000",대전광역시 중구 대종로505번길 50
베니키아 호텔 대림,5,만족합니다,2018.05.22,"90,000",대전광역시 중구 대종로505번길 50
베니키아 호텔 대림,5,깨끗하고 편리했습니다.,2018.05.20,"90,000",대전광역시 중구 대종로505번길 50
베니키아 호텔 대림,4,잘 쉬다 갑니다.ㅎ,2018.05.19,"90,000",대전광역시 중구 대종로505번길 50
베니키아 호텔 대림,3,"대전역에서 가까워 찾아가기는 쉬었어요
특별히 불편한거는 없었어요
잘쉬었다갑니다~~",2018.05.18,"90,000",대전광역시 중구 대종로505번길 50
베니키아 호텔 대림,5,위치가좋아요,2018.05.10,"90,000",대전광역시 중구 대종로505번길 50
베니키아 호텔 대림,4,좋았습니다.,2018.05.06,"90,000",대전광역시 중구 대종로505번길 50
베니키아 호텔 대림,5,넓고 나름괜찮았습니다,2018.05.06,"90,000",대전광역시 중구 대종로505번길 50
베니키아 호텔 대림,5,"오래된 호텔이나 
직원들이 친절함",2018.05.03,"90,000",대전광역시 중구 대종로505번길 50
베니키아 호텔 대림,5,관광호텔이라 좋았습니다 :blush:,2018.04.28,"90,000",대전광역시 중구 대종로505번길 50
베니키아 호텔 대림,5,좋았어요!,2018.04.20,"90,000",대전광역시 중구 대종로505번길 50
베니키아 호텔 대림,5,스위트 사용 햇는데 방이 운동장 같이 넓어서 좋아요,2018.03.25,"90,000",대전광역시 중구 대종로505번길 50
베니키아 호텔 대림,1,전체적으로 다 별로에요 스위트에 머물렀는데 스위트도 아닌것 같아요...,2018.02.28,"90,000",대전광역시 중구 대종로505번길 50
베니키아 호텔 대림,5,"건물은 오래됫지만 따뜻하구 좋앗어요~~ 
위치도 편하고 놀고오기 좋습니다",2018.02.25,"90,000",대전광역시 중구 대종로505번길 50
베니키아 호텔 대림,5,강추 아침도 좋아요,2018.02.18,"90,000",대전광역시 중구 대종로505번길 50
베니키아 호텔 대림,5,야따싸부리,2018.02.17,"90,000",대전광역시 중구 대종로505번길 50
베니키아 호텔 대림,3,"근처에 놀거리도 있으며, 
시끄럽지 않아서 좋았습니다.",2018.02.12,"90,000",대전광역시 중구 대종로505번길 50
베니키아 호텔 대림,5,"다좋은데.
디럭스룸은 추웠어요.",2018.02.11,"90,000",대전광역시 중구 대종로505번길 50
베니키아 호텔 대림,5,"대전여행중머문호텔.
다만족했어요",2018.02.10,"90,000",대전광역시 중구 대종로505번길 50
베니키아 호텔 대림,4,적당했어요~,2018.02.07,"90,000",대전광역시 중구 대종로505번길 50
베니키아 호텔 대림,5,편하게 쉬고갔어요오,2018.01.06,"90,000",대전광역시 중구 대종로505번길 50
베니키아 호텔 대림,5,가격대비 가성비 최고에요^^,2018.01.05,"90,000",대전광역시 중구 대종로505번길 50
베니키아 호텔 대림,5,하아힘들다,2018.01.01,"90,000",대전광역시 중구 대종로505번길 50
베니키아 호텔 대림,4,대체로 무난함.,2017.12.31,"90,000",대전광역시 중구 대종로505번길 50
베니키아 호텔 대림,5,조아조아써,2017.12.30,"90,000",대전광역시 중구 대종로505번길 50
베니키아 호텔 대림,4,하루 자기에는 괜찮은 숙소이고 화장실이 무지 크네요... ㄷ,2017.12.26,"90,000",대전광역시 중구 대종로505번길 50
베니키아 호텔 대림,5,아주좋아써,2017.12.15,"90,000",대전광역시 중구 대종로505번길 50
베니키아 호텔 대림,4,찾기쉽고 시설좋았으나 청결은..좀,2017.10.30,"90,000",대전광역시 중구 대종로505번길 50
베니키아 호텔 대림,4,위치가 정말 좋아요.,2017.10.27,"90,000",대전광역시 중구 대종로505번길 50
