hotel,star,review,date,price,address
대전 유성 비앤비,5,객실 내부 침실 배개들이 조금 얼룩?같은게 있어서 좀 찝찝했지만.. 그거 말고는 괜찮았어요~ 잘쉬다갑니다~ 번창하시기를~,2024. 11. 16,"74,000",대전광역시 유성구 온천북로 62 (봉명동)
대전 유성 비앤비,4,출장와서 잘쉬다가텨,2024. 11. 16,"74,000",대전광역시 유성구 온천북로 62 (봉명동)
대전 유성 비앤비,4,출장와서 잘쉬다가여,2024. 11. 16,"74,000",대전광역시 유성구 온천북로 62 (봉명동)
대전 유성 비앤비,4,출장와서 잘쉬다가여,2024. 11. 16,"74,000",대전광역시 유성구 온천북로 62 (봉명동)
대전 유성 비앤비,5,"담배냄새 하나없이 깨끗한 곳이었습니다~
화장실도 냄새없이 깔끔하고 청소도 잘되어있어서 
너무 좋았습니다
사장님도 정말 친절하시구요
저희가 깜박하고 시계를 놓고 왔는데 바로찾아주셨고
직접 택배로 보내주시기 까지 하셨습니다
정말 귀찮으셨을텐데..끝까지 웃으며 응대해 주셔서 너무 감사했습니다
가성비 짱인 숙소였습니다~",2024. 11. 13,"74,000",대전광역시 유성구 온천북로 62 (봉명동)
대전 유성 비앤비,5,주차하기 편하고 방음이 잘 돼요,2024. 11. 13,"74,000",대전광역시 유성구 온천북로 62 (봉명동)
대전 유성 비앤비,5,깔끔하고 건물이 금연이라 냄새도안나네요.,2024. 11. 13,"74,000",대전광역시 유성구 온천북로 62 (봉명동)
대전 유성 비앤비,5,깔끔하고 좋았습니다. 관리가 잘 된 곳이에요.,2024. 11. 13,"74,000",대전광역시 유성구 온천북로 62 (봉명동)
대전 유성 비앤비,5,"침구가 정말 폭신하고 깨끗해요 너무 좋은 휴식시간 보내고왔습니다! 특히 전실 리모델링으로 S급 환경이라 깨끗하고 깔끔하게 머물다 왔어요
흡연장도 6층에 넓게 마련돼있어서 흡연자를 위한 배려가 돋보였습니다
벌써 3번째방문인데 늘 친절함에 감동받고갑니다",2024. 11. 13,"74,000",대전광역시 유성구 온천북로 62 (봉명동)
대전 유성 비앤비,5,"도보특가 4만원으로 갔는데, 대전에서 이가격에 제일 좋은듯",2024.11.06,"74,000",대전광역시 유성구 온천북로 62 (봉명동)
대전 유성 비앤비,5,"룸 컨디션 좋고, 직원분도 친절했습니다. 잘 쉬었다 갑니다~",2024.10.31,"74,000",대전광역시 유성구 온천북로 62 (봉명동)
대전 유성 비앤비,5,깔끔하합니다. 또 이용할께요.,2024.10.30,"74,000",대전광역시 유성구 온천북로 62 (봉명동)
대전 유성 비앤비,5,전 객실 금연이라 너무 좋았어요!,2024.10.29,"74,000",대전광역시 유성구 온천북로 62 (봉명동)
대전 유성 비앤비,5,깨끗한 실내 및 화장실과 친절한 고객응대 좋았습니다,2024.10.25,"74,000",대전광역시 유성구 온천북로 62 (봉명동)
대전 유성 비앤비,5,좋은 기억 가지고 갑니다!,2024.10.18,"74,000",대전광역시 유성구 온천북로 62 (봉명동)
대전 유성 비앤비,5,친절하시고 청결상태도 좋고 다음에 또 이용 할꺼 같아요👍👍,2024.10.14,"74,000",대전광역시 유성구 온천북로 62 (봉명동)
대전 유성 비앤비,5,욕실이 정말 깨끗해요 유성에서 놀면 여기로 자주올듯합니다,2024.10.13,"74,000",대전광역시 유성구 온천북로 62 (봉명동)
대전 유성 비앤비,5,너무 좋아요 진짜 담배냄새 하나도 안나고요 꼭 가보세요,2024.10.12,"74,000",대전광역시 유성구 온천북로 62 (봉명동)
대전 유성 비앤비,5,출장가서 항상 여기 묵어가는데 친절하시고 좋습니다.,2024.10.12,"74,000",대전광역시 유성구 온천북로 62 (봉명동)
대전 유성 비앤비,5,출장가서 항상 여기 묵어가는데 친절하시고 좋습니다.,2024.10.12,"74,000",대전광역시 유성구 온천북로 62 (봉명동)
대전 유성 비앤비,5,"< 첫방문입니다. >
가성비가 좋은 숙소였다고 평가하고 싶습니다.
제가 묵은 숙소는 화장실이 너무 깨끗했어요.
다음에도 방문할 것 같습니다.",2024.10.11,"74,000",대전광역시 유성구 온천북로 62 (봉명동)
대전 유성 비앤비,5,"금연 객실이라 그런지 
너무 쾌적해요",2024.10.10,"74,000",대전광역시 유성구 온천북로 62 (봉명동)
대전 유성 비앤비,5,"조용하고 
무엇보다 너무 깨끗해요",2024.10.10,"74,000",대전광역시 유성구 온천북로 62 (봉명동)
대전 유성 비앤비,5,"금연이라 그런지 
방 냄새도 좋고 이불도 깨끗해요",2024.10.10,"74,000",대전광역시 유성구 온천북로 62 (봉명동)
대전 유성 비앤비,5,"아주 만족스러운 숙소입니다
꼭 이용들하세욤",2024.10.08,"74,000",대전광역시 유성구 온천북로 62 (봉명동)
대전 유성 비앤비,5,직원분들도 친절하시고 방도 좋고 이사 때문에 연박중인데 만족합니다,2024.10.08,"74,000",대전광역시 유성구 온천북로 62 (봉명동)
대전 유성 비앤비,5,위치좋고 바로앞에 유명한 식당도 많습니다!,2024.10.07,"74,000",대전광역시 유성구 온천북로 62 (봉명동)
대전 유성 비앤비,5,출장 중 잘 쉬고 갑니다,2024.10.01,"74,000",대전광역시 유성구 온천북로 62 (봉명동)
대전 유성 비앤비,5,출장 중 잘 쉬고 갑니다,2024.10.01,"74,000",대전광역시 유성구 온천북로 62 (봉명동)
대전 유성 비앤비,5,최근에 리모델링 해서 깨끗했어요!,2024.09.30,"74,000",대전광역시 유성구 온천북로 62 (봉명동)
대전 유성 비앤비,5,객실이 깨끗하고 프론트 직원분이 친절하셔서 좋습니다,2024.09.29,"74,000",대전광역시 유성구 온천북로 62 (봉명동)
대전 유성 비앤비,4,시설이 깔끔했고 직원 분이 친절하셔서 만족하며 다녀왔습니다!,2024.09.29,"74,000",대전광역시 유성구 온천북로 62 (봉명동)
대전 유성 비앤비,5,"대전에 있는 모텔 중 TOP에 든다고 자신합니다.
진짜 깨끗하고, 체크인 할 때 한번 더 객실 내에서 절대금연 이라고 짚어주셔서 정말 좋았어요. 진짜 담배냄새 하나도 안나고 응대도 완전 친절하셨고 방도 쾌적했습니다!
딱 하나 단점을 꼽자면 버스 타러 가려면 10분 정도 걸어야 한다는 거 하나입니다. 아, 식당도 주변에 거의 없긴 한데 저는 밖에서 식사하고 오거나 배달 시켜먹어서 그 부분은 크게 신경 안 쓰였습니다.
대전 놀러올 때 또 이용할 것 같아요~~~",2024.09.28,"74,000",대전광역시 유성구 온천북로 62 (봉명동)
대전 유성 비앤비,5,"아닝,,, 진심 제가 가본 숙소 중에 제~~~일 깨끗햇어요💛 화장실이 이렇게 깔끔할수가,,,, 진심 가보세요 대만족!!!",2024.09.26,"74,000",대전광역시 유성구 온천북로 62 (봉명동)
대전 유성 비앤비,5,리모델링해서 그런지 시설이 좋습니다.,2024.09.26,"74,000",대전광역시 유성구 온천북로 62 (봉명동)
대전 유성 비앤비,5,잘 쉬었다가 갑니다,2024.09.25,"74,000",대전광역시 유성구 온천북로 62 (봉명동)
대전 유성 비앤비,5,로비부터 친절하고 객실과 욕실 모두 깨끗해서 좋습니다,2024.09.25,"74,000",대전광역시 유성구 온천북로 62 (봉명동)
대전 유성 비앤비,5,출장 중 아주 잘 쉬고 갑니다,2024.09.23,"74,000",대전광역시 유성구 온천북로 62 (봉명동)
대전 유성 비앤비,5,친절하시고 깨끗하네요,2024.09.23,"74,000",대전광역시 유성구 온천북로 62 (봉명동)
대전 유성 비앤비,5,"친절하시고 외관보다 리모델링한지 얼마안되서

믿고 구매했는데

금연실이라 냄새없고 깨끗하고 좋았어요

굿 이용할께용 ~",2024.09.23,"74,000",대전광역시 유성구 온천북로 62 (봉명동)
대전 유성 비앤비,5,"새로 리모델링 한곳이라
침구류도 그렇고 모두 좋았음",2024.09.11,"74,000",대전광역시 유성구 온천북로 62 (봉명동)
대전 유성 비앤비,5,사장님이 친절하고 욕실이 전체적으로 깨끗하고 좋았습니다,2024.09.10,"74,000",대전광역시 유성구 온천북로 62 (봉명동)
대전 유성 비앤비,5,숙소 위치도 괜찮고 좋습니다.,2024.09.10,"74,000",대전광역시 유성구 온천북로 62 (봉명동)
대전 유성 비앤비,5,깔끔하고 좋습니다.,2024.09.10,"74,000",대전광역시 유성구 온천북로 62 (봉명동)
대전 유성 비앤비,5,출장차 방문했던 숙소인데 깔끔하고 좋았습니다.,2024.09.10,"74,000",대전광역시 유성구 온천북로 62 (봉명동)
대전 유성 비앤비,5,"화장실이깨끗하고 제빙기, 생수,커피,간식거리등이 잘 구비되어 있어 좋았어요",2024.09.09,"74,000",대전광역시 유성구 온천북로 62 (봉명동)
대전 유성 비앤비,5,"잘 놀다가 갑니다
감사합니다",2024.09.09,"74,000",대전광역시 유성구 온천북로 62 (봉명동)
대전 유성 비앤비,5,리모델링한 지 얼마 안 되어서 깨끗해요~~^^,2024.09.05,"74,000",대전광역시 유성구 온천북로 62 (봉명동)
대전 유성 비앤비,5,객실 깨끗하고 에어컨 작동 잘 되고 ott 다 볼 수 있어서 좋았어욤,2024.08.31,"74,000",대전광역시 유성구 온천북로 62 (봉명동)
대전 유성 비앤비,5,그냥저냥 하루밤 묵기 고만고만한 곳입니다,2024.08.28,"74,000",대전광역시 유성구 온천북로 62 (봉명동)
대전 유성 비앤비,5,불편함없이 잘 이용했습니다,2024.08.24,"74,000",대전광역시 유성구 온천북로 62 (봉명동)
대전 유성 비앤비,5,숙소가 전체적으로 깨끗했습니다. 잘 쉬었습니다.,2024.08.07,"74,000",대전광역시 유성구 온천북로 62 (봉명동)
대전 유성 비앤비,5,숙소 진짜 깨끗하고 좋았습니다! 나중에 또 방문하고 싶어요!,2024.08.06,"74,000",대전광역시 유성구 온천북로 62 (봉명동)
대전 유성 비앤비,5,"숙소도 조용하고 가격도 나쁘지않았습니다.
시설또한 괜찮은편이였고 편하게 쉬다갑니다",2024.08.05,"74,000",대전광역시 유성구 온천북로 62 (봉명동)
대전 유성 비앤비,5,"TV가 크며 여러OTT를 볼 수있어서 너무 좋았고
침대가 폭신폭신 아주 꿀잠잘 수 있어서 피로가 풀린 느낌이예오
추천 합니다👍",2024.08.04,"74,000",대전광역시 유성구 온천북로 62 (봉명동)
대전 유성 비앤비,5,위치좋고 좋았습니다,2024.08.01,"74,000",대전광역시 유성구 온천북로 62 (봉명동)
대전 유성 비앤비,5,시설들도 리모델링 되고 정말 최고에요,2024.07.30,"74,000",대전광역시 유성구 온천북로 62 (봉명동)
대전 유성 비앤비,5,편하게 잘 쉬다 갑니다 수압이 조금 약하네요,2024.07.29,"74,000",대전광역시 유성구 온천북로 62 (봉명동)
대전 유성 비앤비,5,생긴지 얼마 안돼서 그런지 깨끗하고 좋습니다,2024.07.23,"74,000",대전광역시 유성구 온천북로 62 (봉명동)
대전 유성 비앤비,4,오래된 건물이지만 새로 리모델링해서 깔끔해요 태평소국밥이랑 온천칼국수도 근처에 있어서 대전 놀러오는 사람들한테도 위치상 좋을 것 같아요,2024.07.20,"74,000",대전광역시 유성구 온천북로 62 (봉명동)
대전 유성 비앤비,5,방도 깨끗하고 혼자 출장 다니시는 분들이 사용하기 좋을 듯. 왠만한 일회용품도 다 있는데 다만 로션이나 스킨을 안갖고 다니는 여행객을 위해 일회용품이 아닌 것으로 비치하면 싫어하시분들도 계실라나요?,2024.07.20,"74,000",대전광역시 유성구 온천북로 62 (봉명동)
대전 유성 비앤비,5,"방은 작았지만 정말 깨끗하고 깔끔했습니다.
잘 쉬다 갑니다^^",2024.07.19,"74,000",대전광역시 유성구 온천북로 62 (봉명동)
대전 유성 비앤비,5,조용하고 비품도 괜찮고 주변먹자 골목이라 좋아요,2024.07.10,"74,000",대전광역시 유성구 온천북로 62 (봉명동)
대전 유성 비앤비,5,"최고의 가성비 호텔이에요!! 
호텔 화장실도 너무 깔끔하고 방도 너무 이뻐요!
요즘 어메니티 잘 안 주는 곳도 많은데 여기는 어메니티 뿐만이 아니랑 정수기 그리고 다과까지 다 주네요. 덕분에 아주 호강하고 갑니다~
다음에 꼭 또 가고 싶어요 ㅎㅎ",2024.07.08,"74,000",대전광역시 유성구 온천북로 62 (봉명동)
