hotel,star,review,date,price,address
대전 프리모 호텔,5,"내부가 깨끗합니다.
주변에 식당이나 편의시설들이 많아 위치가 좋습니다
침대도 좋았습니다
직원들도 친절했습니다",2024.10.20,"80,000",대전광역시 유성구 계룡로141번길 29-21
대전 프리모 호텔,2,"정말 후기대로 입니다
청소상태 엉망이고ㅠ추가된 이불도 인원추가요금 말고 더 안 받으니 오히려 고미워하라는 태도...인원추가요금에 포함되는거 아닌가요?
추가된 이불에 머리카락이 붙어 있고 어디 망한 오래된 펜션에서 사용하던 이름 적힌 이불ㅋㅋ웃음만 나오더군요
완전 비추입니다.아쉽게도 찍은 사진이 없네요",2023.12.25,"80,000",대전광역시 유성구 계룡로141번길 29-21
대전 프리모 호텔,5,넓어서 4명이 묵기 좋았어요~~,2023.12.10,"80,000",대전광역시 유성구 계룡로141번길 29-21
대전 프리모 호텔,5,사장님께서 친절하시고 화장실이 깨끗하고 커서 좋았습니다 ^^,2023.12.02,"80,000",대전광역시 유성구 계룡로141번길 29-21
대전 프리모 호텔,4,"리뷰보고 갔는데 더럽지는 않았고 좋았어요
다만 야놀자 어플에서 인원수 맞게 예약하고 갔는데
추가요금있어서 좀 당황스러웠습니다
냉장고가 좀 약해서 좀 아쉽긴했어요
화장실이 커서 좋았네요",2023.10.29,"80,000",대전광역시 유성구 계룡로141번길 29-21
대전 프리모 호텔,4,깨끗하고 침대도 딱딱하지 않아 좋았어요 단지 화장실 화장지에서 냄새가 좀 나네요 재생 화장지인지 그것외에는 주차도 잘 해주시고요,2023.10.29,"80,000",대전광역시 유성구 계룡로141번길 29-21
대전 프리모 호텔,4,"전체적으로는 깔끔하고 좋았어요
입실19시 퇴실12시엿는데 
일행도 같은 숙소 다른 룸에 묵어서 
다음날 오전 같이 잠깐 밥먹으러 나갔는데
지인방은 키반납을 안하고 방안에 짐이 그대로 있었는데도
말도없이 들어와서 청소를 하셨더라구요..
저희방도 들어와서 보니 들어왔던 흔적이 있었어요
없어진건 없었지만 너무 찝찝했어요..
그런 부분은 주의 해주셔야 할것같아요",2023.10.09,"80,000",대전광역시 유성구 계룡로141번길 29-21
대전 프리모 호텔,1,"방에서 담배냄새나요. 
침대는 좋습니다.",2023.10.04,"80,000",대전광역시 유성구 계룡로141번길 29-21
대전 프리모 호텔,1,교통이 편리함,2023.09.26,"80,000",대전광역시 유성구 계룡로141번길 29-21
대전 프리모 호텔,5,푹 잘 쉬다 갑니다,2023.09.23,"80,000",대전광역시 유성구 계룡로141번길 29-21
대전 프리모 호텔,5,깔끔하고 좋네요,2023.09.23,"80,000",대전광역시 유성구 계룡로141번길 29-21
대전 프리모 호텔,5,깨끗하고 주차장은 작지만 사장님이 직접 주차도 해주시고 친절하세요~,2023.08.09,"80,000",대전광역시 유성구 계룡로141번길 29-21
대전 프리모 호텔,3,"특실 이용했습니다.
사장님은 불친절하진 않지만 조금 무뚜뚝하십니다.
주차 여유 있습니다. 후면 주차장 이용했습니다.
방과 화장실은 생각보다 넓고 좋았습니다.
솔직히 청결도는 만족스럽지 않습니다.
바닥이 흰색이라 더 잘 보이는 면도 있습니다.
냉장고가 가장 아쉬웠습니다.
너무 약해서 시원한 맥주한잔 하지 못했고 
중간에 가끔 진동 소음이 있습니다. 자다가 중간에 깼는데 조금 짜증이 났습니다",2023.08.03,"80,000",대전광역시 유성구 계룡로141번길 29-21
대전 프리모 호텔,5,"호텔 시설은 깔끔했으며 침구도 좋았어요.
다만 현장 결제가 야놀자보다 저렴해서 
당황했습니다.
다음부터는 직접 현장결제 하는게 좋을것 같습니다",2023.07.29,"80,000",대전광역시 유성구 계룡로141번길 29-21
대전 프리모 호텔,5,무엇보다 깔끔하고 티비도 크고 화장실도 깨끗하고 좋았습니다.,2023.07.04,"80,000",대전광역시 유성구 계룡로141번길 29-21
대전 프리모 호텔,5,잘쉬다갑니다,2023.06.29,"80,000",대전광역시 유성구 계룡로141번길 29-21
대전 프리모 호텔,5,잘쉬다갑니다,2023.06.29,"80,000",대전광역시 유성구 계룡로141번길 29-21
대전 프리모 호텔,4,별 기대없이 잡은 숙소였는데 일단 위치도 좋고 깨끗하고 좋았어요,2023.06.26,"80,000",대전광역시 유성구 계룡로141번길 29-21
대전 프리모 호텔,5,시설도 좋고 괜찮았습니다,2023.06.05,"80,000",대전광역시 유성구 계룡로141번길 29-21
대전 프리모 호텔,5,편안하게 잘 지냈습니다.,2023.03.31,"80,000",대전광역시 유성구 계룡로141번길 29-21
대전 프리모 호텔,4,"친구들과 넷플보기에 좋은 방, 화장실도 넓고 깨끗했어요",2023.03.20,"80,000",대전광역시 유성구 계룡로141번길 29-21
대전 프리모 호텔,5,잘쉬다가 갑니다.,2023.03.01,"80,000",대전광역시 유성구 계룡로141번길 29-21
대전 프리모 호텔,5,너무 좋았습니다,2023.02.06,"80,000",대전광역시 유성구 계룡로141번길 29-21
대전 프리모 호텔,5,"너무 친절하시고 객실도 깨끗하고 
무엇보다 침구류가 너무너무 좋아서 자는동안 푹 자고 6살 아이도 데려갔었는데 잘 쉬다 왔습니다 ! 
다음에 대전 갈 일이 또 생긴다면 재방문 의사 있어요 :-)",2023.01.08,"80,000",대전광역시 유성구 계룡로141번길 29-21
대전 프리모 호텔,2,호텔이란 느낌을 못느꼈습니다,2022.11.20,"80,000",대전광역시 유성구 계룡로141번길 29-21
대전 프리모 호텔,5,너무 좋았어요!,2022.04.24,"80,000",대전광역시 유성구 계룡로141번길 29-21
대전 프리모 호텔,4,방안은 청결했어요,2022.03.21,"80,000",대전광역시 유성구 계룡로141번길 29-21
대전 프리모 호텔,5,"생각 보다 괜춘합니다 ㅎㅎ
침대가 편해서 좋아욥~.~",2022.03.20,"80,000",대전광역시 유성구 계룡로141번길 29-21
대전 프리모 호텔,5,항상 좋아요~,2021.12.18,"80,000",대전광역시 유성구 계룡로141번길 29-21
대전 프리모 호텔,4,호텔인줄 알았는데 이름만 호텔이네요.,2021.11.28,"80,000",대전광역시 유성구 계룡로141번길 29-21
대전 프리모 호텔,3,침구나 전체적인 룸은 깨끗했는데 처음 들어갔을때 담배냄새났어요,2021.11.22,"80,000",대전광역시 유성구 계룡로141번길 29-21
대전 프리모 호텔,5,항상 잘 쉬다 갑니다,2021.11.14,"80,000",대전광역시 유성구 계룡로141번길 29-21
대전 프리모 호텔,5,좋아요!!!,2021.03.28,"80,000",대전광역시 유성구 계룡로141번길 29-21
대전 프리모 호텔,5,매번 좋습니다,2021.01.07,"80,000",대전광역시 유성구 계룡로141번길 29-21
대전 프리모 호텔,5,굿 좋아요,2021.01.05,"80,000",대전광역시 유성구 계룡로141번길 29-21
대전 프리모 호텔,5,굿 좋아요,2021.01.02,"80,000",대전광역시 유성구 계룡로141번길 29-21
대전 프리모 호텔,5,욕조 흔들리고 방음 안되는거 빼고 굿,2020.12.12,"80,000",대전광역시 유성구 계룡로141번길 29-21
대전 프리모 호텔,4,편하게 잘 쉬다가 왔습니다.,2020.07.31,"80,000",대전광역시 유성구 계룡로141번길 29-21
대전 프리모 호텔,4,깨끗한 시설에서 잘 있다가 왔습니다.,2020.07.22,"80,000",대전광역시 유성구 계룡로141번길 29-21
대전 프리모 호텔,5,"친절하고 침대푹신하니 좋아여 
만족해여",2020.05.16,"80,000",대전광역시 유성구 계룡로141번길 29-21
대전 프리모 호텔,5,감사합니다^^ 가격대비 좋아요~ 특히 침대요,2020.05.07,"80,000",대전광역시 유성구 계룡로141번길 29-21
대전 프리모 호텔,5,최고였어요,2020.02.18,"80,000",대전광역시 유성구 계룡로141번길 29-21
대전 프리모 호텔,3,주변환경이 슬램가처럼 너무 지져분하고 너무 뒷쪽에 있어서 ㅈㆍ,2020.01.26,"80,000",대전광역시 유성구 계룡로141번길 29-21
