hotel,star,review,date,price,address
대전 용문 스테이큐,5,"비대면 체크인이라던지 온라인 키라던지 뭔가 신세계였습니당.
객실이 막 엄청 예쁘고 좋은 건 아니지만 👍🏻금연에 진심인 사장님이세요👍🏻
금연객실이라고 해놓고 담배냄새 나는 경우가 많았는데 정말 하나도 냄새 안났고, 금연이라고 문자도 여러번 왔어요. (사실인지는 모르겠지만 흡연시 그 방은 냄새 빼느라 며칠은 판매 못한다고 하시더라구요)
콘센트 위치도 침대에 딱 있어서 너무 좋았고 전기장판도 있어서 따뜻하게 잘 잤어요. 
전반적으로 잠에 충실한 객실이고 비록 주차장은 좀 좁았으나 너무 만족스러웠습니다. 금연객실 정말 최고...👍🏻",2023.10.31,"24,750",대전광역시 서구 계룡로636번길 14-15 (용문동)
대전 용문 스테이큐,5,"진짜 최고예요🫶 프론트 들어가자마자 직원분(?) 너무 감사할정도로 친절해서 기분이 좋았어요
이렇게 친절하신분 처음이예요...🫢💕
객실 들어와서 방 확인했을때도 깔끔하고 깨끗하고 모텔/호텔 그런느낌이 아니라 집같은 편안한 느낌이라서 또 한번 더 감탄했네요🖤 
남자친구랑 저랑 둘다 담배안펴서 금연객실 좋아하는 데
금연객실이여도 조금씩 담배냄새 나는 경우 있는데 여긴 담배냄새 하나도 안나서 더 만족했습니다👍💕
일회용품도 보통은 1개씩 들어있는 데 폼클렌징이나 여성청결제 쉐이빙폼 등등 이런것도 다 2개씩 있어서 놀랐어요! 재방문의사 100프로예요✨️ 한가지 아쉬웠던 점이 있다면 TV틀었는데 소리 최대로 볼륨키웠는데 소리가 안들릴 정도로 작아서 전화로 문의하려다가 그냥 안봤어요ㅋㅋㅋㅋ 저는 평소에 티비 잘 안봐서 크게 불편하진 않았어요",2024.05.11,"24,750",대전광역시 서구 계룡로636번길 14-15 (용문동)
대전 용문 스테이큐,5,"입실하자마자 객실이 너무 깨끗하고 쾌적해서 관리가 잘된 숙소구나 했어요!
티비도 큼지막하고 어메니티도 충실하고 수압도 짱짱하니 너무 좋았어요ㅎㅎ
저렴한 가격에 이 정도로 만족스럽게 쉬고 올 수 있어서 최고였어요!
성심당 롯데점이랑 완전 가깝고 주변에 먹을거리도 많아서 전혀 불편함 없이 잘 놀다 왔습니다~
다음에 또 대전 방문할 일 있으면 꼭 다시 예약하고 쉬러가고 싶을 정도~",2024.09.10,"24,750",대전광역시 서구 계룡로636번길 14-15 (용문동)
대전 용문 스테이큐,5,"한시간이나 일찍 도착했는데 바로 입실 시켜주셔서 
감사했습니다~ 감동감동ㅠ♡
그리고 퇴실 할 때 물건 두고 간 것도 먼저 연락 주시고 보관해 주셔서 감사해요 ~ 
저희가 손이 많이 가는 손님이었네요 ㅎㅎ
방도 깨끗하고 넓고 침구류 세탁 향기도 좋았습니다
조명도 좋고 ~ 티비가 어찌나 큰지 영화관 같았어요
재방문 의사 100프로 입니다 ^^!",2024.01.16,"24,750",대전광역시 서구 계룡로636번길 14-15 (용문동)
대전 용문 스테이큐,5,"숙소 정말 깔끔합니다 
모텔 특유의 꿉꿉한 냄새도 안 나고요. 
침구랑 수건도 깨끗했어요. 
사장님도 정말 정말 친절하셔서 원래는 다른 장소에서 대실 하려고 했는데, 추가 예약해서 쉬었습니다. 

위치도 택시도 잘 잡히고 괜찮은 것 같고 가격대비해서 잠자리도 너무 편안했습니다. 
사장님 번창하셨으면 좋겠습니다 ~~!!",2024.05.11,"24,750",대전광역시 서구 계룡로636번길 14-15 (용문동)
대전 용문 스테이큐,5,"청결 친절도 최고에요!! 이렇게 깨끗한곳 대전에서 거의 처음인듯 사장님 관리에 진심이신듯!ㅎㅎ
주차공간이 적은거빼고는 대만족이고 무조건 재방문의사 10000%입니당ㅎ",2024.03.22,"24,750",대전광역시 서구 계룡로636번길 14-15 (용문동)
대전 용문 스테이큐,5,"무인이었는데 프론트가 생겼더라구요
직원분 친절하시고 좋았어요
고데기도 프론트에 여쭤보면 대여해주십니다
객실도 좀 리모델링이 된건지 티비가 전에보다 더 커진둣해요
다만 보일러가 꺼져있어서 너무 추웠어요ㅠㅠ
그리고 바닥만 따뜻해져서 공기가 너무 차가웠습니당
그거말곤 만족쓰~ㅎㅎ",2024.01.02,"24,750",대전광역시 서구 계룡로636번길 14-15 (용문동)
대전 용문 스테이큐,5,"대전여행갔는데 첫 객실에서 담배냄새가 나서 룸 바꿔달라고 요청하니까 친절하게 응해주시고 업그레이드도 해주셨습니다. 청결은 말할 것도 없고, 프론트 직원 분이 아주 굉장히 엄청나게 친절하십니다. 정말 만족스러운 숙소였습니다.",2024.07.30,"24,750",대전광역시 서구 계룡로636번길 14-15 (용문동)
대전 용문 스테이큐,5,"프런트직원분 너무 친절하셨고 담배냄새도 하나도 안나고 방도 넓고 너무 깨끗했어요
다만 제가 묶은 방 위치가 옆 모텔과 너무 가깝게 붙어있어서 방음이 너무 안되서 잠들기 쉽지 않았네요 
개선할 수가 없는 방법이다보니 좀 아쉬웠습니다",2024.05.12,"24,750",대전광역시 서구 계룡로636번길 14-15 (용문동)
대전 용문 스테이큐,5,"금연객실이라 해도 다 담배냄새 났는데 여긴 하나도 안 났어요
들어갔는데 후끈하게 방이 데워져있어서 너무 좋았습니다!!
굉장히 깔끔하고 깨끗했어요
+티비가 침대만 해요 엄청 커요
무조건 재방문 의사 있습니다!",2024.03.01,"24,750",대전광역시 서구 계룡로636번길 14-15 (용문동)
대전 용문 스테이큐,5,"역시나 아주 큰 TV,, 대만족
처음 방에 들어갔을 때 담배냄새 나서 카운터에 문의했더니 바로 바꿔주시면서 친절하게 응대해주셨습니다!
청결하고 방음 잘 되서 좋아요~~!",2024.04.15,"24,750",대전광역시 서구 계룡로636번길 14-15 (용문동)
대전 용문 스테이큐,5,직원분들 너무너무 친절하셔서 기분이 좋았고 숙소가 엄청 청결하고 쾌적해요!! 수압도 너무 좋구 근처에 술집이나 가게들 많아서 위치도 너무 좋았어요 ㅎㅎ 대전와서 좋은 추억 남기다 갑니다☺️,2024.08.04,"24,750",대전광역시 서구 계룡로636번길 14-15 (용문동)
대전 용문 스테이큐,5,출장이 많아 여러 숙소를 많이 이용하는 편인데 이번엔 손에 꼽을 정도로 너무 좋았습니다. 사장님도 좋고 숙소도 완벽하네요! 다음에 또 재방문의사 있습니다!!,2024.03.09,"24,750",대전광역시 서구 계룡로636번길 14-15 (용문동)
대전 용문 스테이큐,5,"객실도 너무 깔끔하고 가본 모텔 중 단연 최고였어요...!
심지어 방도 업그레이드 해주셔서 너무 좋은 방을 이용했습니다 너무 만족스러워서 자주 방문할 것 같아요👍👍",2024.06.12,"24,750",대전광역시 서구 계룡로636번길 14-15 (용문동)
대전 용문 스테이큐,5,조금 추운 거 빼고는 다 좋았어요!! 방음도 꽤 잘 되는 편이고 주변 상가도 잘 되있어서 놀러다니기 딱 좋은 자리입니당 다음에 예약할 의향 매우 있습니다!,2024.03.01,"24,750",대전광역시 서구 계룡로636번길 14-15 (용문동)
대전 용문 스테이큐,5,완전 좋아요 방도 개별난방 가능하고 온수랑 수압 진짜 최고 👍👍 주차가 쪼금 아쉬운데 그래도 커버할만큼 굳,2024.02.08,"24,750",대전광역시 서구 계룡로636번길 14-15 (용문동)
대전 용문 스테이큐,5,"객실도 너무 깔끔하고 여자친구가 담배냄새에 민감한데 냄새도 하나도 안나서 좋았고
적당히 따뜻하고 물도 수압이쎄서 야무졌습니다
다들 스테이큐 ㄱ ㄱ~",2024.01.15,"24,750",대전광역시 서구 계룡로636번길 14-15 (용문동)
대전 용문 스테이큐,5,담배냄세 싫어해서 블로그 검색하다 사장님이 담배에 진심이라하셔서 갔는데 정말 담배냄세 1도 안나서 좋았습니다 방도 깨끗하고 좋았습니다,2024.09.02,"24,750",대전광역시 서구 계룡로636번길 14-15 (용문동)
대전 용문 스테이큐,5,"사진을 못찍어놔서 아쉽네요
여태 이용한 숙소중에 가장 깨끗했고 담배냄새도 정말 하나도 안나고 공간도 넓어서 편안하게 쉬다가 왔습니다.",2024.05.02,"24,750",대전광역시 서구 계룡로636번길 14-15 (용문동)
대전 용문 스테이큐,5,"이번에 야구투어하면서 3곳의 숙소를 들렸는데, 남자친구가 픽한 최고의 숙소입니다.
커텐이 너무 완벽해요. 최고의 취침환경을 만들어주셔서 즐겁게 여행다녔습니다!",2024.08.15,"24,750",대전광역시 서구 계룡로636번길 14-15 (용문동)
대전 용문 스테이큐,5,"최근 지냈던 숙소중에 가장 좋았습니다.
어메니티도 깔끔하게 구비되어있고, 특히나 로비에 계신 직원분이 정말 친절했어요
편하게 잘 쉬었습니다 :)",2024.08.06,"24,750",대전광역시 서구 계룡로636번길 14-15 (용문동)
대전 용문 스테이큐,5,"인생 숙소 탕탕!! 편하게 쉬었고 잘 머물다가 갑니다!!
여행온 것 같은 기분 내려고 넓은 방 골랐는데 거실 티비 거의 뭐 영화관 크으
숙소 고르는 기준이 청결이랑 소음인데 뭐 하나 문제가 없어서 너무 잘 자고 갑니다
당연히 깨끗했고 소파도 너무 푹신깨끗했어요
바깥소음, 층간소음 안들리는거 진짜 너무 좋았어요ㅠ
화장실 수압 갱장히 좋고 따뜻한물 콸콸콸 세면대도 안막혀요
웰컴푸드랑 드링크도 감사했습니댱
아침엔 필요한 물품 비치해놨다고 문자로도 알려주시고 서비스가 친절해서 너무 만족했습니다
다음에 또 올게여🫶🏽",2023.06.24,"24,750",대전광역시 서구 계룡로636번길 14-15 (용문동)
대전 용문 스테이큐,5,"전부 무인으로 되어있는데 전혀 불편함 없게 잘 만드신 것 같아요 체크인은 키오스크로, 체크아웃 및 1층입구+객실문까지 스마트키 링크를 보내주셔서 드나드는 사람없이 이용객들만 할 수 있어서 편하고 좋았습니다ㅎㅎ 1층에 비품 추가로 가져갈 수 있게 전부 구비되어 있고 엘레베이터 공사중에 이용해서 현금 오천원과 코카콜라 프링글스에 작은 편지까지 감동이였어요 ㅠㅠ 잘 쉬다 갑니다
고데기 없는게 유일한 아쉬움 !!",2023.06.29,"24,750",대전광역시 서구 계룡로636번길 14-15 (용문동)
대전 용문 스테이큐,5,"이 가격에 이 가성비 최고 만족입니다.
모텔에서 중요한 3박자인
1. 청결 만족
2. 물 수압 및 화장실 상태 만족
3. 서비스 친절도에 대한 부분은 비대면이라 확인은 못했지만
위 1,2번이 엄청난 장점이네요 냄새도 안나고 깨끗해서 너무 편히 쉬었습니다.
근처 모텔들은 냄새난다는평이 많아서 뒤지고 뒤져서 예약했는데 하길 잘 했어요.",2023.08.05,"24,750",대전광역시 서구 계룡로636번길 14-15 (용문동)
대전 용문 스테이큐,5,"평소 대전에서 숙소를 많이 이용했는데, 저번에 왔다가 방이 청결하고 센스 있어서 다시 들렀어요!
특유의 모텔 느낌보다는 정말 방 느낌이어서 좋았어요. 대실 없이 숙박만 운영하셔서인지 전체적으로 깔끔하고 꿉꿉한 냄새도 안 났어요. 세심하게 신경쓰신 게 느껴지는 숙소였습니다. 방에 준비되어있던 프링글스랑 음료도 잘 먹었습니다☺️",2023.06.25,"24,750",대전광역시 서구 계룡로636번길 14-15 (용문동)
대전 용문 스테이큐,4,"방음도 괜찮고 수압도 엄청 쌔고 비품도 좋네요
그런데 외풍이 들어서 공기가 춥습니다
또 강력한 불빛을 창문에 비춰둬서 밤인데도 불구하고 낮에 커튼치고 자는 느낌이네요 
이건 문제가 있는듯 합니다",2022.11.06,"24,750",대전광역시 서구 계룡로636번길 14-15 (용문동)
대전 용문 스테이큐,5,사람 한명 부딪힐 필요 없이 체크인하고 신분증 확인하고 스마트폰으로 문열고 조명 제어까지! 신세계였어요! 앞으로 이런거 적용된 숙소가 더 많아지면 좋겠다는…,2022.11.05,"24,750",대전광역시 서구 계룡로636번길 14-15 (용문동)
대전 용문 스테이큐,4,방바닥이 보일러가 안되서 좀 추웠고 침대 장판이 있어서다행이였아요 아침시간에 사람들이 많이 씻으면 뜨거운물이 안나오는것 말고는 청결하고 사장님도 친절하시고 다 좋았습니다!,2022.10.31,"24,750",대전광역시 서구 계룡로636번길 14-15 (용문동)
대전 용문 스테이큐,5,"리뷰가 없어서 혹시나 했는데 
비대면 체크인 cctv신분증 확인을 합니다 
객실 최고 가격 최고 입니다 
재방문 합니다",2023.06.02,"24,750",대전광역시 서구 계룡로636번길 14-15 (용문동)
대전 용문 스테이큐,5,"방 업그레이드도 해주시고, 더도 말고 덜도 말고 그냥 깨끗한거 원한다~ 여기, 담배 냄새 걱정 없음!! 친절하시고 좋아요",2024.06.04,"24,750",대전광역시 서구 계룡로636번길 14-15 (용문동)
대전 용문 스테이큐,5,비대면 체크인이라 매우 신기하고 편했고요. 객실 상태 매우 좋고 이뻐서 재방문의사 있습니다~,2023.07.10,"24,750",대전광역시 서구 계룡로636번길 14-15 (용문동)
대전 용문 스테이큐,5,아늑한 공간에 깔끔하게 되어 있어서 편안하게 쉬고 갔습니다. 딱 필요한 물품에 시설이 구비되어 있어서 불편한 점이 없었어요,2024.05.16,"24,750",대전광역시 서구 계룡로636번길 14-15 (용문동)
대전 용문 스테이큐,5,욕조가 일반 욕조보다 조금 작아서 아쉬웠지만 객실 넓고 깨끗하고 무엇보다 담배냄새 안 나서 너무 좋았습니다!,2024.02.05,"24,750",대전광역시 서구 계룡로636번길 14-15 (용문동)
대전 용문 스테이큐,5,폰으로 다 해결되어서 좋긴 한데 맨 처음 예약 확인할때 빼곤 다 편하고 편의점도 앞에있고 따뜻하게 잠도 잘수있어서 좋았어요!,2022.11.30,"24,750",대전광역시 서구 계룡로636번길 14-15 (용문동)
대전 용문 스테이큐,5,"숙소가 깔끔해서 좋았어요
아쉬운점은 커피포트가없어서 1층까지내려가서 뜨거운물을 받아야해서 조금 불편해요",2024.05.21,"24,750",대전광역시 서구 계룡로636번길 14-15 (용문동)
대전 용문 스테이큐,5,혼자 여행가서 편안히 잘 쉬었어요. 직원분들도 다들 친절하셨고 방에 중문이 있어서 조용히 지내기도 좋았습니다. 추천!,2024.09.18,"24,750",대전광역시 서구 계룡로636번길 14-15 (용문동)
대전 용문 스테이큐,4,"대전 볼 일 있어서 갔다가 편하게 잘 쉬다갑니다
성심당 가까워서 좋아요
룸 컨디션 괜찮습니다",2024.06.20,"24,750",대전광역시 서구 계룡로636번길 14-15 (용문동)
대전 용문 스테이큐,5,엄청 친절하시고 무인시스템도 너무 맘에 들었습니다. 방도 깨끗해서 다음에 오면 또 이용하고 싶네요,2023.09.20,"24,750",대전광역시 서구 계룡로636번길 14-15 (용문동)
대전 용문 스테이큐,5,"여기는 갈때마다 정말 깨끗하고 깔끔해요.
담배냄새도 전혀 안나고 정말 갈때마다 깔끔해서 좋네요.",2024.06.27,"24,750",대전광역시 서구 계룡로636번길 14-15 (용문동)
대전 용문 스테이큐,5,"대전 롯데백화점 5분거리에 위치한
스테이Q 모텔.

장점.

1. 작은 동화속에 나올법한 객실.
 알록 달록 아기자기한 인테리어.

2. 카운터직원분 굉장히 친절해요.

3. 대형 TV 요건 진심 좋아용.

4. 작은방이니 만큼 사랑하는 여친과
 꽁냥꽁냥 할수 있는 기회가~~^^

5. 입구 카운터에 비품 및 자판기 젠가 퍼즐
 놀이기구들이 있어요.

6. 금연시설이라 방 내부는 정말깨끗해요.

7. 비품이 모자르면 입구에서 살포시... 

8.직원분이 진짜 친절하심..

9.주말가성비 짱 5시간..",2024.11.02,"24,750",대전광역시 서구 계룡로636번길 14-15 (용문동)
대전 용문 스테이큐,4,"무엇보다 친철하신게 눈에 띄네요
객실 청결은 나쁘지 않았는데 컨디션은 좀 꿉꿉한 느낌이었습니다.
환기가 잘 안되어 좀 습한 느낌
비가 많이 와서 그런것도 있겠네요
비품도 있을건 다 있었습니다",2024.07.19,"24,750",대전광역시 서구 계룡로636번길 14-15 (용문동)
대전 용문 스테이큐,2,친절한 카운터분들 덕분에 잘 입실했고 청소상태도 좋았지만 객실 냉장고에서 계속 물이 새어나와서 바닥에 많이 퍼져 있어서 양말이 다 젖었고 밤새 냉장고 소리에 중간중간 계속 깰수밖에 없었습니다.,2024.07.20,"24,750",대전광역시 서구 계룡로636번길 14-15 (용문동)
대전 용문 스테이큐,4,무난하게 괜찮은 숙소였습니다. 깔끔하고 친절하시고. 다만 침대가 편안한 침대는 아니고 사진만큼 넓은 숙소는 아니였습니다. 그래도 잘 묵고 갑니다!,2024.07.29,"24,750",대전광역시 서구 계룡로636번길 14-15 (용문동)
대전 용문 스테이큐,3,직원분들은 정말 친절하시고 괜찮았는데 아무래도 근처 숙박 업소들에 비해 좀 노후한 감이 있어요.. 그치만 정말 싼가격에 잠깐 왔다가는거라면 나쁘지 않다 생각합니다,2024.07.30,"24,750",대전광역시 서구 계룡로636번길 14-15 (용문동)
대전 용문 스테이큐,4,"정말 친절하시고 너무 좋았습니다. 다만 처음에는 담배 냄새가 전혀 나지 않았는데, 새벽부터 냄새가 올라와서 조금 힘들었어요",2024.06.01,"24,750",대전광역시 서구 계룡로636번길 14-15 (용문동)
대전 용문 스테이큐,5,"여기 전에도 몇번 이용했었고 비싼 돈 값어치 충분히 해서 매우 만족했는데 단점을 굳이 뽑자면 소파가 너무 푹신해서 장시간 앉아있기 불편했고 이용할수있는 ott가 넷플릭스 뿐이라 좀 아쉬웠어요.
나중에라도 왓챠같은 다른 ott을 다양하게 제공해주시거나 tv 미러링이 됐으면 좋겠어요",2024.03.31,"24,750",대전광역시 서구 계룡로636번길 14-15 (용문동)
대전 용문 스테이큐,5,"야놀자에서 예약할때 퇴실 오후3시로 확인하고 예약했고, 모바일키 받았을 때도 오후3시더라구요. 그래서 맘 편하게 쉬고 있었는데 오후12시퇴실이라고 문자가 왔어요. 확인 전화하니 원래는 12시퇴실이 맞는데 전산오류가 있었는지 3시까지라고 되어있었다더라구요. 그래도 3시까지 이용하라고 안내주셔서 편히 잘 쉬었습니다. :)
그런데 퇴실준비하는 도중에 오후2시3-40분쯤 비밀번호를 누르고 누가 밖에서 문을 여는 소리가 들리더라구요. 너무 당황했습니다. ㅠㅠ 다행히 사람이 있는걸 인지하시고는 들어오지는 않으셨지만 청소하는분들께는 전달이 안되어서 그런것같아요. 이부분빼고는 룸컨디션도 좋았고, 침실과 거실로 분리되어있어서 더 좋더라구요.",2023.07.03,"24,750",대전광역시 서구 계룡로636번길 14-15 (용문동)
대전 용문 스테이큐,3,"3개의 객실이 남아서 예약했는데 갑자기 방이
없다고 하고 한단계 내려서 이용가능하다고 해서 그냥
했는데 그방은 전기장판이 고장서 더 낮은 방을
이용하라고 했는데 이 과정에서 연락이나 일 처리 속도가 너무 늦습니다.",2023.11.26,"24,750",대전광역시 서구 계룡로636번길 14-15 (용문동)
대전 용문 스테이큐,4,절대금연이라고 하셔서 예약했는데.. 랜덤으로 주신 방이 2층이라.. 밖에서 담배냄새가 들어오는건지.. ㅠㅠ 새벽에도 냄새나고.. 소음이 있고.. 그래서 예정보다 일찍 나왔습니다.. ㅠㅠ,2024.02.19,"24,750",대전광역시 서구 계룡로636번길 14-15 (용문동)
대전 용문 스테이큐,5,객실이 깨끗하고 좋았어요~,2024. 11. 13,"24,750",대전광역시 서구 계룡로636번길 14-15 (용문동)
대전 용문 스테이큐,5,객실이 깨끗하고 좋았어요~,2024. 11. 13,"24,750",대전광역시 서구 계룡로636번길 14-15 (용문동)
대전 용문 스테이큐,5,가성비 좋은 것 같아요 바로 앞에 성심당도 있어서 좋아요,2024. 11. 13,"24,750",대전광역시 서구 계룡로636번길 14-15 (용문동)
대전 용문 스테이큐,5,잘 쉬다 갑니다요ㅎㅎ,2024.10.31,"24,750",대전광역시 서구 계룡로636번길 14-15 (용문동)
대전 용문 스테이큐,5,잘 쉬다가 갑니다요,2024.10.26,"24,750",대전광역시 서구 계룡로636번길 14-15 (용문동)
대전 용문 스테이큐,5,좋아요 깔끔해요 주차장만 넓으면 더 좋았을텐데 아쉬워요,2024.10.21,"24,750",대전광역시 서구 계룡로636번길 14-15 (용문동)
대전 용문 스테이큐,5,감사합니다감사합니다,2024.10.07,"24,750",대전광역시 서구 계룡로636번길 14-15 (용문동)
대전 용문 스테이큐,5,친절하셔서 좋았어요 😃😃😃,2024.10.02,"24,750",대전광역시 서구 계룡로636번길 14-15 (용문동)
대전 용문 스테이큐,5,매우 쾌적하고 좋았습니다,2024.09.27,"24,750",대전광역시 서구 계룡로636번길 14-15 (용문동)
대전 용문 스테이큐,5,"무인이였는데 바꼈더라구용 사장님 침절하셔용
근데 방에 담배냄새 너무났어요 ㅠㅠㅠㅠ",2024.09.22,"24,750",대전광역시 서구 계룡로636번길 14-15 (용문동)
대전 용문 스테이큐,5,"객실, 화장실 냄새도 안나고 무엇보다 깔끔해서 좋았습니다.",2024.09.19,"24,750",대전광역시 서구 계룡로636번길 14-15 (용문동)
대전 용문 스테이큐,4,리모델링을 한지 얼마 안되었는지 깨끗하게 묵고간 숙소였습니다.,2024.09.15,"24,750",대전광역시 서구 계룡로636번길 14-15 (용문동)
대전 용문 스테이큐,5,"방음이 잘 되는 편은 아니지만
손님들 수준이 괜찮아서
그리 걱정되는 정도는 아닙니다",2024.09.09,"24,750",대전광역시 서구 계룡로636번길 14-15 (용문동)
대전 용문 스테이큐,5,깔끔하고 좋아요 편의점도 근처에 있어서 굿,2024.09.08,"24,750",대전광역시 서구 계룡로636번길 14-15 (용문동)
대전 용문 스테이큐,5,감사히 잘 있다가 갑니다,2024.09.06,"24,750",대전광역시 서구 계룡로636번길 14-15 (용문동)
대전 용문 스테이큐,2,"카운터 직원분들 친절하시고, 항상 이용하면서 방 업그레이드 해주셔서 이용 잘 했어요",2024.09.02,"24,750",대전광역시 서구 계룡로636번길 14-15 (용문동)
대전 용문 스테이큐,5,항상 최고로 친절한 인포👍👍,2024.08.29,"24,750",대전광역시 서구 계룡로636번길 14-15 (용문동)
대전 용문 스테이큐,5,출장중에 잘 묵고 갑니다,2024.08.21,"24,750",대전광역시 서구 계룡로636번길 14-15 (용문동)
대전 용문 스테이큐,5,깨끗하고 좋아요~~추천추천 입니다.,2024.07.27,"24,750",대전광역시 서구 계룡로636번길 14-15 (용문동)
대전 용문 스테이큐,5,깨끗하고 좋아요~~그리고 엄청 친절하세요~~,2024.07.24,"24,750",대전광역시 서구 계룡로636번길 14-15 (용문동)
대전 용문 스테이큐,5,대전 오면 여기만 가요,2024.07.21,"24,750",대전광역시 서구 계룡로636번길 14-15 (용문동)
대전 용문 스테이큐,5,여기가 최고임다 여기로 가새요,2024.07.21,"24,750",대전광역시 서구 계룡로636번길 14-15 (용문동)
대전 용문 스테이큐,5,굿굿굿굿굿구숙숙숫ㅅ구숙숙숛,2024.07.15,"24,750",대전광역시 서구 계룡로636번길 14-15 (용문동)
대전 용문 스테이큐,4,"직원분이 굉장히 친절해요
무난했어요",2024.07.15,"24,750",대전광역시 서구 계룡로636번길 14-15 (용문동)
대전 용문 스테이큐,5,카운터 직원분들 잘생기고 넘 친절...👍👍,2024.07.11,"24,750",대전광역시 서구 계룡로636번길 14-15 (용문동)
대전 용문 스테이큐,5,"항상 자주가는곳인데 갈때마다 깨끗해서 좋습니다.
항상 친절하시기도 해요~~",2024.07.08,"24,750",대전광역시 서구 계룡로636번길 14-15 (용문동)
대전 용문 스테이큐,5,사장님 너무 친절하시고 숙소도 깔끔하니 좋아요❤️,2024.07.07,"24,750",대전광역시 서구 계룡로636번길 14-15 (용문동)
대전 용문 스테이큐,5,항상잘쉬다갑니다ㅎㅎ,2024.07.02,"24,750",대전광역시 서구 계룡로636번길 14-15 (용문동)
대전 용문 스테이큐,5,항상잘쉬다갑니다ㅎㅎ,2024.07.02,"24,750",대전광역시 서구 계룡로636번길 14-15 (용문동)
대전 용문 스테이큐,5,숙소의 모두 모두가 참 좋았어요.,2024.06.27,"24,750",대전광역시 서구 계룡로636번길 14-15 (용문동)
대전 용문 스테이큐,5,항상 잘 쉬다갑니다,2024.06.24,"24,750",대전광역시 서구 계룡로636번길 14-15 (용문동)
대전 용문 스테이큐,5,항상 잘 쉬다갑니다,2024.06.19,"24,750",대전광역시 서구 계룡로636번길 14-15 (용문동)
대전 용문 스테이큐,5,항상 잘 쉬다갑니다,2024.06.19,"24,750",대전광역시 서구 계룡로636번길 14-15 (용문동)
대전 용문 스테이큐,5,후기 좋아서 마음놓고 예약했는데 역시 굿이었습니다👍,2024.06.16,"24,750",대전광역시 서구 계룡로636번길 14-15 (용문동)
대전 용문 스테이큐,5,사장님 너무 친절하세요~,2024.06.09,"24,750",대전광역시 서구 계룡로636번길 14-15 (용문동)
대전 용문 스테이큐,5,완전 좋았어요 최고입니다,2024.06.08,"24,750",대전광역시 서구 계룡로636번길 14-15 (용문동)
대전 용문 스테이큐,5,항상 편히 있다갑니다,2024.06.08,"24,750",대전광역시 서구 계룡로636번길 14-15 (용문동)
대전 용문 스테이큐,5,항상 잘 쉬다갑니다,2024.06.04,"24,750",대전광역시 서구 계룡로636번길 14-15 (용문동)
대전 용문 스테이큐,5,항상 잘 쉬다갑니다,2024.06.04,"24,750",대전광역시 서구 계룡로636번길 14-15 (용문동)
대전 용문 스테이큐,5,조용하고 괜찬항요 ㅇㅇ,2024.05.30,"24,750",대전광역시 서구 계룡로636번길 14-15 (용문동)
대전 용문 스테이큐,5,"사장님이 친절하시고 항상 잘
이용중입니다",2024.05.29,"24,750",대전광역시 서구 계룡로636번길 14-15 (용문동)
대전 용문 스테이큐,5,최고입니다!!!!!!,2024.05.27,"24,750",대전광역시 서구 계룡로636번길 14-15 (용문동)
대전 용문 스테이큐,5,편히 잘 쉬었습니다~^^,2024.05.23,"24,750",대전광역시 서구 계룡로636번길 14-15 (용문동)
대전 용문 스테이큐,5,방음도 잘 되고 깨끗했어요,2024.05.22,"24,750",대전광역시 서구 계룡로636번길 14-15 (용문동)
대전 용문 스테이큐,5,항상 잘 쉬다갑니다,2024.05.20,"24,750",대전광역시 서구 계룡로636번길 14-15 (용문동)
대전 용문 스테이큐,5,항상 잘 쉬다갑니다,2024.05.20,"24,750",대전광역시 서구 계룡로636번길 14-15 (용문동)
대전 용문 스테이큐,5,"용문역, 성심당 롯데점으로부터 접근성이 좋아요.
담배 냄새 안 나서 좋아요!",2024.05.18,"24,750",대전광역시 서구 계룡로636번길 14-15 (용문동)
대전 용문 스테이큐,5,깔끔하고 티비가 커서좋아요,2024.05.18,"24,750",대전광역시 서구 계룡로636번길 14-15 (용문동)
대전 용문 스테이큐,5,재방문 의사 오만퍼센트,2024.05.14,"24,750",대전광역시 서구 계룡로636번길 14-15 (용문동)
대전 용문 스테이큐,5,사장님 너무 친절하시고 객실도 너무 깔끔해요!,2024.05.14,"24,750",대전광역시 서구 계룡로636번길 14-15 (용문동)
대전 용문 스테이큐,5,넘넘 깨끗해요 만족,2024.05.13,"24,750",대전광역시 서구 계룡로636번길 14-15 (용문동)
대전 용문 스테이큐,5,항상 잘 쉬다갑니다,2024.05.11,"24,750",대전광역시 서구 계룡로636번길 14-15 (용문동)
대전 용문 스테이큐,5,항상 잘 쉬다갑니다,2024.05.11,"24,750",대전광역시 서구 계룡로636번길 14-15 (용문동)
대전 용문 스테이큐,5,깨끗하고좋아요++ 감사합니다,2024.05.06,"24,750",대전광역시 서구 계룡로636번길 14-15 (용문동)
대전 용문 스테이큐,5,다락방 같이 아늑한 느낌이었어요. 침대랑 배게가 푹신해서 잘 쉬었다가 가요!,2024.05.03,"24,750",대전광역시 서구 계룡로636번길 14-15 (용문동)
대전 용문 스테이큐,5,급하게 잡은 숙소였는데 후기보니 후기대로였구 너무 마음에 들어요.,2024.04.26,"24,750",대전광역시 서구 계룡로636번길 14-15 (용문동)
대전 용문 스테이큐,4,가격 대비 좋습니다,2024.04.26,"24,750",대전광역시 서구 계룡로636번길 14-15 (용문동)
대전 용문 스테이큐,4,가격 대비 좋습니다,2024.04.26,"24,750",대전광역시 서구 계룡로636번길 14-15 (용문동)
대전 용문 스테이큐,4,가격 대비 좋습니다,2024.04.26,"24,750",대전광역시 서구 계룡로636번길 14-15 (용문동)
대전 용문 스테이큐,4,가격 대비 좋습니다,2024.04.26,"24,750",대전광역시 서구 계룡로636번길 14-15 (용문동)
대전 용문 스테이큐,4,가격 대비 좋습니다.,2024.04.26,"24,750",대전광역시 서구 계룡로636번길 14-15 (용문동)
대전 용문 스테이큐,5,방은 작지만 객실 내부는 깔끔하고 좋았어요,2024.04.20,"24,750",대전광역시 서구 계룡로636번길 14-15 (용문동)
대전 용문 스테이큐,5,"여긴 정말 객실이 깨끗하고 화장실도 깨끗해요~~
시설도 깔끔하니 좋네요~~~",2024.04.19,"24,750",대전광역시 서구 계룡로636번길 14-15 (용문동)
대전 용문 스테이큐,5,꺌끔하고 티비가 커서 좋았어요,2024.04.18,"24,750",대전광역시 서구 계룡로636번길 14-15 (용문동)
대전 용문 스테이큐,5,"대전에서 친절과 청결은 1등!!
또 갈께요ㅎ",2024.04.14,"24,750",대전광역시 서구 계룡로636번길 14-15 (용문동)
대전 용문 스테이큐,5,좋았습니다,2024.04.10,"24,750",대전광역시 서구 계룡로636번길 14-15 (용문동)
대전 용문 스테이큐,5,편했습니다,2024.04.09,"24,750",대전광역시 서구 계룡로636번길 14-15 (용문동)
대전 용문 스테이큐,5,"깔끔하고 좋았어요
샤워기 물도 잘 나와요",2024.04.08,"24,750",대전광역시 서구 계룡로636번길 14-15 (용문동)
대전 용문 스테이큐,5,아담하고 깔끔한 방이에요 레알 금연 객실이라서 좋았어요,2024.04.07,"24,750",대전광역시 서구 계룡로636번길 14-15 (용문동)
대전 용문 스테이큐,5,좋았어요~,2024.04.07,"24,750",대전광역시 서구 계룡로636번길 14-15 (용문동)
대전 용문 스테이큐,4,또 오고 싶어요,2024.04.06,"24,750",대전광역시 서구 계룡로636번길 14-15 (용문동)
대전 용문 스테이큐,5,좋았어요 친절하시고 방도 아담하니 청결도 향도 좋았어요 다음에 또 올 의사있어요,2024.04.05,"24,750",대전광역시 서구 계룡로636번길 14-15 (용문동)
대전 용문 스테이큐,5,대전 놀러가서 하루 잘라고 갔는데 하룻밤 더 자고싶을 정도로 편했어요 감사합니당,2024.04.04,"24,750",대전광역시 서구 계룡로636번길 14-15 (용문동)
대전 용문 스테이큐,5,좋았습니다,2024.04.04,"24,750",대전광역시 서구 계룡로636번길 14-15 (용문동)
대전 용문 스테이큐,5,너무 편안하고 좋아요,2024.04.02,"24,750",대전광역시 서구 계룡로636번길 14-15 (용문동)
대전 용문 스테이큐,5,푹 쉬다가 갑니다,2024.04.02,"24,750",대전광역시 서구 계룡로636번길 14-15 (용문동)
대전 용문 스테이큐,5,잘 쉬다가 가요ㅎ,2024.04.02,"24,750",대전광역시 서구 계룡로636번길 14-15 (용문동)
대전 용문 스테이큐,5,감사합니다,2024.04.02,"24,750",대전광역시 서구 계룡로636번길 14-15 (용문동)
대전 용문 스테이큐,4,따뜻하고 깨끗하게 푹자다가요,2024.03.28,"24,750",대전광역시 서구 계룡로636번길 14-15 (용문동)
대전 용문 스테이큐,4,깨끗하고 좋은곳입니당,2024.03.28,"24,750",대전광역시 서구 계룡로636번길 14-15 (용문동)
대전 용문 스테이큐,5,깔끔하고 좋아요,2024.03.28,"24,750",대전광역시 서구 계룡로636번길 14-15 (용문동)
대전 용문 스테이큐,4,감사합니다,2024.03.25,"24,750",대전광역시 서구 계룡로636번길 14-15 (용문동)
대전 용문 스테이큐,5,너무 잘 쉬었어요,2024.03.22,"24,750",대전광역시 서구 계룡로636번길 14-15 (용문동)
대전 용문 스테이큐,5,항상 잘쉬다 가요ㅎㅎ,2024.03.22,"24,750",대전광역시 서구 계룡로636번길 14-15 (용문동)
대전 용문 스테이큐,4,감사합니다,2024.03.18,"24,750",대전광역시 서구 계룡로636번길 14-15 (용문동)
대전 용문 스테이큐,5,포켓몬고 체육관이 3개나 있어요!,2024.03.14,"24,750",대전광역시 서구 계룡로636번길 14-15 (용문동)
대전 용문 스테이큐,5,좋았습니다.,2024.03.14,"24,750",대전광역시 서구 계룡로636번길 14-15 (용문동)
대전 용문 스테이큐,4,깨끗하고 좋은곳입니다,2024.03.09,"24,750",대전광역시 서구 계룡로636번길 14-15 (용문동)
대전 용문 스테이큐,5,출장올때마다와용 이번엔 씨끄러버서 잠을설침,2024.03.09,"24,750",대전광역시 서구 계룡로636번길 14-15 (용문동)
대전 용문 스테이큐,4,자주출장갈때마다가는곳,2024.03.08,"24,750",대전광역시 서구 계룡로636번길 14-15 (용문동)
대전 용문 스테이큐,5,깔끔하고좋아요,2024.03.05,"24,750",대전광역시 서구 계룡로636번길 14-15 (용문동)
대전 용문 스테이큐,5,깔끔하고좋아요,2024.03.05,"24,750",대전광역시 서구 계룡로636번길 14-15 (용문동)
대전 용문 스테이큐,5,좋아요 방도 따뜻하고 깔끔해요,2024.03.02,"24,750",대전광역시 서구 계룡로636번길 14-15 (용문동)
대전 용문 스테이큐,5,항상 잘 쉬다가요ㅎ,2024.03.01,"24,750",대전광역시 서구 계룡로636번길 14-15 (용문동)
대전 용문 스테이큐,5,깨끗하고 좋아요 다만 조금 건조합니다 ㅠㅠ,2024.03.01,"24,750",대전광역시 서구 계룡로636번길 14-15 (용문동)
대전 용문 스테이큐,5,잘 쉬다 가요ㅎ,2024.02.28,"24,750",대전광역시 서구 계룡로636번길 14-15 (용문동)
대전 용문 스테이큐,5,담배냄새 전혀없고 깨끗하고 있을것만 딱 있어요 ! 빝문추천입니도,2024.02.26,"24,750",대전광역시 서구 계룡로636번길 14-15 (용문동)
대전 용문 스테이큐,5,아늑하니 좋아요!,2024.02.24,"24,750",대전광역시 서구 계룡로636번길 14-15 (용문동)
대전 용문 스테이큐,5,화장실에서 담배냄새만아니면 최고입니다,2024.02.20,"24,750",대전광역시 서구 계룡로636번길 14-15 (용문동)
대전 용문 스테이큐,5,깨끗하고 좋아용,2024.02.19,"24,750",대전광역시 서구 계룡로636번길 14-15 (용문동)
대전 용문 스테이큐,5,혼자 간단히 숙박하기 좋은 방 이었어요,2024.02.19,"24,750",대전광역시 서구 계룡로636번길 14-15 (용문동)
대전 용문 스테이큐,5,가격도 착하고 깔끔하고 냄새 안나고 티비도 커서 너무 좋았네요,2024.02.16,"24,750",대전광역시 서구 계룡로636번길 14-15 (용문동)
대전 용문 스테이큐,5,잘 쉬다갑니닿ㅎ,2024.02.15,"24,750",대전광역시 서구 계룡로636번길 14-15 (용문동)
대전 용문 스테이큐,5,잘 쉬다갑니닿ㅎ,2024.02.15,"24,750",대전광역시 서구 계룡로636번길 14-15 (용문동)
대전 용문 스테이큐,5,잘 쉬다갑니닿ㅎ,2024.02.15,"24,750",대전광역시 서구 계룡로636번길 14-15 (용문동)
대전 용문 스테이큐,5,깨끗하고 깔끔한거 좋아해서 자주이용해요,2024.02.15,"24,750",대전광역시 서구 계룡로636번길 14-15 (용문동)
대전 용문 스테이큐,5,방도 깔끔하고 가성비도 좋아요 잘 쉬다갑니다!!,2024.02.14,"24,750",대전광역시 서구 계룡로636번길 14-15 (용문동)
대전 용문 스테이큐,5,방도 깔끔하고 가성비도 좋아요 잘 쉬다갑니다!‘,2024.02.14,"24,750",대전광역시 서구 계룡로636번길 14-15 (용문동)
대전 용문 스테이큐,5,시설이 깔끔해서 좋아요,2024.02.13,"24,750",대전광역시 서구 계룡로636번길 14-15 (용문동)
대전 용문 스테이큐,5,완전 좋네요,2024.02.13,"24,750",대전광역시 서구 계룡로636번길 14-15 (용문동)
대전 용문 스테이큐,5,"잘쉬다 갑니다~
빗이 아쉬웠어요~^^",2024.02.12,"24,750",대전광역시 서구 계룡로636번길 14-15 (용문동)
대전 용문 스테이큐,3,냄새도 쾌적하고 친절하게 응대해주셔서 잠깐 머물기에는 너무 좋았어요!^^,2024.02.12,"24,750",대전광역시 서구 계룡로636번길 14-15 (용문동)
대전 용문 스테이큐,5,잘 쉬다 갑니다.,2024.02.11,"24,750",대전광역시 서구 계룡로636번길 14-15 (용문동)
대전 용문 스테이큐,5,깨끗하고 좋아요,2024.02.11,"24,750",대전광역시 서구 계룡로636번길 14-15 (용문동)
대전 용문 스테이큐,5,편하게 쉬다가 가요ㅎ,2024.02.10,"24,750",대전광역시 서구 계룡로636번길 14-15 (용문동)
대전 용문 스테이큐,5,항상 잘 쉬ㅣ다가 갑니다ㅎㅎ,2024.02.10,"24,750",대전광역시 서구 계룡로636번길 14-15 (용문동)
대전 용문 스테이큐,3,"따뜻한 모닝커피 한잔이 아쉬운 느낌입니다.
커피포트가 없는 숙소는 첨이라 당황했어요",2024.02.09,"24,750",대전광역시 서구 계룡로636번길 14-15 (용문동)
대전 용문 스테이큐,5,적절합니다,2024.02.07,"24,750",대전광역시 서구 계룡로636번길 14-15 (용문동)
대전 용문 스테이큐,4,택배도 보관해주시고 수압도 세고 난방도 잘 되어있어서 잘 쉬었어요,2024.02.06,"24,750",대전광역시 서구 계룡로636번길 14-15 (용문동)
대전 용문 스테이큐,5,좋았습니다 ~,2024.02.05,"24,750",대전광역시 서구 계룡로636번길 14-15 (용문동)
대전 용문 스테이큐,5,깨끗하고 담배 냄새 안나서 좋았어요,2024.02.04,"24,750",대전광역시 서구 계룡로636번길 14-15 (용문동)
대전 용문 스테이큐,5,너무좋아요!!!,2024.02.01,"24,750",대전광역시 서구 계룡로636번길 14-15 (용문동)
대전 용문 스테이큐,5,자주 이용하는 단골 숙소 청결하고 좋아요,2024.01.31,"24,750",대전광역시 서구 계룡로636번길 14-15 (용문동)
대전 용문 스테이큐,5,자주 이용하는 단골 숙소 청결하고 좋아요,2024.01.31,"24,750",대전광역시 서구 계룡로636번길 14-15 (용문동)
대전 용문 스테이큐,5,서비스 청결 시설 비품 다 만족스럽습니다!,2024.01.29,"24,750",대전광역시 서구 계룡로636번길 14-15 (용문동)
대전 용문 스테이큐,5,늘 좋아요,2024.01.27,"24,750",대전광역시 서구 계룡로636번길 14-15 (용문동)
대전 용문 스테이큐,5,깔끔하고 최고입니다,2024.01.26,"24,750",대전광역시 서구 계룡로636번길 14-15 (용문동)
대전 용문 스테이큐,5,가성비 좋고 청결한 방!,2024.01.21,"24,750",대전광역시 서구 계룡로636번길 14-15 (용문동)
대전 용문 스테이큐,5,별이다섯개,2024.01.19,"24,750",대전광역시 서구 계룡로636번길 14-15 (용문동)
대전 용문 스테이큐,5,아주 좋아요~~,2024.01.15,"24,750",대전광역시 서구 계룡로636번길 14-15 (용문동)
대전 용문 스테이큐,5,너무 좋아요!,2024.01.12,"24,750",대전광역시 서구 계룡로636번길 14-15 (용문동)
대전 용문 스테이큐,5,좋았습니당,2024.01.07,"24,750",대전광역시 서구 계룡로636번길 14-15 (용문동)
대전 용문 스테이큐,5,매주 잘 쉬고갑니다,2024.01.04,"24,750",대전광역시 서구 계룡로636번길 14-15 (용문동)
대전 용문 스테이큐,5,너무 잘 쉬다 갑니다 깔끔하니 좋네요,2024.01.02,"24,750",대전광역시 서구 계룡로636번길 14-15 (용문동)
대전 용문 스테이큐,5,매번 잘 이용하고있습니다,2024.01.02,"24,750",대전광역시 서구 계룡로636번길 14-15 (용문동)
대전 용문 스테이큐,4,항상 자주 오는 곳이에요 카운터에 사람이 있어서 편해졌어요 앞으로도 자주 갈게여^^,2024.01.01,"24,750",대전광역시 서구 계룡로636번길 14-15 (용문동)
대전 용문 스테이큐,5,잘 이용했어요,2023.12.31,"24,750",대전광역시 서구 계룡로636번길 14-15 (용문동)
대전 용문 스테이큐,5,진짜 개너무조아영,2023.12.29,"24,750",대전광역시 서구 계룡로636번길 14-15 (용문동)
대전 용문 스테이큐,5,전체 금연이라 좋아요,2023.12.28,"24,750",대전광역시 서구 계룡로636번길 14-15 (용문동)
대전 용문 스테이큐,5,깨끗하고 좋아요,2023.12.28,"24,750",대전광역시 서구 계룡로636번길 14-15 (용문동)
대전 용문 스테이큐,5,잘 쉬었습니다,2023.12.28,"24,750",대전광역시 서구 계룡로636번길 14-15 (용문동)
대전 용문 스테이큐,5,친절하셔서 기분이 좋았어요!!,2023.12.26,"24,750",대전광역시 서구 계룡로636번길 14-15 (용문동)
대전 용문 스테이큐,5,첨가봤는데 완전 좋아요 청결 굿,2023.12.21,"24,750",대전광역시 서구 계룡로636번길 14-15 (용문동)
대전 용문 스테이큐,5,항상 잘 쉬다 갑니다!,2023.12.10,"24,750",대전광역시 서구 계룡로636번길 14-15 (용문동)
대전 용문 스테이큐,5,깔끔하고 좋아유,2023.12.02,"24,750",대전광역시 서구 계룡로636번길 14-15 (용문동)
대전 용문 스테이큐,5,깔끔하고 좋아유,2023.12.02,"24,750",대전광역시 서구 계룡로636번길 14-15 (용문동)
대전 용문 스테이큐,5,깔끔하고 좋아요,2023.11.29,"24,750",대전광역시 서구 계룡로636번길 14-15 (용문동)
대전 용문 스테이큐,3,정말 자주 이용하고 있는데 너무 추웠어요…,2023.11.26,"24,750",대전광역시 서구 계룡로636번길 14-15 (용문동)
대전 용문 스테이큐,5,진짜 담배 냄새도 안나고 너무 좋아요!!,2023.11.25,"24,750",대전광역시 서구 계룡로636번길 14-15 (용문동)
대전 용문 스테이큐,5,너무 깔끔하고 좋아요,2023.11.19,"24,750",대전광역시 서구 계룡로636번길 14-15 (용문동)
대전 용문 스테이큐,5,비대면이라 편하게 이용할수 있었어요,2023.11.15,"24,750",대전광역시 서구 계룡로636번길 14-15 (용문동)
대전 용문 스테이큐,5,깨뜻하고 좋앙ㅅ,2023.11.13,"24,750",대전광역시 서구 계룡로636번길 14-15 (용문동)
대전 용문 스테이큐,5,스테이큐에 가면 매번 아늑하고 편안한 시간을 보낼 수 있어서 좋아요.,2023.10.21,"24,750",대전광역시 서구 계룡로636번길 14-15 (용문동)
대전 용문 스테이큐,5,"무인 시스템이라 편하고 입퇴실도 편리하게이용했습니다 좋아요 
내부도 깔끔해요",2023.10.09,"24,750",대전광역시 서구 계룡로636번길 14-15 (용문동)
대전 용문 스테이큐,5,아늑한 공간에서 편안한 시간 보냈어요.,2023.10.08,"24,750",대전광역시 서구 계룡로636번길 14-15 (용문동)
대전 용문 스테이큐,3,......,2023.09.29,"24,750",대전광역시 서구 계룡로636번길 14-15 (용문동)
대전 용문 스테이큐,5,나쁘지않았어요,2023.09.27,"24,750",대전광역시 서구 계룡로636번길 14-15 (용문동)
대전 용문 스테이큐,5,셀프 체크인에 상비약 구비에 깔끔한 숙소까지 더할 나위 없었습니다,2023.08.21,"24,750",대전광역시 서구 계룡로636번길 14-15 (용문동)
대전 용문 스테이큐,5,잘 묵었다 갑니다~~,2023.08.20,"24,750",대전광역시 서구 계룡로636번길 14-15 (용문동)
대전 용문 스테이큐,5,금연객실에 깔끔해서 좋았습니당~,2023.08.16,"24,750",대전광역시 서구 계룡로636번길 14-15 (용문동)
대전 용문 스테이큐,5,너무 좋네요,2023.08.14,"24,750",대전광역시 서구 계룡로636번길 14-15 (용문동)
대전 용문 스테이큐,5,대전에서 탑임,2023.08.11,"24,750",대전광역시 서구 계룡로636번길 14-15 (용문동)
대전 용문 스테이큐,5,"평일 기준 가격 엄청 만족!
티비는 왜케 커요..♡",2023.08.11,"24,750",대전광역시 서구 계룡로636번길 14-15 (용문동)
대전 용문 스테이큐,5,완전 만족해요,2023.08.10,"24,750",대전광역시 서구 계룡로636번길 14-15 (용문동)
대전 용문 스테이큐,5,정말 좋았습니다. 청결하고 불편함이 없었습니다. 대전오면 여기만 이용할 듯해요 !,2023.07.30,"24,750",대전광역시 서구 계룡로636번길 14-15 (용문동)
대전 용문 스테이큐,5,"세번째 방문 
들어갈때 부담스러운데 
더 편하네여
깨끗합니다",2023.07.17,"24,750",대전광역시 서구 계룡로636번길 14-15 (용문동)
대전 용문 스테이큐,4,"방이 구분되어있어서 좋았어요
쾌적하고 잠도 잘 왔습니당
다음에 또 방문하고싶어요~",2023.07.13,"24,750",대전광역시 서구 계룡로636번길 14-15 (용문동)
대전 용문 스테이큐,5,재방문의사 있습니다.,2023.07.11,"24,750",대전광역시 서구 계룡로636번길 14-15 (용문동)
대전 용문 스테이큐,4,괜찮아요:D,2023.07.03,"24,750",대전광역시 서구 계룡로636번길 14-15 (용문동)
대전 용문 스테이큐,5,깨끗하고 좋아요,2023.07.03,"24,750",대전광역시 서구 계룡로636번길 14-15 (용문동)
대전 용문 스테이큐,5,"핸드폰으로 문을 열어요 신기방기
무인시스템 인데 신분증 확인 이 불편한데",2023.07.02,"24,750",대전광역시 서구 계룡로636번길 14-15 (용문동)
대전 용문 스테이큐,5,깔끔하고 비즈니스 호텔 느낌의 숙소입니다,2023.06.11,"24,750",대전광역시 서구 계룡로636번길 14-15 (용문동)
대전 용문 스테이큐,5,아담하고 따뜻하고 좋았습니다,2023.01.01,"24,750",대전광역시 서구 계룡로636번길 14-15 (용문동)
대전 용문 스테이큐,5,젛았습니다,2022.12.21,"24,750",대전광역시 서구 계룡로636번길 14-15 (용문동)
대전 용문 스테이큐,5,항상 잘 이용하고 있습니다,2022.12.01,"24,750",대전광역시 서구 계룡로636번길 14-15 (용문동)
대전 용문 스테이큐,5,항상 조용하고 깔끔해서 좋아요,2022.11.27,"24,750",대전광역시 서구 계룡로636번길 14-15 (용문동)
대전 용문 스테이큐,1,별로네요 돈 추가한다고해도 연장도안되고 체크아웃시간은 너무 짧고,2022.11.14,"24,750",대전광역시 서구 계룡로636번길 14-15 (용문동)
대전 용문 스테이큐,5,대박 만족합니다 좋아요,2022.11.14,"24,750",대전광역시 서구 계룡로636번길 14-15 (용문동)
대전 용문 스테이큐,1,늦게입실하는 바람에 늦은퇴실 요청하려고 추가 비용 내려고해도 관제센터라는둥 응대개판임,2022.11.12,"24,750",대전광역시 서구 계룡로636번길 14-15 (용문동)
대전 용문 스테이큐,2,편의성이 좀 적은듯해요.,2022.11.01,"24,750",대전광역시 서구 계룡로636번길 14-15 (용문동)
대전 용문 스테이큐,2,너무너무 불편했어요,2022.10.31,"24,750",대전광역시 서구 계룡로636번길 14-15 (용문동)
대전 용문 스테이큐,5,만족합니다,2022.10.31,"24,750",대전광역시 서구 계룡로636번길 14-15 (용문동)
대전 용문 스테이큐,5,뭔가 폰하나로 다하니까 어색하네요 ㅋㅋ,2022.10.29,"24,750",대전광역시 서구 계룡로636번길 14-15 (용문동)
대전 용문 스테이큐,2,방도 춥고 제대로된 온열기구도 없엇습니다 고데기는 물론 로션등도 없었어요 무엇보다 추워서 혼낫네요...,2022.10.26,"24,750",대전광역시 서구 계룡로636번길 14-15 (용문동)
대전 용문 스테이큐,5,편하고 시설좋습니다 친절한 안내에 적절한 분위기까지 추천합니다,2022.10.24,"24,750",대전광역시 서구 계룡로636번길 14-15 (용문동)
대전 용문 스테이큐,5,잘쉬다왔습니다.,2022.10.24,"24,750",대전광역시 서구 계룡로636번길 14-15 (용문동)
대전 용문 스테이큐,4,편하게 놀다왔습니다!,2022.10.19,"24,750",대전광역시 서구 계룡로636번길 14-15 (용문동)
