hotel,star,review,date,price,address
대전 유성 은하수디앤엠(D&M),5,"숙소 볼때 교통이랑 깨끗한지가 제일 중요한데 두개 다 만족 스러웠어요! 지하철역이랑 가까워서 이동하기도 정말 편리했고 숙소 벽지 침대 이불 쇼파 다 새거인지 너무 깨끗하고 청결했어요! 화장실도 깨끗해서 이 부분도 정말 좋았답니다ㅎㅎ그리고 몸만와서 딱 머무르고 갈 수 있을 정도로 기본적인 식기류부터 쓰레기봉투며 커피캡슐까지 세심하게 다 준비되어 있었어요:) 연말이라 친구들과 모임하려고 예약했는데 일층에 편의점이 바로 옆이라 이것도 편했어요 
그리고 봉명동 술집거리도 가까워서 사람구경하고 한잔 잘 했네여ㅎㅎ사장님? 직원분?도 너무 친절하셨고 귱금한거 빠르게 피드백 주셔서 만족 스러웠어염 숙소 잡을 일 생기면 재벙문 하고 싶어요",2024.01.05,"180,000",대전광역시 유성구 계룡로141번길 13-5
대전 유성 은하수디앤엠(D&M),5,"연말파티로 친구들과 
방문을 했는데 정말 너무 너무 편하게 
잘 쉬다 갑니다!
사장님도 친절하시고
제가 제일 중요시 생각하는게 위생인데
위생이 정말 최고 입니다
화장실도 너무 깨끗하고 침실이 총3개인데
침실 3군데 모두 다 너무 청결했고
진짜 딱 잠만 잘 수 있게끔 만들어진 공간이라
오히려 너무 좋았어요!
숙소가 너무 아늑했고 포근했구 내 집 같이
편안한 느낌이 들었습니다!
친구들과 좋은추억 잘 만들다가 갑니당!
다음에 또 가겠습니다 사장님!!>_<",2024.01.05,"180,000",대전광역시 유성구 계룡로141번길 13-5
대전 유성 은하수디앤엠(D&M),5,"친구들과 티비보면서 밥도먹고 연말 파티하려고 예약했어요 ! 화장실 두개에 방도 세갠데 가성비 미쳤습니다 여러분 ㅋㅋ 다섯명이서 불편함 아예 못찾았어요 숙소 왼편엔 nc백화점 오른쪽엔 편의점 위치 미쳣구요 친구들도 여기 너무 맘에든다며 유명해져서 우리 또 못오는거아니냐며,,, ㅠㅎㅎ그정도에요 타지에서 친구들오면 또 여기서 만나기로 약속했어요 ㅎㅎ 잘 묵다 갑니다! 호스트님들덕에 넘 행복한 시간보냇어요 ㅎㅎ 최고!",2023.12.29,"180,000",대전광역시 유성구 계룡로141번길 13-5
대전 유성 은하수디앤엠(D&M),5,"♥️ 숙박계기
; 동생이 논산으로 입대를 하게 되어 원래는 유성온천에서 하루 숙박하려 했었는데 그 곳이 영업종료를 하는 바람에 유성 근처 숙소를 알아보던 중 알게 되었어요. (논산 연무대와 40분 정도 거리)

♥️ 위치
: 유성구의 딱 중심에 있는것 같아요. 주변에 조금만 걸어나가면 식당들이 엄청 많고 노래방도 있어서 동생이랑 마지막 저녁을 잘 즐기고 왔구 숙소 바로앞에 편의점도 많아서 괜히 든든한 느낌이 들었어요. 그리고 배달이 진짜 빨리 와서 감탄했습니다 ☺️

♥️ 청결
: 청결은 진짜 100점 만점에 5조 5억점 이었어요. 들어가자마자 같이 동행한 사람들이 우와~ 하면서 숙서 잘 알아봤다고 박수쳐줬어요. 화장실이나 씽크대에 물때 하나 없이 깨끗했고 침대에도 머리카락 하나 없이 청소된 모습에 더욱 편히 쉴 수 있었습니다.

♥️ 서비스
: 호스트님 께서 예약 하자마자부터 너무 친절하고 상세하게 연락을 주시고 답장도 너무 빨리 주셔서 감사했어요. 그리고 숙소 이벤트로 숙소 내에서 촬영한 사진을 보내드리면 인화를 해주시는데 동생에게 너무 좋은 추억이 되었어요. 인화해주셔서 너무너무 감사합니다 💕💕💕 그리고 또 하나 인상깊었던 점은 웰컴로또가 있어서 모두가 괜시리 기분이 좋아졌어요. 센스 대박이십니다 🫶🏻

♥️ 시설
: 인테리어는 사진에서 보시다시피 완전 최신식 + 깔끔 그 자체 이고 방이 많고 화장실이 2개라 분리가 잘 되어 딱 저희에게 적합하고 편한 숙소였어요. 
넷플릭스도 로그인 되어있어 따로 로그인 안해도 되어서 너무 편하게 잘 보았습니다.
정수기, 세탁/건조기가 있어서 잘 사용했어요. 
캡슐 커피를 무료로 제공해주셨는데 못 마시고 와서 아쉽네요 🥲
한가지 바라는 점이 있다면 안방 화장실에 샤워기 거치대가 높은 쪽에 하나 있으면 좋을것 같아요 ☺️

이 숙소 때문에 대전에 놀러가고 싶을 정도 입니다 완전 강추 합니다 !!",2024.04.23,"180,000",대전광역시 유성구 계룡로141번길 13-5
대전 유성 은하수디앤엠(D&M),5,"생각보다 숙소가 작았지만 깨끗해서 좋았어요
예약 인원보다 수저세트가 부족해서 아쉬웠습니다
이 외에는 다 괜찮았어요~",2024. 11. 13,"180,000",대전광역시 유성구 계룡로141번길 13-5
대전 유성 은하수디앤엠(D&M),5,"신상숙소 라서 깨끗했고 청결했습니다 
벌레없이 청결하게 잘 관리되어 있었고 
침구도 편했고 새타월에 큰 냉장고에 코웨이 냉ㆍ온수 정수기까지 다 갖춰져 있어서 호텔보다 편하고 좋았습니다
주변환경이 모텔촌ㆍ유흥분위기라서 첫이미지는 이런곳에 
레지던스가? 싶었고 바로앞쪽에 빌딩 공사중이라 낮에 계속 
소음은 있었으나 밤에 잘때는 소음없이 조용했습니다 
주변에 슈퍼ㆍ식당ㆍ공원이 있어서 지내기에 불편함은 없었고 
거실ㆍ주방과 독립된 룸이 있어서 친구들 모임이나 여행시 
지내기에 편했습니다 
레지던스 건물이라 같은 건물안에서의 소음도 들리지않았고 
주변식당이나 맛집 문의에도 빠르고 친절하게 답변해주시고 대응이 빨라서 불편한점 없이 잘 지내다 왔습니다
다음에 대전 갈일 있을때는 또 이용하고 싶은 숙소였습니다",2024.09.27,"180,000",대전광역시 유성구 계룡로141번길 13-5
대전 유성 은하수디앤엠(D&M),5,"방에 들어가자마자 너무 깔끔하고 이뻐서 친구들과 사진찍는다고 정신이 없었습니다~ 방문 전 문자 뿐만 아니라 친절하고 신속한 카톡 답변에 손으로 쓴 웰컴 편지와 쿠키, 커피, 와인까지.. 하나하나 신경 쓰고 맞아주는 듯 해서 너무 좋았습니당
원래 리뷰 작성 잘 안하는데 너무 만족해서 남기고 갑니다..

대박적인건 건조기랑 세탁기랑 따로 있고 정수기 최고... 게대가 화장실 엄~청 깨끗합니다
제일 만족이었던건 제가 밖에 나와자면 소음에 예민해서 잘못자고 계속 깨는데 방음도 잘돼서 꿀잠 잤어요 
그리고 사진인화 주시는 서비스는 진짜 센스있는 것 같아요
다음에는 부모님 모시고 방문해야겠습니다!",2023.11.27,"180,000",대전광역시 유성구 계룡로141번길 13-5
대전 유성 은하수디앤엠(D&M),5,"대전에 처음으로 고향 친구들 초대해서 놀았어요!!
대전에 지인이 오는거라 어디갈지부터 막막하고 5명이 수용 가능한 숙소가 연말이라 많이 차고 있어서 급하게 예약했는데 대만족이었어요. 친구들한테 칭찬 제대로 받았답니당ㅎㅎ

숙소에 캡슐커피, 쓰봉이랑 식기도구 다 있어요.
화장실에도 폼클렌징빼고 다 있으니 챙겨갈게 별로 없었구요ㅎㅎ

위치는 봉명동 술집 많은 거리랑도 가까워서 좋았고
1층에 편의점도 가까워요. 지하철 역이랑도 인근이라 뚜벅이라도 좋을거같아요 ㅎㅎ

기계식 주차가 가능했고 1층 지상 주차장 이용도 편했어요.

방음은 조금 안됐지만 다 놀러온 입장이라 개이치않고 잘 놀았어요. 
친구들도 시끄럽게 노는거보다 소소하게 노는거 좋아해서 거실 테이블에서 둘러 앉아서 케이크먹고 와인에 양주먹으면서 보드게임도 하기 좋았어요

대전사는 다른 지인들한테도 추천하고 싶고
개인적으로 또 방문하고 싶은 숙소였어요",2023.12.10,"180,000",대전광역시 유성구 계룡로141번길 13-5
대전 유성 은하수디앤엠(D&M),5,"간만에 친구들과 함께 모임하고 싶어 맘먹고 숙소를 잡았어요. 신축이라 시설이 무척 깨끗하고 기대했던 것보다 넓어서 놀랐어요.^^ 친구들과 좋은 시간을 보내며 회포를 푸는 장소가 너무 만족스러워 담을 또 기약했네요ㅎ 침대도 각 방마다 있으니 여럿이 함께 자는데도 대만족이예요! 세탁기, 건조기, 정수기까지 편리하게 구비되어 있어 좋고 예쁜 식기류며 커피 캡슐도 준비되어 있네요. 편의점도 1층에 있어서 필요한 물건을 바로 구입할 수 편했어요.
무엇보다 직원분들 게다가 사장님도 친절하셨고 요구사항에 너무 잘 응대해 주셔서 인상 깊었네요.
숙박도 함께 하는 모임으론 완전 강추입니다!",2024.01.25,"180,000",대전광역시 유성구 계룡로141번길 13-5
대전 유성 은하수디앤엠(D&M),5,"친구들과 함께 한 대전여행.
은하수 디엔엠 숙소를 만나 더 즐겁고 편안했어요.
여섯명 친구들과 함께 지내기 부족하지 않은 크기의 방과 거실, 두개의 화장실도 좋았구, 깔끔하고 쾌적한 침구, 인원에 맞게 준비해주신 도자기 식기류와 와인잔 포함 각종 유리잔류 너무 좋았어요.
웰컴쿠키와 캡슐커피, 정수기도 있어 디저트까지 편안하게 즐길수 있었네요.
친구들이 깔끔하다고 너무 좋아해서 예약한 저도 행복했어요.
친절한 안내와 응대, 추가 침구도 미리 준비해주셔 무척 편안했네요.
가족들, 친구들과 대전을 가게된다면 은하수 디엔엠 강추입니다~",2024.08.11,"180,000",대전광역시 유성구 계룡로141번길 13-5
대전 유성 은하수디앤엠(D&M),5,"먼저 유성온천역에서 도보 5분 거리에 있어서 접근성이 좋아요
전체적인 구조는 거실, 주방, 방3개, 화장실2개입니다.
넓은 것도 좋은데 무엇보다 화장실이나 방이 깔끔한 점이 맘에 들어요! 특히 화장실 청소가 잘 되어 있고, 핸드워시/샴푸/린스/바디워시도 다 있어요! 
그리고 세탁기나 건조기 등 구비 되어 있는 전자제품이 많네요!! 저는 친구들이랑 놀러왔는데 방마다 침대가 있어서 가족들이랑 지내도 좋을 것 같아요!",2024.02.26,"180,000",대전광역시 유성구 계룡로141번길 13-5
대전 유성 은하수디앤엠(D&M),5,"친척들과 즐거운 하루를 보내기위해 예약했는데 최대6인까지 추가비용이 없이 이용할수있어서 좋았고
다른 숙박시설에 비해 거실과 방으로 나누어 있어서
함께 놀다가 피곤한사람 먼저 자고 놀수 있어서 좋았어요
성인6명이라 화장실이 1개인 곳은 씻고 아침에 준비하고 나가는게 오래 걸렸는데 
드라이기도 두개나 준비되어있고 
수건도 깨끗해서 좋았어요 
근처에 천변도로 산책로와 자전거도로가 잘 되어있었고 하나로마트 홈플러스가 가깝고 주변 식당가들도 근처에있어 밖에나가 사먹고 들어올수있어요^^",2024.06.19,"180,000",대전광역시 유성구 계룡로141번길 13-5
대전 유성 은하수디앤엠(D&M),5,"친구들이랑 연말파티 하려고 예약했는데 생각보다 훨씬 넓고 인테리어도 너무 좋았어요! 청결한건 말 할 것도 없이 너무 마음에 들었고 침대도 많아서 여러명이서 하루 자고 가기에도 손색이 없네요!

교통편도 너무 좋고 편의점도 1층에 있어 편리하게 잘 이용했어요^^ 사장님도 정말 친절하시고 재방문 의사 아주 많아요 다음에 꼭 또 올게요 덕분에 잘 쉬다가 갑니다 감사합니다!",2024.01.05,"180,000",대전광역시 유성구 계룡로141번길 13-5
대전 유성 은하수디앤엠(D&M),5,"친구들과 함께 5명이서 이용했습니다.
숙소가 너무너무 깔끔하고 없는 것이 없어서 굉장히 편안했습니다. 정수기가 있는게 정말 좋았어요!
침대도 더블 2개 싱글 1개라 모두가 싸우지 않고 침대에서 편안히 잘 수 있었고, 난방도 잘 되어서 따뜻했습니다.
주차도 주차타워로 자동주차 해주셔서 좋았습니다.
만족스러운 숙소 컨디션에 즐거운 여행 한 것 같네요! 감사합니다. 재 숙박 의사 있습니다!

+근처에 온천도 많고 맛집도 있습니다!
숙소 위치 완전 최고에요!!!!!!",2024.04.21,"180,000",대전광역시 유성구 계룡로141번길 13-5
대전 유성 은하수디앤엠(D&M),5,"인근에 다이소도 있고 유성온천역에서 멀리 떨어져있지 않아서 너무 좋았어요
구비된 물품들 컨디션도 너무 좋고 무엇보다 에어컨이 냄새도 안나고 보이는 먼지도 없고 잘 관리되어있는것 같아서 시원하게 잘 보냈습니다.
숙소도 방 3개 화장실 2개 부엌 거실 구조로 깔끔하고 편해서 4명이 푹 쉬었습니다.
넷플릭스도 잘 봤습니다.
숙소 관리하시는 분도 너무 친절하셔서 퇴실까지 기분 좋게 머물다갑니다
같이 온 친구들도 다들 만족해서 즐거운 여행되었습니다.
감사합니다!!",2024.06.22,"180,000",대전광역시 유성구 계룡로141번길 13-5
대전 유성 은하수디앤엠(D&M),5,"숙소 지이이이인짜 깔끔하고 좋아요👍🏻
5명이 숙박할 예정이라서 침대 3개 이상인 숙소가 많지 않은데, 게다가 인원 추가요금까지 없어서 정말 최고예요!
폼클렌징 빼고 모두 갖춰져있고 간단하게 조리할 도구도 다 있습니다!!
무엇보다 사장님이 엄청 엄청 친절하세요!!!!!",2024.10.16,"180,000",대전광역시 유성구 계룡로141번길 13-5
대전 유성 은하수디앤엠(D&M),5,"숙소 들어가자마자 다들 너무 좋다는 말만 반복했어요! 전체적으로 쾌적하고, 난방도 잘 돼서 반팔 입고도 따뜻했네요ㅎㅎ 정수기 있는 것도 큰 장점이었어요! 문자로 대화할 때 친절하셔서 기분이 좋았는데, 숙소도 구석구석 세심하게 신경쓰신 티가 나서 좋았습니다ㅠㅜ 친구들이랑 다음에 대전 올 일 있으면 또 오자고 약속했습니다ㅋㅋㅋ 잘 묵었다 갑니다^~^",2023.12.24,"180,000",대전광역시 유성구 계룡로141번길 13-5
대전 유성 은하수디앤엠(D&M),5,"친구들과 신년파티로 숙소를 골랐는데 신축이라 그런지 너~무 깔끔하고 방도3개 화장실도 2개여서 너무 편안하게 지냈습니다
친구들끼리 여기 너무 좋다고 다음에 또오자고 했습니당 주변에 맛집도 많고 편의점도 바로 앞에있어서 좋았어요! 담에또 방문할게요~",2024.01.23,"180,000",대전광역시 유성구 계룡로141번길 13-5
대전 유성 은하수디앤엠(D&M),5,"친구들이랑 연말파티 하려고 예약했는데
위치, 청결, 인테리어 다 너무 마음에 들었어요!
방도 3개에 침구류도 너무 깔끔하고 좋았고
1층에 편의점도 있어서 편리해요

연박하면 더 좋은점이 많을 것 같아요
1박 2일도 충분히 잘 쉬다가 갑니다!

친구들이랑 모일 때 또 이용할게요 너무 좋았어요♥️",2023.12.28,"180,000",대전광역시 유성구 계룡로141번길 13-5
대전 유성 은하수디앤엠(D&M),5,햇빛 짱 잘들고 따뜻하고 좋음 테이블도 크고 의자도 7개 있고 방도 3개라 여러명이서 오기 좋을 것 같음 친구들이랑 다같이 모여서 돼지 파티하기 딱인 숙소임! 깨끗하고 이불이 포근하고 푹식해서 잠도 겁나 잘잤음 걍 좋음👍,2024.01.25,"180,000",대전광역시 유성구 계룡로141번길 13-5
대전 유성 은하수디앤엠(D&M),5,"어머니께서 친구분들이랑 여행가신다기에 예약해드렸는데 기대했던 것보다 너어어어어어무 좋으셔서 앞으로도 은하수 디앤앰 숙소들 이용해야겠다고 하셔요ㅎㅎ
우선 숙소가 정말 청결해서 소파밑에도 먼지한톨도 없데요! 그리고 들어가자마자 보일러가 틀려있어서 따뜻했고, 캡슐커피 있는것도 편하고 좋았다시네요!
무엇보다도 침구가 깨끗하고 편해서 잠도 솔솔 왔다고 하시네용😆
친구분들도 앞으로 여기 이용하시겠다고 링크 달라고 하실정도세요ㅋㅋㅋㅋ
대전에서 넘 좋은 숙소를 발견한거 같아서 좋아요ㅎㅎ 저도 이제 대전 놀러가면 여기로 확정이요⭐️",2023.11.14,"180,000",대전광역시 유성구 계룡로141번길 13-5
대전 유성 은하수디앤엠(D&M),5,"정말 정말 깨끗했던 숙소!!
침구며, 화장실이며, 식기까지 믿고 사용할 수 있었어요 :-)
TV도 커서 좋았구, 소파며 침대, 베개까지 푹신하고 아늑했어요~ 숙소 안에 정수기까지 있어서 물도 편하게 마셨답니다
가구, 가전제품 하나하나 세심히 신경 쓰신 것 같아 기분 좋게 이용했습니다! 
깨끗하고, 방음도 잘 되고, 주변 인프라도 좋아서 앞으로 대전 오게 되면 이 숙소에서만 자려구요",2023.10.23,"180,000",대전광역시 유성구 계룡로141번길 13-5
대전 유성 은하수디앤엠(D&M),5,"전반적으로 굉장히 깔끔하고 주방에 간단한 조미료랑 도구가 갖춰져있어 이용하기 좋았고 세탁기와 건조기도 있어서 땀 때문에 젖은 옷 바로 세탁하기 용이했어요 !
엄마 모시고 동생이랑 다녀왔는데 엄마가 만족해하셔서 기분좋았네요 잘 다녀갑니다 ㅎㅎ",2024.09.16,"180,000",대전광역시 유성구 계룡로141번길 13-5
대전 유성 은하수디앤엠(D&M),5,"차가커서 주차를 못할까봐 걱정했는데 잘안내해주셔서
감사했습니다.
숙소도 사진과 동일하게 깨끗하고 기본적인것들은 다있었습니다.
가족들이 모두좋아했고 숙소주변에 공원과 식당도 많고
만족스러웠습니다
웰컴쿠키대신 로또를 사람수만큼 주시는센스 짱",2024.08.18,"180,000",대전광역시 유성구 계룡로141번길 13-5
대전 유성 은하수디앤엠(D&M),5,다섯명이나 되는 인원이라 숙소 선택지가 얼마 없었는데 여럿이 이용하기에도 무척 만족스러운 숙박이었습니다! 청결도라거나 시설 상태 등 다 좋았고 온천하고도 가까워서 친구들하고 정말 잘 이용하게 되었어요 하루만 머물기 아쉬울 정도였습니다!,2024.01.29,"180,000",대전광역시 유성구 계룡로141번길 13-5
대전 유성 은하수디앤엠(D&M),5,새로 지은 깨끗한 건물에 관리 잘되고 청결한 숙소 이고 방도 세개나 되고 모든 필요한 것들이 잘 구비되어 있습니다 친구 애기랑 넷이 하룻밤 기분좋게 묵고 깁니다 정말 추천해요,2024.05.15,"180,000",대전광역시 유성구 계룡로141번길 13-5
대전 유성 은하수디앤엠(D&M),5,깔끔하고 너무 좋았습니다 내 집같은 편안한 느낌 적극추천합니다 직원분들도 너무 친절하시고 와인이벤트에 사진인화서비스까지 감동 그 자체요 다음에 대전올 일 있으면 또 이용할께요!!!,2023.12.25,"180,000",대전광역시 유성구 계룡로141번길 13-5
대전 유성 은하수디앤엠(D&M),5,내부 시설 깨끗하고 너무 좋았어요! 친구들이랑 놀러 와서 성인 네 명이 한 방에 묵을 수 있는 곳이 많지 않은데 가성비도 좋고 시설도 깔끔해서 대만족입니다. 지하철역도 가깝고 근처 맛집들도 걸어서 갈 수 있는 거리라 친구들이랑 놀기 딱 좋았어요!,2024.06.10,"180,000",대전광역시 유성구 계룡로141번길 13-5
대전 유성 은하수디앤엠(D&M),5,"친절함이 묻어나는 휴식하기
최고의 공간.

입실 전부터 세심한 신경써주시고
너무 좋은 방 컨디션에 감동하고
기회가 된다면 꼭 다시 방문할 숙소 맛집…🥰",2024.03.09,"180,000",대전광역시 유성구 계룡로141번길 13-5
대전 유성 은하수디앤엠(D&M),5,대전 출장 시 항상 롯데시티나 라마다만 이용했는데. 처음 이용했는데 정말 당황스럽게 깔끔하고 방도 많고 너무 좋았어요. 다음엔 가족들과 함께해도 더 좋을 것 같아요. 강추!!,2024.08.23,"180,000",대전광역시 유성구 계룡로141번길 13-5
대전 유성 은하수디앤엠(D&M),5,"친절 청결 편의성까지 흠 잡을때가 없는 숙소에요
평일 저렴한 가격에 럭셔리한 숙소에서 힐링하고 갑니다
다음에 또 방문하고 싶네요",2024.09.21,"180,000",대전광역시 유성구 계룡로141번길 13-5
대전 유성 은하수디앤엠(D&M),5,"방 3개(더블,더블,싱글), 화장실 2개라 4인이서 편하게 사용하고 왔어요!
정수기, 냉장고, 세탁기도 구비되어 있고 폼클렌징 빼고 다 있어요!
호텔만 생각하다가 레지던스를 오게 됐는데 보일러도 잘 틀어져 있어서 편히 사용하고 왔습니다 :) 정말 추천하고 또 오고 싶어요 !",2023.11.20,"180,000",대전광역시 유성구 계룡로141번길 13-5
대전 유성 은하수디앤엠(D&M),5,숙소가 깨끗해요~~침구도 수건도깨끗해서 좋았구요 방마다침대가있어서 식구들모두편히잘쉬고왔어요~대전에또가게되면 숙박은 여기로하렵니다^^,2024.04.29,"180,000",대전광역시 유성구 계룡로141번길 13-5
대전 유성 은하수디앤엠(D&M),5,"친구 7명이 다같이 잘수있는 숙소가 마땅하지않은데
구조도 너무 잘짜여져있고 화장실2개, 방3개에 침구도 깨끗하고 너무너무 편하게 잘놀다 왔습니다!",2024.10.28,"180,000",대전광역시 유성구 계룡로141번길 13-5
대전 유성 은하수디앤엠(D&M),4,방도 3개이고 깔끔하고 좋습니다! 다만 설거지와 분리수거까지 모두 직접하고 가야하는 점에서 선호하지 않으시는 분들도 있을것 같네요.,2024.10.21,"180,000",대전광역시 유성구 계룡로141번길 13-5
대전 유성 은하수디앤엠(D&M),5,제가 다녀본 숙소 중에 베스트 안에 꼽는 좋은 숙소였습니다. 깨끗하고 꼼꼼하고 친절하셔서 편하게 잘 있다 갑니다! 다음에 대전오면 또 여기서 묵고 싶어요!,2024.09.10,"180,000",대전광역시 유성구 계룡로141번길 13-5
대전 유성 은하수디앤엠(D&M),5,"가족과 대전가면 늘 이용하는곳이에요. 깨끗하고 넓고
방3개 화장실2개라 여러명이 가면 너무 편하게 이용할수있어요!",2024.09.23,"180,000",대전광역시 유성구 계룡로141번길 13-5
대전 유성 은하수디앤엠(D&M),5,"일반 호텔보다 훨씬 깨끗하고 좋으며, 주변 상가에 할 것도 많고 볼 것도 많고 맛집도 많이 있습니다. 친절하게 안내해주셔서 덕분에 잘 쉬었다 갑니다. 다음에 또 이용할 생각입니다.",2024.09.02,"180,000",대전광역시 유성구 계룡로141번길 13-5
대전 유성 은하수디앤엠(D&M),5,"지금까지 가본 숙소 중에 제일 맘에 들어요
깨끗하고 용품들도 다 있구 티비도 크고 에어컨도 짱 시원해요
대전여행 가신다면 다들 여기로... 숙소계의 GOAT",2024.06.09,"180,000",대전광역시 유성구 계룡로141번길 13-5
대전 유성 은하수디앤엠(D&M),5,"진짜 최고였어요. 여기 숙소가고싶어서 대전갈거같아요 ㅎㅎ 
진짜 깨끗하고 신축이라 깔끔 이쁘고 ㅎㅎ 
친절하시고, 난방 잘되고 진짜 최근 가본 숙소중에 단연코 제일이었어요.",2024.01.06,"180,000",대전광역시 유성구 계룡로141번길 13-5
대전 유성 은하수디앤엠(D&M),5,"크리스마스 친구들이랑 같이 보내려고 예약했는데 좋은 선택이었어요~!^^들어가자마자 너무 깔끔하고 안락해서 너무 좋았어요!!칭구들도 다음에 또 여기 오자고 너무 좋아했습니다,,리뷰이벤트 와인이 파티 분위기를 더한거 같아요!감사합니다:)",2023.12.27,"180,000",대전광역시 유성구 계룡로141번길 13-5
대전 유성 은하수디앤엠(D&M),5,친절한 직원 분들과 섬세하고 좋은 시설을 갖춘 숙소까지 모든 것이 좋았던 곳입니다. 덕분에 즐거운 크리스마스 보내고 왔어요 :),2023.12.26,"180,000",대전광역시 유성구 계룡로141번길 13-5
대전 유성 은하수디앤엠(D&M),5,사장님이 너무친절하시고 룸컨디션도 너무너무 좋앗어요 ㅠㅠ 싼타와인도 쎈스 굿!!! 쿠키도 맛있었습니다~ 깨끗하고 침구류도 호텔 같이좋았습니다 너무만족했고 다음에 또 이용할게요^^,2023.11.18,"180,000",대전광역시 유성구 계룡로141번길 13-5
대전 유성 은하수디앤엠(D&M),5,"위치는 맛집이랑 거리가 있었고, 주차가 기계식주차고 쓰레기를 우리가 버려야한다는 점빼고는 좋았어요ㅎㅎ
매우친절하고 깨끗해서 ㅎㅎ 좋았습ㄴ다",2024.02.25,"180,000",대전광역시 유성구 계룡로141번길 13-5
대전 유성 은하수디앤엠(D&M),5,"가족들과 연말을 보내기 위해 예약한 방인데 객실도 깨끗하게 관리되어 있고 직원분들도 너무 친절하네요~
너무 잘지내다 왔습니다
담에 또 방문할게요^^",2023.12.30,"180,000",대전광역시 유성구 계룡로141번길 13-5
대전 유성 은하수디앤엠(D&M),5,"숙소가 깔끔하고 청결했고, 직원분들이 너무 친절하셔서 좋았습니다. 그리고 위치도 유성온천역에서 가깝고 조금만 걸어가면 NC백화점이랑 맛집들이 많아 접근성이 좋다는 생각이 드네요ㅎㅎ 덕분에 잘 쉬었다 갑니다!!",2024.01.20,"180,000",대전광역시 유성구 계룡로141번길 13-5
대전 유성 은하수디앤엠(D&M),5,"대전에서 이만한가격에 이만한숙소없습니다
친구들과 너무 편안하게 잘쉬다갑니당
깔끔하고 구비가 너무잘되있어용♡
감사합니다 다음에
또 방뭄할게요 대전짱!",2024.01.05,"180,000",대전광역시 유성구 계룡로141번길 13-5
대전 유성 은하수디앤엠(D&M),5,숙소가 너무 깨끗하고 침실도 3개라 편안하게 이용했어요! 주변에 백화점이랑 술집도 많아서 잘 놀다가요 그리고 와인이랑 쿠키도 맛있었어요 :),2023.12.09,"180,000",대전광역시 유성구 계룡로141번길 13-5
대전 유성 은하수디앤엠(D&M),5,숙소가 깨끗하게 잘 관리되어있고 입퇴실 안내로 사전에 보내주셔서 잘 이용했습니다. 다음에도 또 이용할께요~!,2024.05.13,"180,000",대전광역시 유성구 계룡로141번길 13-5
대전 유성 은하수디앤엠(D&M),5,깨끗하고 편해요! 5명 이상이 머물수있는 숙소가 엄청 적은데 가능하면서 이정도 퀄리티의 숙소는 처음이에요!,2024.08.31,"180,000",대전광역시 유성구 계룡로141번길 13-5
대전 유성 은하수디앤엠(D&M),5,관리해주시는 분들이 너무너무 친절해서 몸둘바를 모르겠네요~ 올케어 해주셔서 너무너무 편하게 쉬다왔습니다. 할수만 있다면 별점 5개가 아니라 5만개 드리고 싶네요^^,2023.11.06,"180,000",대전광역시 유성구 계룡로141번길 13-5
대전 유성 은하수디앤엠(D&M),5,침대가 커서 두명이서 자도 좁지 않았어요! 역 근처에 있어서 접근성도 좋고 깨끗해서 너무 잘 놀다 왔어요☺️,2024.08.08,"180,000",대전광역시 유성구 계룡로141번길 13-5
대전 유성 은하수디앤엠(D&M),5,"매우 만족스러운 숙소였습니다 자세히 전달도 해주셔서 너무 좋았습니다
그냥 궁금해서 그러는데요 iptv로 넷플릭스는 볼수 있는데 디즈니플러스 못보나요?",2024.05.07,"180,000",대전광역시 유성구 계룡로141번길 13-5
대전 유성 은하수디앤엠(D&M),5,"숙소 상태가 너무 깨끗해서 놀랐어요! 
여러명이 갔는데 침구나 식기도 충분해서 불편함 없이 재밌게 놀다갑니다.",2024.08.13,"180,000",대전광역시 유성구 계룡로141번길 13-5
대전 유성 은하수디앤엠(D&M),5,"너무 좋았습니다 깔끔하고 직원분들도 친절하구요!!
가족여행 목적으로 갔었는데 어른분들도 너무 좋다고 하셨어용",2024.01.17,"180,000",대전광역시 유성구 계룡로141번길 13-5
대전 유성 은하수디앤엠(D&M),5,"역에서 가까워서 다니기 편했습니다!
숙소도 정말 깨끗하고 따뜻해서 재밌게 놀았습니다!!",2024.01.01,"180,000",대전광역시 유성구 계룡로141번길 13-5
대전 유성 은하수디앤엠(D&M),5,"너무 깔끔하고 이쁘고
룸컨디션 너무좋았어요!
다음에 대전와도 여길로 올거에요!
잘쉬다갑니다!",2023.12.31,"180,000",대전광역시 유성구 계룡로141번길 13-5
대전 유성 은하수디앤엠(D&M),5,"숙소 위치가 마트가 가깝고 교통이 편리했으며
바로옆에 편의점있는것도 장점이었네요

숙소는 굉장히 깨끗했고 편했습니다

친구들이랑 2박 3일로 잘 놀다 나왔습니다",2024.07.29,"180,000",대전광역시 유성구 계룡로141번길 13-5
대전 유성 은하수디앤엠(D&M),5,"청결도 최고! 침구,이불상태 최고! 4명이서 잘 쉬다 왔어요. 재방문 의사 100%입니다!",2024.07.14,"180,000",대전광역시 유성구 계룡로141번길 13-5
대전 유성 은하수디앤엠(D&M),4,"방이 3개에 침대 3개, 화장실도 2개(하나는 샤워가 어려울 정도로 작긴했지만)고 거실크기도 넓어서 많은 인원이 모이기에 너무 좋은 숙소였습니다. 친구들 모임있을때 숙소로 호텔을 잡으면 3인 이상 들어갈 수 있는 방이 사실상 없어서(있어도 비싸서) 숙박비로 돈이 엄청 깨졌는데, 여긴 거의 절반가에 묵을 수 있어서 좋았어요! 
숙소 청결이나 비품도 말할 것 없이 완벽했습니다. 화장실에 그 흔한 물때나 곰팡이도 없었고 수건은 집에서 세탁한 것 같이 뽀송뽀송하고 갓 세탁한 향기가 났어요. 침구도 깨끗하고 소파도 먼지 한톨없이 깨끗했습니다. 거실에 적당한 크기의 테이블이 있어 다같이 모여앉아 음식 먹기에도 편리했어요~ 
방음도 생각보다 좋았습니다. 옆 숙소 묵으신 분들이 조용하셨던 건지는 모르겠지만 저희가 새벽까지 깨어있었는데도 말소리나 티비소리 하나도 안들렸고 조용했어요. 정말 가성비 좋은 숙소였습니다!!! 
다만 딱 한가지 불편했던건 주차예요...방문 예정이신 분들은 되도록 차를 안 가져가시는것을 추천드립니다. 기계식 주차장 입구나 들어가는 골목도 비좁은데 차 입고하는데 시간이 너~~~무 오래걸려서 잘못했다간 중간에 끼어 오도가도 못합니다. 전 5분쯤 기다리다가 그냥 포기하고 유성스파텔 근처에 주차했는데 주말에는 그 동네 골목부터 대로까지 그냥 만차라 차 댈곳이 진짜 없어요. 다음번에도 또 이용하고 싶은 숙소지만, 차는 가져가지 않기로 했습니다...ㅋㅋㅋ",2024.06.17,"180,000",대전광역시 유성구 계룡로141번길 13-5
대전 유성 은하수디앤엠(D&M),5,"계모임으로방문
깨끗.깔끔 안심하고 편하게 놀고 쉬다왔어요
있을거다있고 신경써주신게 느껴지네요
9명방문 두개예약했는데 모두가 만족했어요~~♡",2024.07.22,"180,000",대전광역시 유성구 계룡로141번길 13-5
대전 유성 은하수디앤엠(D&M),5,"계모임으로방문
깨끗.깔끔 안심하고 편하게 놀고 쉬다왔어요
있을거다있고 신경써주신게 느껴지네요
9명방문 두개예약했는데 모두가 만족했어요~~♡",2024.07.22,"180,000",대전광역시 유성구 계룡로141번길 13-5
대전 유성 은하수디앤엠(D&M),5,"생각보다 좋은 숙소 환경에 정말 행복한 연휴를 보낼 수 있었습니다. 응대해주신 직원분들도 환한 미소와 친절한 설명으로 잘 누리다 가게 해주셨어요. 

친구들이 다음 번에도 이 숙소에서 다시 보내자고 하네요. 서비스 와인도 너무 훌륭했습니다.",2023.12.26,"180,000",대전광역시 유성구 계룡로141번길 13-5
대전 유성 은하수디앤엠(D&M),2,"암막커튼이 없는 방은 아침에 너무 밝고 
공사장 소리 시끄럽고
큰 차는 주차가 안돼서 알아서 아무대나 대야함 
하지만 방 컨디션은 좋음",2024. 11. 14,"180,000",대전광역시 유성구 계룡로141번길 13-5
대전 유성 은하수디앤엠(D&M),5,"후기가 좋아서 친구 다섯명이랑 같이 여기로 가자!하고 온 숙소였는데, 정말 이렇게 깔끔하고 예쁜 곳은 처음이었던 것 같아요 ㅠㅠ 너무 친절하시고... 정말 짱이었습니다... 배달도 잘 시켜먹었어요!! 제가 계속 유심이 빠졌다는 둥의 알림이 떠서... 폰이 맛이 갔어서 문자도 제대로 못 받고... 퇴실 연락 빨리 못 드려서 죄송합니다 ㅠㅠ 다음번에 다른 친구들하고 같이 또 가고싶어용!",2024.07.14,"180,000",대전광역시 유성구 계룡로141번길 13-5
대전 유성 은하수디앤엠(D&M),5,바지가 더러워진 친구가 있는데 건조기를 사용해 잘 말릴 수 있어 편안했어요~,2024. 11. 14,"180,000",대전광역시 유성구 계룡로141번길 13-5
대전 유성 은하수디앤엠(D&M),5,룸컨디션도 좋고~ 다 좋았어요,2024.10.28,"180,000",대전광역시 유성구 계룡로141번길 13-5
대전 유성 은하수디앤엠(D&M),5,처음 가봤는데 실내 공기도 좋고 쓰리룸에 화장실 2개라 편안했습니다 잘놀다 갑니다,2024.10.28,"180,000",대전광역시 유성구 계룡로141번길 13-5
대전 유성 은하수디앤엠(D&M),5,덕분에 어머니와 잘 쉬다갑니다,2024.10.07,"180,000",대전광역시 유성구 계룡로141번길 13-5
대전 유성 은하수디앤엠(D&M),5,넓고 깨끗한 숙소 였습니다.만족합니다.,2024.10.05,"180,000",대전광역시 유성구 계룡로141번길 13-5
대전 유성 은하수디앤엠(D&M),5,숙소 깨끗하고 조용하고 대응도 친절하셔서 잘 놀다 갑니다. 대전 호텔들 보다 좋아요,2024.09.28,"180,000",대전광역시 유성구 계룡로141번길 13-5
대전 유성 은하수디앤엠(D&M),5,숙소 깨끗하고 조용하고 대응도 친절하셔서 잘 놀다 갑니다. 대전 호텔들 보다 좋아요,2024.09.28,"180,000",대전광역시 유성구 계룡로141번길 13-5
대전 유성 은하수디앤엠(D&M),5,"숙소 아주 깨끗하고 조용해서 잘 놀다 갑니다
18명 대가족으로 갔는데 다들 만족했어요",2024.09.28,"180,000",대전광역시 유성구 계룡로141번길 13-5
대전 유성 은하수디앤엠(D&M),5,저렴한가격에 너무좋은숙소를 얻은것같네요 아주깨끗하고 좋아요,2024.09.21,"180,000",대전광역시 유성구 계룡로141번길 13-5
대전 유성 은하수디앤엠(D&M),5,"너무 깨끗하고 좋았습니다.
가족들끼리 좋은 추억된고같네요",2024.09.19,"180,000",대전광역시 유성구 계룡로141번길 13-5
대전 유성 은하수디앤엠(D&M),5,시설이 깨끗하고 좋아요,2024.09.18,"180,000",대전광역시 유성구 계룡로141번길 13-5
대전 유성 은하수디앤엠(D&M),5,너무 좋았어요 다음에 또 갈게요,2024.09.02,"180,000",대전광역시 유성구 계룡로141번길 13-5
대전 유성 은하수디앤엠(D&M),5,잘 사용했어요 좋은 시간 보냈어요,2024.08.21,"180,000",대전광역시 유성구 계룡로141번길 13-5
대전 유성 은하수디앤엠(D&M),5,"대전에서 좋은 추억을 남길수 있었습니다
깔끔하고 좋아요
강추",2024.08.13,"180,000",대전광역시 유성구 계룡로141번길 13-5
대전 유성 은하수디앤엠(D&M),5,너무 깔끔하고좋았습니다!!,2024.08.06,"180,000",대전광역시 유성구 계룡로141번길 13-5
대전 유성 은하수디앤엠(D&M),5,너무 깨끗하고 시설이 좋아서 강추합니다!,2024.08.06,"180,000",대전광역시 유성구 계룡로141번길 13-5
대전 유성 은하수디앤엠(D&M),5,시설도 너무 좋고 친절해요 다음에 또 방문할게요!!,2024.07.24,"180,000",대전광역시 유성구 계룡로141번길 13-5
대전 유성 은하수디앤엠(D&M),5,편하게 잘쉬다가요 ㅎ 대만족,2024.07.19,"180,000",대전광역시 유성구 계룡로141번길 13-5
대전 유성 은하수디앤엠(D&M),5,숙소 너무 좋았어요!!!!,2024.07.16,"180,000",대전광역시 유성구 계룡로141번길 13-5
대전 유성 은하수디앤엠(D&M),5,편하게 묵을 수 있었습니다,2024.06.15,"180,000",대전광역시 유성구 계룡로141번길 13-5
대전 유성 은하수디앤엠(D&M),5,너무 깨끗하고 부족함이 없는 최고의 숙소였어요,2024.06.13,"180,000",대전광역시 유성구 계룡로141번길 13-5
대전 유성 은하수디앤엠(D&M),5,시설도 깨끗하고 쾌적했어요. 편안하게 잘 쉬었다가 갑니다.,2024.06.09,"180,000",대전광역시 유성구 계룡로141번길 13-5
대전 유성 은하수디앤엠(D&M),5,"깨끗하고 편했어요
침대도 편했구요",2024.06.08,"180,000",대전광역시 유성구 계룡로141번길 13-5
대전 유성 은하수디앤엠(D&M),5,사장님 엄청 친절하시고 숙소 깨끗해요 첫 대전 여행인데 덕분에 좋은 추억 만들고 가요,2024.05.19,"180,000",대전광역시 유성구 계룡로141번길 13-5
대전 유성 은하수디앤엠(D&M),5,조용하고 좋음 위치도 좋음,2024.05.06,"180,000",대전광역시 유성구 계룡로141번길 13-5
대전 유성 은하수디앤엠(D&M),5,"객실도 깨끗하고 위치, 청결 모두 만족해요!
다음에 또 이용하겠습니다~",2024.04.17,"180,000",대전광역시 유성구 계룡로141번길 13-5
대전 유성 은하수디앤엠(D&M),5,여럿이 내집같은 느낌으로 지낼수있는곳이에요,2024.03.31,"180,000",대전광역시 유성구 계룡로141번길 13-5
대전 유성 은하수디앤엠(D&M),5,깨끗하고 인테리어 하나하나 예쁘게 신경쓴게 기분이 좋았어요,2024.03.18,"180,000",대전광역시 유성구 계룡로141번길 13-5
대전 유성 은하수디앤엠(D&M),5,조용하고 쾌적해요,2024.03.16,"180,000",대전광역시 유성구 계룡로141번길 13-5
대전 유성 은하수디앤엠(D&M),5,친구들과 잘 묵다 갑니다,2024.03.10,"180,000",대전광역시 유성구 계룡로141번길 13-5
대전 유성 은하수디앤엠(D&M),5,편리하고 깨끗해요,2024.02.24,"180,000",대전광역시 유성구 계룡로141번길 13-5
대전 유성 은하수디앤엠(D&M),5,잘 쉬고 갑니다,2024.01.28,"180,000",대전광역시 유성구 계룡로141번길 13-5
대전 유성 은하수디앤엠(D&M),5,주차 기계식인거 빼고는 모든것이 만족스러웠습니다🥰,2024.01.24,"180,000",대전광역시 유성구 계룡로141번길 13-5
대전 유성 은하수디앤엠(D&M),5,깨끗하고 넓고 친절하셔서 모든게 다 갖춰진 숙소였어요ㅎㅎ,2023.12.27,"180,000",대전광역시 유성구 계룡로141번길 13-5
대전 유성 은하수디앤엠(D&M),5,방 진짜 깔끔하고 예뻐요 만족스러웠습니다,2023.12.18,"180,000",대전광역시 유성구 계룡로141번길 13-5
