hotel,star,review,date,price,address
대전 둔산 이안 레지던스 호텔,5,편안한 휴식을 갖기에 좋았어요. 테이블도 있어서 노트북 놓고 작업하기도 좋았네요. 잘 쉬고 갑니다,2022.11.23,"87,000",대전광역시 서구 둔산로65번길 29(둔산동)이안레지던스호텔
대전 둔산 이안 레지던스 호텔,5,"주변 다른 숙소보다 깔끔한 편이라 자주 이용하는데요
숙소나 시설이 깔끔하고 객실내에 큰 식탁이 있어 
요즘 코시국에 숙소에서 배달음식을 편하게 먹을수있어 좋습니다!",2021.01.28,"87,000",대전광역시 서구 둔산로65번길 29(둔산동)이안레지던스호텔
대전 둔산 이안 레지던스 호텔,5,"좋았어요
다음에 재방문할게요",2020.04.14,"87,000",대전광역시 서구 둔산로65번길 29(둔산동)이안레지던스호텔
대전 둔산 이안 레지던스 호텔,5,"좁은 골목에 있어서 주차가 불편하지만 잘 안내를 해 주니 편합니다.
주변 소음과 객실 간에 들리는 소리도 적고 나름 깨끗하고 편하게 쉬기에 좋더라구요.
건물은 오래되기는 했지만 관리는 잘 되어 있는 편입니다.
다음에도 이용할 생각이 드네요.",2024. 11. 13,"87,000",대전광역시 서구 둔산로65번길 29(둔산동)이안레지던스호텔
대전 둔산 이안 레지던스 호텔,5,"대전에 아는 동생 때문에 놀러갔다가 발견한 숙소입니다
가성비 최고에요 여기 자주 갈 것 같아요",2024.07.01,"87,000",대전광역시 서구 둔산로65번길 29(둔산동)이안레지던스호텔
대전 둔산 이안 레지던스 호텔,5,방도 깔끔하고 보통 숙소랑 다르게 부엌이랑 세탁기도 구비되어 있었어요!! 사장님이랑 직원분들이 매우 친절하십니다~,2024.04.29,"87,000",대전광역시 서구 둔산로65번길 29(둔산동)이안레지던스호텔
대전 둔산 이안 레지던스 호텔,5,전체적으로 깨끗하고 가정집 분위기 였고 좋았습니다 수건이 조금 얼룩하고 침대가 딱딱한거 빼고는 다 좋았습니다 ㅎㅎ,2024.06.22,"87,000",대전광역시 서구 둔산로65번길 29(둔산동)이안레지던스호텔
대전 둔산 이안 레지던스 호텔,5,편히 쉬다 왔습니다~ 다만 침대위에 전에 쓰고 나간사람들 머리카락이 그대로 있어서 아쉬웠습니다ㅠ,2024.01.24,"87,000",대전광역시 서구 둔산로65번길 29(둔산동)이안레지던스호텔
대전 둔산 이안 레지던스 호텔,5,"카운터에서 부터 친철함을 느끼며 시작한 숙소.
퇴실 30분 전까지 푹 자다가 나왔네요^^",2024. 11. 13,"87,000",대전광역시 서구 둔산로65번길 29(둔산동)이안레지던스호텔
대전 둔산 이안 레지던스 호텔,5,웰검드링크도 맛있었고 편하게 쉬다 갑니다! 친절하신 프론트 직원분 덕에 기분 좋게 이용할 수 있었어요 :)!,2024.07.21,"87,000",대전광역시 서구 둔산로65번길 29(둔산동)이안레지던스호텔
대전 둔산 이안 레지던스 호텔,5,갤러리아랑 정말 가깝고 모텔보다 오피스텔 원룸 느낌입니다. 방도 그렇게 좁지않았습니다. 다만 방음만 살짝 아쉬운점은 있었지만 만족 스러웠습니다. 하루 푹 쉬었다 갑니다.,2024.04.07,"87,000",대전광역시 서구 둔산로65번길 29(둔산동)이안레지던스호텔
대전 둔산 이안 레지던스 호텔,4,"서비스, 청결상태 다 좋네요.

주변이 번화가다보니 객기에 찬 소음들이 종종 잠을 깨우고 방음이 잘 안되는게 흠.",2023.11.26,"87,000",대전광역시 서구 둔산로65번길 29(둔산동)이안레지던스호텔
대전 둔산 이안 레지던스 호텔,4,"원룸같은 구조라 편하고 모텔처럼 창문이 닫혀있지 않아 밝아요. 여사장님 아주 친절하십니다. 기계식 주차 입출차 시간 걸리긴 큰 불편 없습니다.도심이라 지하철 타시면 되요. 근처 먹을데 천지구요.
단점은 욕조 샤워부스 없는 좁은 욕실. 위아래 층간 복도소음 아주 생생합니다.",2023.12.04,"87,000",대전광역시 서구 둔산로65번길 29(둔산동)이안레지던스호텔
대전 둔산 이안 레지던스 호텔,2,"응대는 정말 친절하셨는데요.. 

배정받은 방 가보니 찬장에는 누가 먹다가 두고간지 모르겠는
락앤락통에 밥이랑.. 그 뒤에 오징어챈지 뭔가 빨간 반찬통...
에어컨은 냉매 다 떨어졌는지 17도로 켜놔도 안시원했습니다",2024.08.16,"87,000",대전광역시 서구 둔산로65번길 29(둔산동)이안레지던스호텔
대전 둔산 이안 레지던스 호텔,3,"가격대비 만족스럽긴 한데, 실내에서 좋지 않은 냄새가 나고 이불이 사각사각 소리가 많이나서 깊게 잠을 이루지 못했어요.",2024.01.02,"87,000",대전광역시 서구 둔산로65번길 29(둔산동)이안레지던스호텔
대전 둔산 이안 레지던스 호텔,1,"와이파이 '인터넷 연결 없음'이 떠서 불렀는데 와이파이 되는지 안되는지 직접 확인도 안 해주시더라고요~
방에 누워있는데 갑자기 멀티탭이 펑 터지는게 불꽃놀이 같았어요^^
멀티탭 교체해주신다더니 저희보고 직접 하라면서 자립심도 길러주시더라고요~",2024.08.05,"87,000",대전광역시 서구 둔산로65번길 29(둔산동)이안레지던스호텔
대전 둔산 이안 레지던스 호텔,1,여기 말고 다른곳 가세요. 주방이 있다고해서 왔는데 주방도구 다 뺀 상황이고 카운터에 가서 돈주고서라도 쓸 수 없냐고 하니까 쳐다도 안보면서 안된다고 하더라구요. 자고있는데 두번이나 문을 열고 들어와서 식겁했습니다. 주변에 찾아보시면 다른 좋은곳 많아요 다른곳 가세요,2024.08.07,"87,000",대전광역시 서구 둔산로65번길 29(둔산동)이안레지던스호텔
대전 둔산 이안 레지던스 호텔,2,"3시 입실이여서 3시 30분쯤 갔는데 남사장님이신지는 모르겠으나 뜬금없이 혼잣말로 청소 안 끝났을텐데 이러시고는 사람 떡 하니 세워두고는 양해나 사과없이 세워두시는 것부터 일단 가자마자 기분 팍 상했구요.

완벽한 방음을 기대하진 않았는데 아침 8-9시부터 위층 방에서 침대 쿵쿵 거리는 소리 때문에 잠에서 계속 깨고 밖에서 청소하는 소리가 굉장히 잘 들리고 시끄러워서 또 계속 깼네요 

여자사장님은 친절하시고 숙소 청결도나 가격은 정말 괜찮다고 생각하는데 나머지는 영 .. 국내여행으로 놀러간 건데 그닥 만족스럽지는 못 했습니다.",2024.06.01,"87,000",대전광역시 서구 둔산로65번길 29(둔산동)이안레지던스호텔
대전 둔산 이안 레지던스 호텔,1,친구랑 대전 놀러왔는데 카운터 보시는 남자사장님 원래 그러시는지 모르겠는데 사람 기분 잡치게 하지마세요 주차 어떻게 하냐고 전화했더니 귀찮다는 듯이 오면 알려준다고 말씀하시고 자꾸 싸우자는듯이 말씀을 하시는데 타인 기분까지 망치지마시고 혼자 기분 나쁘게 사세요 쭉,2024.08.08,"87,000",대전광역시 서구 둔산로65번길 29(둔산동)이안레지던스호텔
대전 둔산 이안 레지던스 호텔,3,"친구 원룸 놀러온듯한 구조입니다..
화장실도 작고 물이 잘 안내려갔어요.
침구류도 깨끗하지 않았지만 가격이 싸서 그냥저냥 있다 갔습니다",2024.01.18,"87,000",대전광역시 서구 둔산로65번길 29(둔산동)이안레지던스호텔
대전 둔산 이안 레지던스 호텔,1,"정말 살면서 가본 숙소중 최악이었습니다.

새벽 3시에 체크인하고 외출하였다가 새벽 6시에 들어왔습니다.

다른 리뷰에는 친절한 직원분이라고 하시는말이 많았는데, 처음 체크인할때부터 친절한 느낌은 전혀 없었고 

주차와 체크인 하는과정중 정말 귀찮아하시는게 느껴졌습니다.

방에 들어가고나서보니 침구에는 곰팡이흔적이보이며,

침대에서는 삐걱거리는 소리가 너무 심했습니다.

그리고 들어가고 나서부터 계속 기침과 재채기가 나와 추운 겨울날씨에도 불구하고 창문을 열고 취침했습니다.

공기가 정말 너무 안좋았어요.

그리고 비품류도 면봉이랑 물도 없었는데
이부분은 그냥 원래 비치를해주지않는 물품들일수도 있을것같아 그냥 넘겼지만

퇴실시간이 12시인데 오전 11시경 환복을 하는도중에 누가 문을 열고 들어오시더라구요..

잠겨져 있는 문을 열고요.....

비명지르고 몸을숨겼는데 멀뚱멀뚱 보시다가 그냥 문을닫고 가버리시더라구요..

정말 믿을수가없습니다.

너무놀라서 인포에 전화드리려는데
객실에 인포로 연결되는 인터폰도없어 휴대폰으로
직접 전화드렸습니다.

직원분은 무슨일인지 모르겠는데 우선 죄송하다고 말씀하시는데 제가 말이 안끝났는데 전화를 끊어버리시더라구요...

정말 황당하고 열받아서 어떻게해야하지? 했는데
우선 체크아웃하고 나가면서 말씀드렸더니 
인포에 계신분이
죄송하다고 청소하는 사람이 그런것같은데 주의는 줬으나 본인이 따라다니며 확인할수도없는 노릇이고 어쩌겠냐고 하시더라구요

최소한 방 문을 연 당사자가 해명이라도 하는게 맞지않았나 싶습니다.

당사자가 사과해야하는거 아니냐 말씀드렸더니
청소하느라 바쁘시다고 하더라구요..

정말 청결 비품 서비스 무엇하나 만족한게없고
마무리까지 불쾌한경험이었네요

누가 돈을 주신다고해도 재방문의사 없습니다.",2023.11.26,"87,000",대전광역시 서구 둔산로65번길 29(둔산동)이안레지던스호텔
대전 둔산 이안 레지던스 호텔,3,음 첫날 술먹고 늦게 들어가서 몰랐는데 청소를 제대로 안해서 시트에 얼룩과 모래같은게 있더라고요 아침에 일어나서보니 엄청 찜찜하더라고요,2024.09.02,"87,000",대전광역시 서구 둔산로65번길 29(둔산동)이안레지던스호텔
대전 둔산 이안 레지던스 호텔,5,평이 좋아서 예약했는데 무조건 재방문 의사 있습니다^^왜냐하면 사장님 두분계시는것같은데 두분다 너무 친절하셔서 기분도 좋구 방 컨디션도 대만족이라 어제 숙박예약하고 지금 대실도 추가해서 아직도 머물고 있는 중입니다 ^0^,2023.02.19,"87,000",대전광역시 서구 둔산로65번길 29(둔산동)이안레지던스호텔
대전 둔산 이안 레지던스 호텔,5,자취하는 친구 원룸집에 방문한 느낌. 식탁도 있고 냉장고에 주방까지 있어서 편했어요 다만 침대 군데군데에 얼룩이 있던게 아쉬워요ㅠ,2022.10.07,"87,000",대전광역시 서구 둔산로65번길 29(둔산동)이안레지던스호텔
대전 둔산 이안 레지던스 호텔,5,시설은 조금 오래된 부분이 있으나 직원분들 다 친절하시고 부족하거나 문제되는 부분있으면 즉각적으로 바로 처리해주셔서 불편감없이 잘 쉬고 갑니다.,2023.08.26,"87,000",대전광역시 서구 둔산로65번길 29(둔산동)이안레지던스호텔
대전 둔산 이안 레지던스 호텔,5,시설은 조금 오래된 부분이 있으나 직원분들 다 친절하시고 부족하거나 문제되는 부분있으면 즉각적으로 바로 처리해주셔서 불편감없이 잘 쉬고 갑니다.,2023.08.26,"87,000",대전광역시 서구 둔산로65번길 29(둔산동)이안레지던스호텔
대전 둔산 이안 레지던스 호텔,5,"노트북 할 수 있는 테이블 있고
세탁기도 있어서 더욱 더 좋았습니다.

깔끔한 건 기본 ~

다음에 또 들르겠습니다 ^^",2023.06.30,"87,000",대전광역시 서구 둔산로65번길 29(둔산동)이안레지던스호텔
대전 둔산 이안 레지던스 호텔,5,"가격도 되게 합리적이고 방 상태도 너무 좋았어요!
앞으로 대전가면 종종 이용하려고 합니다 ㅎㅎ",2023.10.11,"87,000",대전광역시 서구 둔산로65번길 29(둔산동)이안레지던스호텔
대전 둔산 이안 레지던스 호텔,5,"매번가지만 사장님이 넘 친절하시고
깨끗한 집 같아서 더 있는 동안 편안하게 묵고 갑니다!!!💚💚💚",2023.10.04,"87,000",대전광역시 서구 둔산로65번길 29(둔산동)이안레지던스호텔
대전 둔산 이안 레지던스 호텔,5,시설도 좋았고 카운터에서도 너무 친절하게 해주셨어요 주차도 편해서 대전시내 올일생기면 또 찾을거같네요,2023.07.02,"87,000",대전광역시 서구 둔산로65번길 29(둔산동)이안레지던스호텔
대전 둔산 이안 레지던스 호텔,5,방 깨끗하고 넓어요. 주인분도 친절하셔서 저희 한명 추가되었는데 서비해주시고 필요한거 있으면 전화 바로 받으시고 좋았어요,2023.03.19,"87,000",대전광역시 서구 둔산로65번길 29(둔산동)이안레지던스호텔
대전 둔산 이안 레지던스 호텔,5,"시설이 최신식은 아니지만 잘 관리하셔서 깨끗합니다.
입지가 좋고 사장님이 정말 친절하세요.",2023.08.14,"87,000",대전광역시 서구 둔산로65번길 29(둔산동)이안레지던스호텔
대전 둔산 이안 레지던스 호텔,5,둔산동 근처 주말인데도 가격이 괜찮았어요 원룸같아서 신기하긴했지만 깨끗해서 머물기 좋았어요,2023.05.28,"87,000",대전광역시 서구 둔산로65번길 29(둔산동)이안레지던스호텔
대전 둔산 이안 레지던스 호텔,5,편안한 집같아요 나중에 또 대전올일있으면 방문할게요 편히묵다 왔습니다 취식도 가능하여 좋습니다 ^^,2022.08.17,"87,000",대전광역시 서구 둔산로65번길 29(둔산동)이안레지던스호텔
대전 둔산 이안 레지던스 호텔,5,"레스던스라 깨끗하고 편리합니다.
침구도 편하고, 가격도 좋아서 자주 이용합니다.
감사합니다",2023.09.25,"87,000",대전광역시 서구 둔산로65번길 29(둔산동)이안레지던스호텔
대전 둔산 이안 레지던스 호텔,4,"사장님 친절하시고 방 내에 전자레인지, 커피포트 등이 있어 시설이나 친절 측면은 너무 좋았어요.
근데 10시부터 방 청소를 하는 것 같은데 방에 사람이 있는데도 아무 확인 없이 문을 여셔서 많이 놀랐어요.... 체크아웃 할 때도 12시 체크아웃인데 11시 30분부터 문을 두드리시고 벨을 누르셔서 놀랐습니다..",2023.03.27,"87,000",대전광역시 서구 둔산로65번길 29(둔산동)이안레지던스호텔
대전 둔산 이안 레지던스 호텔,1,"혼자쓰는방이라고 관리 안 된 구석방을 줬어요
방 안이 들어서자마자 락스향과 먼지향이 섞인 매캐한 공기가 저를 반겨주었고요
화장대 구석구석 끼어있는 먼지와 버튼이 빠져 투박하게 생긴 헤어드라이기로 지내야 했습니다 
무엇보다 이불커버가 벗겨지기 쉬운 구조라 자고 일어나서 이불을 정리하다보니 누런 자국이 자욱하고 곳곳이 찢어진 본 이불을 볼 수 있었네요
연박으로 지내며 숙소에 들어가기 싫었어요",2022.05.01,"87,000",대전광역시 서구 둔산로65번길 29(둔산동)이안레지던스호텔
대전 둔산 이안 레지던스 호텔,3,"수압 매우약함, 방음 거의 안됌(복도에 소리 다들림)
가운없습니다. 티비는 작은편, 오피스텔을 모텔로 바꾼것",2021.03.29,"87,000",대전광역시 서구 둔산로65번길 29(둔산동)이안레지던스호텔
대전 둔산 이안 레지던스 호텔,5,"전반적으로 깔끔합니다. 
치과 냄새가 좀 나서... 소독했구나 했어요
오래된 모텔냄새는 조금 나지만 깔끔해요 
근데...보호막이 없엇어요...ㅠㅠ",2020.12.06,"87,000",대전광역시 서구 둔산로65번길 29(둔산동)이안레지던스호텔
대전 둔산 이안 레지던스 호텔,2,"체크인하고 들어갔더니 화장실에 쓰던 젖은수건 ㅠ
걸려 있고 컵도 안쪽이 세척이 안되있어 더럽고 객실바닥도 지저분함",2020.12.27,"87,000",대전광역시 서구 둔산로65번길 29(둔산동)이안레지던스호텔
대전 둔산 이안 레지던스 호텔,2,"첫번째 방에 들어갔을때 침대에 신발자국 배게에도 있어서 문의 드렸더니 방을 바꿔주셨는데
바뀐 방에도 베게 에서 냄새 나고 자국도 있었어요 
가격생각해서 그냥 잤는데 다음에는 안갈거같습니다",2023.06.29,"87,000",대전광역시 서구 둔산로65번길 29(둔산동)이안레지던스호텔
대전 둔산 이안 레지던스 호텔,1,"수건이 부족하여 수건을 달라고하니 말려서쓰면되지않냐고 하시며 , 조금 불쾌했네요

나머지는 만족하였습니다",2023.05.07,"87,000",대전광역시 서구 둔산로65번길 29(둔산동)이안레지던스호텔
대전 둔산 이안 레지던스 호텔,1,"원룸 개조한 낡은 건물이고 청결도도 그닥..
아침 10시쯤 직원인지 누가 현관 키 찍고 문열어서 깜짝 놀랐고 어이가 없었어요 다시는 안가요",2023.03.20,"87,000",대전광역시 서구 둔산로65번길 29(둔산동)이안레지던스호텔
대전 둔산 이안 레지던스 호텔,3,"주인할아버지분은 넘 친절하시고 좋았습니다
시설도 편하고 좋았습니다
다만 로비에 계신 분이 불친절하더라구요",2022.06.19,"87,000",대전광역시 서구 둔산로65번길 29(둔산동)이안레지던스호텔
대전 둔산 이안 레지던스 호텔,5,항상 친절한 서비스 감사드립니다!,2024. 11. 13,"87,000",대전광역시 서구 둔산로65번길 29(둔산동)이안레지던스호텔
대전 둔산 이안 레지던스 호텔,5,항상 친절한 서비스 감사드립니다,2024. 11. 13,"87,000",대전광역시 서구 둔산로65번길 29(둔산동)이안레지던스호텔
대전 둔산 이안 레지던스 호텔,4,"너무 따듯해서 보일러 끄고 잤네요. 물도 수압, 온도 너무 좋았어요! 잘 머물다 갑니다.",2024.11.03,"87,000",대전광역시 서구 둔산로65번길 29(둔산동)이안레지던스호텔
대전 둔산 이안 레지던스 호텔,4,"냄새도 안나고 나름 쾌적했어요
3명이서 가성비 있게 머물다 간 것 같아요~",2024.11.02,"87,000",대전광역시 서구 둔산로65번길 29(둔산동)이안레지던스호텔
대전 둔산 이안 레지던스 호텔,5,친절한 서비스 감사드립니딘 항상 잘이용하고 있습니다,2024.10.28,"87,000",대전광역시 서구 둔산로65번길 29(둔산동)이안레지던스호텔
대전 둔산 이안 레지던스 호텔,5,깔끔하고 좋네요 가격도 좋아요,2024.10.27,"87,000",대전광역시 서구 둔산로65번길 29(둔산동)이안레지던스호텔
대전 둔산 이안 레지던스 호텔,4,완전 오피스텔 분위기 주차는 타워에 넣어야하고 화장실이 작아요,2024.10.27,"87,000",대전광역시 서구 둔산로65번길 29(둔산동)이안레지던스호텔
대전 둔산 이안 레지던스 호텔,5,출장가서 편하게묵고가요,2024.10.22,"87,000",대전광역시 서구 둔산로65번길 29(둔산동)이안레지던스호텔
대전 둔산 이안 레지던스 호텔,5,항상 친절한 서비스 감사합니다 매번 잘이용하고있습니다,2024.10.21,"87,000",대전광역시 서구 둔산로65번길 29(둔산동)이안레지던스호텔
대전 둔산 이안 레지던스 호텔,5,완전 대박 친절헤요,2024.10.13,"87,000",대전광역시 서구 둔산로65번길 29(둔산동)이안레지던스호텔
대전 둔산 이안 레지던스 호텔,5,친절한 서비스 항상 감사합니다 푹쉬다 갑니다,2024.10.07,"87,000",대전광역시 서구 둔산로65번길 29(둔산동)이안레지던스호텔
대전 둔산 이안 레지던스 호텔,4,위치가 접근성이 편하고 하루묵었지만 여러일 지내도 괜찮을거 같아요,2024.10.06,"87,000",대전광역시 서구 둔산로65번길 29(둔산동)이안레지던스호텔
대전 둔산 이안 레지던스 호텔,5,항상 친절한 서비스 감사드립니다!,2024.10.05,"87,000",대전광역시 서구 둔산로65번길 29(둔산동)이안레지던스호텔
대전 둔산 이안 레지던스 호텔,5,"시설이랑 다 깨끗하고 너무 좋았는데 
아침에 커튼이 없어서 햇빛이 잘 들어와요",2024.10.04,"87,000",대전광역시 서구 둔산로65번길 29(둔산동)이안레지던스호텔
대전 둔산 이안 레지던스 호텔,5,하루 잘쉬었다 갑니다,2024.09.27,"87,000",대전광역시 서구 둔산로65번길 29(둔산동)이안레지던스호텔
대전 둔산 이안 레지던스 호텔,5,깔끔하고 또 너무 편해서 좋았어용🙏🏻 다음에도 숙소는 여기다가 잡으려구요,2024.09.23,"87,000",대전광역시 서구 둔산로65번길 29(둔산동)이안레지던스호텔
대전 둔산 이안 레지던스 호텔,5,숙소가 깨끗하고 교통이 편리해요,2024.09.19,"87,000",대전광역시 서구 둔산로65번길 29(둔산동)이안레지던스호텔
대전 둔산 이안 레지던스 호텔,5,레지던스 호텔이라 집에서 자는것같이 편해요 담배냄새도 안나구,2024.09.16,"87,000",대전광역시 서구 둔산로65번길 29(둔산동)이안레지던스호텔
대전 둔산 이안 레지던스 호텔,3,가운이 없어서 아쉬웠네요,2024.09.15,"87,000",대전광역시 서구 둔산로65번길 29(둔산동)이안레지던스호텔
대전 둔산 이안 레지던스 호텔,5,원룸 같고 좋습니다,2024.09.03,"87,000",대전광역시 서구 둔산로65번길 29(둔산동)이안레지던스호텔
대전 둔산 이안 레지던스 호텔,1,출장때문에 왔는데 남의 털이 있고 위생이 불량입니다,2024.08.31,"87,000",대전광역시 서구 둔산로65번길 29(둔산동)이안레지던스호텔
대전 둔산 이안 레지던스 호텔,5,친절&가성비 👍👍👍👍👍,2024.08.24,"87,000",대전광역시 서구 둔산로65번길 29(둔산동)이안레지던스호텔
대전 둔산 이안 레지던스 호텔,5,그냥 숙소라 생각이 안되고 정말 푹쉬다 간다라고 생각들게끔 만들어줍니다 완벽합니다,2024.08.22,"87,000",대전광역시 서구 둔산로65번길 29(둔산동)이안레지던스호텔
대전 둔산 이안 레지던스 호텔,4,"위치가 나쁘지않고 오래된 건물이지만 깔끔한편
엘리베이터와 주차는 좀 아쉬움",2024.08.19,"87,000",대전광역시 서구 둔산로65번길 29(둔산동)이안레지던스호텔
대전 둔산 이안 레지던스 호텔,5,주차는 좀 불편합니다,2024.08.11,"87,000",대전광역시 서구 둔산로65번길 29(둔산동)이안레지던스호텔
대전 둔산 이안 레지던스 호텔,2,엄청 오래된 숙소예요. 객실의 상태나 가전 제품 등 전부 노후되었습니다.,2024.08.08,"87,000",대전광역시 서구 둔산로65번길 29(둔산동)이안레지던스호텔
대전 둔산 이안 레지던스 호텔,5,가성비 좋아요 굿굿,2024.08.07,"87,000",대전광역시 서구 둔산로65번길 29(둔산동)이안레지던스호텔
대전 둔산 이안 레지던스 호텔,5,깔끔하고 좋아요 ㅎㅎ,2024.08.05,"87,000",대전광역시 서구 둔산로65번길 29(둔산동)이안레지던스호텔
대전 둔산 이안 레지던스 호텔,5,옵션이 타 숙소랑 다르게 엄청 좋습니다!,2024.08.05,"87,000",대전광역시 서구 둔산로65번길 29(둔산동)이안레지던스호텔
대전 둔산 이안 레지던스 호텔,5,편하게이용잘햇습니다,2024.07.27,"87,000",대전광역시 서구 둔산로65번길 29(둔산동)이안레지던스호텔
대전 둔산 이안 레지던스 호텔,5,잘쉬다가요 친절하십니다,2024.07.15,"87,000",대전광역시 서구 둔산로65번길 29(둔산동)이안레지던스호텔
대전 둔산 이안 레지던스 호텔,4,일하시는 분이 친절했다. 방 청소는 조금 신경써야 할듯,2024.07.15,"87,000",대전광역시 서구 둔산로65번길 29(둔산동)이안레지던스호텔
대전 둔산 이안 레지던스 호텔,5,깔끔하고 좋았어요!!!,2024.07.14,"87,000",대전광역시 서구 둔산로65번길 29(둔산동)이안레지던스호텔
대전 둔산 이안 레지던스 호텔,5,깔끔하고 좋았습니당 ㅎㅎ 주차도 불편함 없었구용~,2024.07.13,"87,000",대전광역시 서구 둔산로65번길 29(둔산동)이안레지던스호텔
대전 둔산 이안 레지던스 호텔,5,깔끔하고좋았어요!!,2024.07.08,"87,000",대전광역시 서구 둔산로65번길 29(둔산동)이안레지던스호텔
대전 둔산 이안 레지던스 호텔,5,주차 청결 셔비스 다 좋았습니다,2024.07.07,"87,000",대전광역시 서구 둔산로65번길 29(둔산동)이안레지던스호텔
대전 둔산 이안 레지던스 호텔,5,주차 청결 모든게 다 좋았습니다,2024.07.07,"87,000",대전광역시 서구 둔산로65번길 29(둔산동)이안레지던스호텔
대전 둔산 이안 레지던스 호텔,5,둔산동에서 처음으로 만족한 숙소예요,2024.06.29,"87,000",대전광역시 서구 둔산로65번길 29(둔산동)이안레지던스호텔
대전 둔산 이안 레지던스 호텔,5,숙소 깨끗하고 좋아요,2024.06.24,"87,000",대전광역시 서구 둔산로65번길 29(둔산동)이안레지던스호텔
대전 둔산 이안 레지던스 호텔,4,모텔보다는 원룸같은 느낌이었습니다.,2024.06.24,"87,000",대전광역시 서구 둔산로65번길 29(둔산동)이안레지던스호텔
대전 둔산 이안 레지던스 호텔,5,"시설도 너무 좋고 사장님 엄청 친절했어요 
군산 호텔은 여기 강력 추천이용!!!👍",2024.06.24,"87,000",대전광역시 서구 둔산로65번길 29(둔산동)이안레지던스호텔
대전 둔산 이안 레지던스 호텔,5,너무 친절하거 좋어요 !!,2024.06.23,"87,000",대전광역시 서구 둔산로65번길 29(둔산동)이안레지던스호텔
대전 둔산 이안 레지던스 호텔,4,"친절하고, 가격도 착하고 좋습니다

시설은 조금낙후되었지만
숙박에는 불편없습니다",2024.06.20,"87,000",대전광역시 서구 둔산로65번길 29(둔산동)이안레지던스호텔
대전 둔산 이안 레지던스 호텔,4,가성비 있는 숙소입니다.,2024.06.12,"87,000",대전광역시 서구 둔산로65번길 29(둔산동)이안레지던스호텔
대전 둔산 이안 레지던스 호텔,5,편히 잘 잤습니다.,2024.06.11,"87,000",대전광역시 서구 둔산로65번길 29(둔산동)이안레지던스호텔
대전 둔산 이안 레지던스 호텔,5,"위치도 좋고 가격이 저렴한데
객실도 깔끔하고 좋습니다
대전 놀러올때마다 방문합니다",2024.06.08,"87,000",대전광역시 서구 둔산로65번길 29(둔산동)이안레지던스호텔
대전 둔산 이안 레지던스 호텔,5,사장님 너무 친절하시고 조용해서 좋아요 :),2024.06.07,"87,000",대전광역시 서구 둔산로65번길 29(둔산동)이안레지던스호텔
대전 둔산 이안 레지던스 호텔,4,가성비 괜찮은 편입니다,2024.06.03,"87,000",대전광역시 서구 둔산로65번길 29(둔산동)이안레지던스호텔
대전 둔산 이안 레지던스 호텔,5,친절하고 좋아요 !! suv는 주차가 좀 어렵긴 하지만 그래도 좋습니다 !!,2024.06.03,"87,000",대전광역시 서구 둔산로65번길 29(둔산동)이안레지던스호텔
대전 둔산 이안 레지던스 호텔,4,편안하게 쉴수있고 좋습니다,2024.05.26,"87,000",대전광역시 서구 둔산로65번길 29(둔산동)이안레지던스호텔
대전 둔산 이안 레지던스 호텔,5,항상 잘 이용합니다,2024.05.26,"87,000",대전광역시 서구 둔산로65번길 29(둔산동)이안레지던스호텔
대전 둔산 이안 레지던스 호텔,5,편안하고 좋았어요 위치도 최고고 깨끗해요,2024.05.20,"87,000",대전광역시 서구 둔산로65번길 29(둔산동)이안레지던스호텔
대전 둔산 이안 레지던스 호텔,4,주차장이 협소해요 그외는 가성비좋아요,2024.05.20,"87,000",대전광역시 서구 둔산로65번길 29(둔산동)이안레지던스호텔
대전 둔산 이안 레지던스 호텔,5,"조용하고,친절한 숙소 잘 쉬고왔습니다",2024.05.08,"87,000",대전광역시 서구 둔산로65번길 29(둔산동)이안레지던스호텔
대전 둔산 이안 레지던스 호텔,5,"침대에서 소리가 많이 났습니다.
그거말고는 전체적으로 좋습니다!",2024.05.07,"87,000",대전광역시 서구 둔산로65번길 29(둔산동)이안레지던스호텔
대전 둔산 이안 레지던스 호텔,5,전반적으로 만족합니다.,2024.04.30,"87,000",대전광역시 서구 둔산로65번길 29(둔산동)이안레지던스호텔
대전 둔산 이안 레지던스 호텔,4,"쉬기 좋앗습니다
깨끗햇어요",2024.04.28,"87,000",대전광역시 서구 둔산로65번길 29(둔산동)이안레지던스호텔
대전 둔산 이안 레지던스 호텔,4,"뭔가 아쉬운거 같으면서도 깨끗한 곳.
주변 모텔보다는 좋음",2024.04.26,"87,000",대전광역시 서구 둔산로65번길 29(둔산동)이안레지던스호텔
대전 둔산 이안 레지던스 호텔,5,주위보다 저렴하고 잘 쉬다갑니딘~,2024.04.08,"87,000",대전광역시 서구 둔산로65번길 29(둔산동)이안레지던스호텔
대전 둔산 이안 레지던스 호텔,4,깔끔해서 좋았어요! 편하게 잘 쉬다 갑니다~,2024.04.08,"87,000",대전광역시 서구 둔산로65번길 29(둔산동)이안레지던스호텔
대전 둔산 이안 레지던스 호텔,5,다음 방문 예정지,2024.04.08,"87,000",대전광역시 서구 둔산로65번길 29(둔산동)이안레지던스호텔
대전 둔산 이안 레지던스 호텔,5,둔산동에서 머물기 딱 좋아요,2024.04.08,"87,000",대전광역시 서구 둔산로65번길 29(둔산동)이안레지던스호텔
대전 둔산 이안 레지던스 호텔,5,항상 좋아요,2024.04.07,"87,000",대전광역시 서구 둔산로65번길 29(둔산동)이안레지던스호텔
대전 둔산 이안 레지던스 호텔,5,레지던스의용도,2024.04.06,"87,000",대전광역시 서구 둔산로65번길 29(둔산동)이안레지던스호텔
대전 둔산 이안 레지던스 호텔,5,좋아요!!,2024.03.30,"87,000",대전광역시 서구 둔산로65번길 29(둔산동)이안레지던스호텔
대전 둔산 이안 레지던스 호텔,5,깔끔하고 좋아요,2024.03.25,"87,000",대전광역시 서구 둔산로65번길 29(둔산동)이안레지던스호텔
대전 둔산 이안 레지던스 호텔,5,다시올게요,2024.03.24,"87,000",대전광역시 서구 둔산로65번길 29(둔산동)이안레지던스호텔
대전 둔산 이안 레지던스 호텔,5,너무 좋아요,2024.03.20,"87,000",대전광역시 서구 둔산로65번길 29(둔산동)이안레지던스호텔
대전 둔산 이안 레지던스 호텔,5,아주좋아요,2024.03.11,"87,000",대전광역시 서구 둔산로65번길 29(둔산동)이안레지던스호텔
대전 둔산 이안 레지던스 호텔,5,굳굳굳굳굳,2024.03.10,"87,000",대전광역시 서구 둔산로65번길 29(둔산동)이안레지던스호텔
대전 둔산 이안 레지던스 호텔,5,좋앙요오ㅗ,2024.03.08,"87,000",대전광역시 서구 둔산로65번길 29(둔산동)이안레지던스호텔
대전 둔산 이안 레지던스 호텔,5,자주 가는데 좋아요,2024.03.07,"87,000",대전광역시 서구 둔산로65번길 29(둔산동)이안레지던스호텔
대전 둔산 이안 레지던스 호텔,5,아주좋아요,2024.03.06,"87,000",대전광역시 서구 둔산로65번길 29(둔산동)이안레지던스호텔
대전 둔산 이안 레지던스 호텔,5,깨끗하고 좋네요,2024.02.25,"87,000",대전광역시 서구 둔산로65번길 29(둔산동)이안레지던스호텔
대전 둔산 이안 레지던스 호텔,5,다시 방문 예정입니다~!,2024.02.13,"87,000",대전광역시 서구 둔산로65번길 29(둔산동)이안레지던스호텔
대전 둔산 이안 레지던스 호텔,5,너무 잘쉬다 갑니다~~다음에 또 방문할게요,2024.02.10,"87,000",대전광역시 서구 둔산로65번길 29(둔산동)이안레지던스호텔
대전 둔산 이안 레지던스 호텔,5,하루 잘 보내고갑니다,2024.01.31,"87,000",대전광역시 서구 둔산로65번길 29(둔산동)이안레지던스호텔
대전 둔산 이안 레지던스 호텔,5,하루 잘 보내고갑니다,2024.01.31,"87,000",대전광역시 서구 둔산로65번길 29(둔산동)이안레지던스호텔
대전 둔산 이안 레지던스 호텔,5,하루 잘 보내고갑니다,2024.01.31,"87,000",대전광역시 서구 둔산로65번길 29(둔산동)이안레지던스호텔
대전 둔산 이안 레지던스 호텔,5,가성비 조아용,2024.01.29,"87,000",대전광역시 서구 둔산로65번길 29(둔산동)이안레지던스호텔
대전 둔산 이안 레지던스 호텔,5,너무 편하고 보일러도 잘되고 스마트티비에 여러 ott도 있어서 좋았어요!,2024.01.17,"87,000",대전광역시 서구 둔산로65번길 29(둔산동)이안레지던스호텔
대전 둔산 이안 레지던스 호텔,4,가성비 좋아요,2024.01.15,"87,000",대전광역시 서구 둔산로65번길 29(둔산동)이안레지던스호텔
대전 둔산 이안 레지던스 호텔,5,"다른 분들 말대로 원룸같고 좋아요. 싱크대, 개별 보일러가 있는게 신기하더라고요..!",2024.01.14,"87,000",대전광역시 서구 둔산로65번길 29(둔산동)이안레지던스호텔
대전 둔산 이안 레지던스 호텔,5,원룸느낌으로 좋았어요,2024.01.08,"87,000",대전광역시 서구 둔산로65번길 29(둔산동)이안레지던스호텔
대전 둔산 이안 레지던스 호텔,5,시설이 좋고 청결이 좋아요,2024.01.03,"87,000",대전광역시 서구 둔산로65번길 29(둔산동)이안레지던스호텔
대전 둔산 이안 레지던스 호텔,3,가운이 없어서 좀 아쉬웠어요!,2024.01.02,"87,000",대전광역시 서구 둔산로65번길 29(둔산동)이안레지던스호텔
대전 둔산 이안 레지던스 호텔,5,푹 잘쉬었어요,2023.12.31,"87,000",대전광역시 서구 둔산로65번길 29(둔산동)이안레지던스호텔
대전 둔산 이안 레지던스 호텔,5,깔끔하고 좋았어요~,2023.12.25,"87,000",대전광역시 서구 둔산로65번길 29(둔산동)이안레지던스호텔
대전 둔산 이안 레지던스 호텔,5,잘 잤습니다,2023.12.16,"87,000",대전광역시 서구 둔산로65번길 29(둔산동)이안레지던스호텔
대전 둔산 이안 레지던스 호텔,5,깨끗하고 숙면했습니다.,2023.12.09,"87,000",대전광역시 서구 둔산로65번길 29(둔산동)이안레지던스호텔
대전 둔산 이안 레지던스 호텔,3,다른분과 착각하셔서 다른방 주셨는데 그럭저럭 괜찮아요,2023.12.04,"87,000",대전광역시 서구 둔산로65번길 29(둔산동)이안레지던스호텔
대전 둔산 이안 레지던스 호텔,5,번화가랑 가까워서 괜찬습니다,2023.12.04,"87,000",대전광역시 서구 둔산로65번길 29(둔산동)이안레지던스호텔
대전 둔산 이안 레지던스 호텔,5,가성비 좋고 친절하셨어요,2023.12.03,"87,000",대전광역시 서구 둔산로65번길 29(둔산동)이안레지던스호텔
대전 둔산 이안 레지던스 호텔,3,"싸긴했는데
약간의 냄새가 납니다",2023.12.03,"87,000",대전광역시 서구 둔산로65번길 29(둔산동)이안레지던스호텔
대전 둔산 이안 레지던스 호텔,5,"너무 편하고 좋은 숙소, 관리인 분도 친절하십니다!",2023.11.12,"87,000",대전광역시 서구 둔산로65번길 29(둔산동)이안레지던스호텔
대전 둔산 이안 레지던스 호텔,5,잘쉬고 갑니다,2023.11.11,"87,000",대전광역시 서구 둔산로65번길 29(둔산동)이안레지던스호텔
대전 둔산 이안 레지던스 호텔,5,레지던스라 그냥 그럼.. ㅎ,2023.10.30,"87,000",대전광역시 서구 둔산로65번길 29(둔산동)이안레지던스호텔
대전 둔산 이안 레지던스 호텔,5,직원 분 진짜 친절하시고 편하게 잘 있다 갑니다!,2023.10.29,"87,000",대전광역시 서구 둔산로65번길 29(둔산동)이안레지던스호텔
대전 둔산 이안 레지던스 호텔,4,침대 삐걱거리긴 한데 시설은 좋았어요,2023.10.23,"87,000",대전광역시 서구 둔산로65번길 29(둔산동)이안레지던스호텔
대전 둔산 이안 레지던스 호텔,5,감샇밥니다,2023.10.22,"87,000",대전광역시 서구 둔산로65번길 29(둔산동)이안레지던스호텔
대전 둔산 이안 레지던스 호텔,5,깨끗하고 아늑해서 잠을 잘 잘 수 있어 좋습니다.객실도 타숙소에 비해 넓습니다.,2023.10.17,"87,000",대전광역시 서구 둔산로65번길 29(둔산동)이안레지던스호텔
대전 둔산 이안 레지던스 호텔,4,바닥이 갈라져있었던 것 외에는 다 만족스러웠습니다.,2023.10.16,"87,000",대전광역시 서구 둔산로65번길 29(둔산동)이안레지던스호텔
대전 둔산 이안 레지던스 호텔,4,바닥이 갈라져있었던 것 외에는 다 만족스러웠습니다.,2023.10.16,"87,000",대전광역시 서구 둔산로65번길 29(둔산동)이안레지던스호텔
대전 둔산 이안 레지던스 호텔,5,매번 잘 이용합니다 꿀잠자고 나왔어요^.^,2023.10.11,"87,000",대전광역시 서구 둔산로65번길 29(둔산동)이안레지던스호텔
대전 둔산 이안 레지던스 호텔,5,방도 깨끗하고 직원분도 정말 친절하셔서 하루 잘 묵고가네요! 감사합니다,2023.10.10,"87,000",대전광역시 서구 둔산로65번길 29(둔산동)이안레지던스호텔
대전 둔산 이안 레지던스 호텔,5,모기가 어디선가 들어왔어요 ... 문을 열지두 않았는데,2023.10.10,"87,000",대전광역시 서구 둔산로65번길 29(둔산동)이안레지던스호텔
대전 둔산 이안 레지던스 호텔,5,다음에 또올게요,2023.10.09,"87,000",대전광역시 서구 둔산로65번길 29(둔산동)이안레지던스호텔
대전 둔산 이안 레지던스 호텔,3,숙소 청결도 외에 하자가 있는부분은 없었음.,2023.10.08,"87,000",대전광역시 서구 둔산로65번길 29(둔산동)이안레지던스호텔
대전 둔산 이안 레지던스 호텔,5,깨끗하고 항상 친절하세용ㅎㅎ,2023.10.05,"87,000",대전광역시 서구 둔산로65번길 29(둔산동)이안레지던스호텔
대전 둔산 이안 레지던스 호텔,5,조조조조조좋,2023.10.04,"87,000",대전광역시 서구 둔산로65번길 29(둔산동)이안레지던스호텔
대전 둔산 이안 레지던스 호텔,5,빠른 입실시간과 친절하신 사장님 덕분에 쾌적하게 숙박했습니다,2023.10.04,"87,000",대전광역시 서구 둔산로65번길 29(둔산동)이안레지던스호텔
대전 둔산 이안 레지던스 호텔,5,너무너무재밎ㅁ어요,2023.09.25,"87,000",대전광역시 서구 둔산로65번길 29(둔산동)이안레지던스호텔
대전 둔산 이안 레지던스 호텔,5,편하게 쉬다 갑니다,2023.09.19,"87,000",대전광역시 서구 둔산로65번길 29(둔산동)이안레지던스호텔
대전 둔산 이안 레지던스 호텔,5,잘쉬고 갑니아,2023.09.17,"87,000",대전광역시 서구 둔산로65번길 29(둔산동)이안레지던스호텔
대전 둔산 이안 레지던스 호텔,4,잘쉬고 갑니다,2023.09.17,"87,000",대전광역시 서구 둔산로65번길 29(둔산동)이안레지던스호텔
대전 둔산 이안 레지던스 호텔,5,너무나 깨끗하고 좋아요,2023.09.17,"87,000",대전광역시 서구 둔산로65번길 29(둔산동)이안레지던스호텔
대전 둔산 이안 레지던스 호텔,5,깨끗하고 친절하고 좋아요,2023.09.17,"87,000",대전광역시 서구 둔산로65번길 29(둔산동)이안레지던스호텔
대전 둔산 이안 레지던스 호텔,5,덕분에 잘 이용하고 갑니다,2023.09.10,"87,000",대전광역시 서구 둔산로65번길 29(둔산동)이안레지던스호텔
대전 둔산 이안 레지던스 호텔,5,깔끔하고 괜찮았어용 잘 쉬다가 갑니당,2023.09.10,"87,000",대전광역시 서구 둔산로65번길 29(둔산동)이안레지던스호텔
대전 둔산 이안 레지던스 호텔,5,진짜 좋아요!,2023.09.02,"87,000",대전광역시 서구 둔산로65번길 29(둔산동)이안레지던스호텔
대전 둔산 이안 레지던스 호텔,4,시설좋네요 싱크대도 있고,2023.08.29,"87,000",대전광역시 서구 둔산로65번길 29(둔산동)이안레지던스호텔
대전 둔산 이안 레지던스 호텔,5,생각보다 편하게 잘 지내고 갑니다,2023.08.28,"87,000",대전광역시 서구 둔산로65번길 29(둔산동)이안레지던스호텔
대전 둔산 이안 레지던스 호텔,5,깔끔해서 잘 이용했습니다,2023.08.23,"87,000",대전광역시 서구 둔산로65번길 29(둔산동)이안레지던스호텔
대전 둔산 이안 레지던스 호텔,5,사장님 너무 친절하십니다. 진짜 번창하세요.,2023.08.21,"87,000",대전광역시 서구 둔산로65번길 29(둔산동)이안레지던스호텔
대전 둔산 이안 레지던스 호텔,5,좋어요!!!,2023.08.13,"87,000",대전광역시 서구 둔산로65번길 29(둔산동)이안레지던스호텔
대전 둔산 이안 레지던스 호텔,4,나쁘지 않아요,2023.08.12,"87,000",대전광역시 서구 둔산로65번길 29(둔산동)이안레지던스호텔
대전 둔산 이안 레지던스 호텔,4,오피스텔에 하루 묵는 느낌이었어요,2023.08.07,"87,000",대전광역시 서구 둔산로65번길 29(둔산동)이안레지던스호텔
대전 둔산 이안 레지던스 호텔,5,좋았어요 따봉,2023.08.06,"87,000",대전광역시 서구 둔산로65번길 29(둔산동)이안레지던스호텔
대전 둔산 이안 레지던스 호텔,4,가성비좋아요,2023.08.02,"87,000",대전광역시 서구 둔산로65번길 29(둔산동)이안레지던스호텔
대전 둔산 이안 레지던스 호텔,5,청결하고 주차가 편리해요,2023.07.31,"87,000",대전광역시 서구 둔산로65번길 29(둔산동)이안레지던스호텔
대전 둔산 이안 레지던스 호텔,5,좋았습니다. 늦게가서 주차자리가 없었으나 노상주차 가능해서 다행이었어요,2023.07.27,"87,000",대전광역시 서구 둔산로65번길 29(둔산동)이안레지던스호텔
대전 둔산 이안 레지던스 호텔,5,이번주도 잘 쉬다갑니다 ~,2023.07.21,"87,000",대전광역시 서구 둔산로65번길 29(둔산동)이안레지던스호텔
대전 둔산 이안 레지던스 호텔,5,좋아요 자주올게요,2023.07.21,"87,000",대전광역시 서구 둔산로65번길 29(둔산동)이안레지던스호텔
대전 둔산 이안 레지던스 호텔,5,오늘도 잘 쉬었습니다 ~,2023.07.17,"87,000",대전광역시 서구 둔산로65번길 29(둔산동)이안레지던스호텔
대전 둔산 이안 레지던스 호텔,5,이번주도 잘 쉬었습니다 ~,2023.07.15,"87,000",대전광역시 서구 둔산로65번길 29(둔산동)이안레지던스호텔
대전 둔산 이안 레지던스 호텔,5,깨끗하고 좋았습니다~ 담에 또 오겠습니다~~,2023.07.11,"87,000",대전광역시 서구 둔산로65번길 29(둔산동)이안레지던스호텔
대전 둔산 이안 레지던스 호텔,5,"2번째 방문~
잘 쉬다 갑니다 ~",2023.07.07,"87,000",대전광역시 서구 둔산로65번길 29(둔산동)이안레지던스호텔
대전 둔산 이안 레지던스 호텔,5,대전 처음 방문에.이용했는데 사장님도 친철하시고 이용하는데 불편한점없었어요,2023.06.28,"87,000",대전광역시 서구 둔산로65번길 29(둔산동)이안레지던스호텔
대전 둔산 이안 레지던스 호텔,5,방도 크고 가격도 싸고 엄청 만족스럽습니다,2023.06.26,"87,000",대전광역시 서구 둔산로65번길 29(둔산동)이안레지던스호텔
대전 둔산 이안 레지던스 호텔,5,주차도 편하고 친절하고 청결합니다,2023.06.24,"87,000",대전광역시 서구 둔산로65번길 29(둔산동)이안레지던스호텔
대전 둔산 이안 레지던스 호텔,4,잘쓰고갑니다,2023.06.19,"87,000",대전광역시 서구 둔산로65번길 29(둔산동)이안레지던스호텔
대전 둔산 이안 레지던스 호텔,5,원룸 형식인데 은근 편했어요! 가성비 좋고 숙박 잘 했습니다ㅎㅎ,2023.06.16,"87,000",대전광역시 서구 둔산로65번길 29(둔산동)이안레지던스호텔
대전 둔산 이안 레지던스 호텔,5,쾌적하면서도 편안하게 잘 쉬고 가며 주위사람들한테도 적극 추천 할 수 있도록 하겠습니다,2023.06.09,"87,000",대전광역시 서구 둔산로65번길 29(둔산동)이안레지던스호텔
대전 둔산 이안 레지던스 호텔,5,가격도 저렴하고 편히 쉬다갑니다~,2023.05.31,"87,000",대전광역시 서구 둔산로65번길 29(둔산동)이안레지던스호텔
대전 둔산 이안 레지던스 호텔,5,잘쉬다갑니더,2023.05.29,"87,000",대전광역시 서구 둔산로65번길 29(둔산동)이안레지던스호텔
대전 둔산 이안 레지던스 호텔,5,/////,2023.05.23,"87,000",대전광역시 서구 둔산로65번길 29(둔산동)이안레지던스호텔
대전 둔산 이안 레지던스 호텔,4,깨끗하고 좋앗습니당 !,2023.05.21,"87,000",대전광역시 서구 둔산로65번길 29(둔산동)이안레지던스호텔
대전 둔산 이안 레지던스 호텔,5,"둔산동 모텔 가격치고는 싼편
싼맛에 맞게 오래되보이지만 적당히 잘만함",2023.05.15,"87,000",대전광역시 서구 둔산로65번길 29(둔산동)이안레지던스호텔
대전 둔산 이안 레지던스 호텔,5,너무 질 쉬었습니다,2023.05.15,"87,000",대전광역시 서구 둔산로65번길 29(둔산동)이안레지던스호텔
대전 둔산 이안 레지던스 호텔,5,너무 좋아요~,2023.05.15,"87,000",대전광역시 서구 둔산로65번길 29(둔산동)이안레지던스호텔
대전 둔산 이안 레지던스 호텔,5,너무좋아요~,2023.05.10,"87,000",대전광역시 서구 둔산로65번길 29(둔산동)이안레지던스호텔
대전 둔산 이안 레지던스 호텔,5,가격대비 만족합니당 ㅎㅎ,2023.05.08,"87,000",대전광역시 서구 둔산로65번길 29(둔산동)이안레지던스호텔
대전 둔산 이안 레지던스 호텔,5,친절하고 너무 좋았어요!!!,2023.05.08,"87,000",대전광역시 서구 둔산로65번길 29(둔산동)이안레지던스호텔
대전 둔산 이안 레지던스 호텔,4,깔끔하고 괜찮아요 다만 충전기가 없어서 조금 불편했네요 그래도 다시 올거같습니다 :),2023.05.07,"87,000",대전광역시 서구 둔산로65번길 29(둔산동)이안레지던스호텔
대전 둔산 이안 레지던스 호텔,5,하루 대전에 있어야해서 급하게 찾은 숙소인데 조용하고 좋습니다.,2023.05.01,"87,000",대전광역시 서구 둔산로65번길 29(둔산동)이안레지던스호텔
대전 둔산 이안 레지던스 호텔,4,저렴하게 혼자 이용하기에 좋았습니다.,2023.04.09,"87,000",대전광역시 서구 둔산로65번길 29(둔산동)이안레지던스호텔
대전 둔산 이안 레지던스 호텔,5,"친절하고 깨끗한데 헤어드라이기가 없어요 ㅠㅠ
전화기도 없어요ㅠ",2023.03.20,"87,000",대전광역시 서구 둔산로65번길 29(둔산동)이안레지던스호텔
대전 둔산 이안 레지던스 호텔,5,보일러 개별 난방이라 좋았고 편안하게 쉬다 갔읍니다ㅎㅎ,2023.02.11,"87,000",대전광역시 서구 둔산로65번길 29(둔산동)이안레지던스호텔
대전 둔산 이안 레지던스 호텔,5,너무 좋아용,2023.02.06,"87,000",대전광역시 서구 둔산로65번길 29(둔산동)이안레지던스호텔
대전 둔산 이안 레지던스 호텔,4,오래된 느낌이지만 깔끔합니다.,2023.01.16,"87,000",대전광역시 서구 둔산로65번길 29(둔산동)이안레지던스호텔
대전 둔산 이안 레지던스 호텔,5,가성비 좋아요,2023.01.09,"87,000",대전광역시 서구 둔산로65번길 29(둔산동)이안레지던스호텔
대전 둔산 이안 레지던스 호텔,4,방에 문제가 있어서 사장님께 연락 드렸는데 바로 바꿔주시고 친절하셔서 좋았어요,2023.01.03,"87,000",대전광역시 서구 둔산로65번길 29(둔산동)이안레지던스호텔
대전 둔산 이안 레지던스 호텔,5,준비를 못했었는데 엄청난 서비스를 주샸어요 사장님 감사해요,2023.01.02,"87,000",대전광역시 서구 둔산로65번길 29(둔산동)이안레지던스호텔
대전 둔산 이안 레지던스 호텔,5,잘쉬다갑니다,2023.01.01,"87,000",대전광역시 서구 둔산로65번길 29(둔산동)이안레지던스호텔
대전 둔산 이안 레지던스 호텔,5,잘 쉬다갑니다 굿,2022.12.25,"87,000",대전광역시 서구 둔산로65번길 29(둔산동)이안레지던스호텔
대전 둔산 이안 레지던스 호텔,4,감사합니다,2022.12.19,"87,000",대전광역시 서구 둔산로65번길 29(둔산동)이안레지던스호텔
대전 둔산 이안 레지던스 호텔,4,무난하게 묵기 좋았어요~~,2022.12.14,"87,000",대전광역시 서구 둔산로65번길 29(둔산동)이안레지던스호텔
대전 둔산 이안 레지던스 호텔,5,잘쉬다가요,2022.12.04,"87,000",대전광역시 서구 둔산로65번길 29(둔산동)이안레지던스호텔
대전 둔산 이안 레지던스 호텔,5,깔끔하고 친절하고 좋습니다,2022.11.07,"87,000",대전광역시 서구 둔산로65번길 29(둔산동)이안레지던스호텔
대전 둔산 이안 레지던스 호텔,4,모텔 수준입니다,2022.10.20,"87,000",대전광역시 서구 둔산로65번길 29(둔산동)이안레지던스호텔
대전 둔산 이안 레지던스 호텔,5,좋았어용 원룸 개조한듯한 형태예요,2022.10.17,"87,000",대전광역시 서구 둔산로65번길 29(둔산동)이안레지던스호텔
대전 둔산 이안 레지던스 호텔,5,가격대비 정말 좋았습니다,2022.09.24,"87,000",대전광역시 서구 둔산로65번길 29(둔산동)이안레지던스호텔
대전 둔산 이안 레지던스 호텔,5,좋아용~~ 입실 퇴실 시간이 좋네용,2022.09.18,"87,000",대전광역시 서구 둔산로65번길 29(둔산동)이안레지던스호텔
대전 둔산 이안 레지던스 호텔,4,가성비 좋았습니다,2022.08.29,"87,000",대전광역시 서구 둔산로65번길 29(둔산동)이안레지던스호텔
대전 둔산 이안 레지던스 호텔,5,친철하고 깨끗해용,2022.08.28,"87,000",대전광역시 서구 둔산로65번길 29(둔산동)이안레지던스호텔
대전 둔산 이안 레지던스 호텔,5,시설대비 좋음,2022.08.08,"87,000",대전광역시 서구 둔산로65번길 29(둔산동)이안레지던스호텔
대전 둔산 이안 레지던스 호텔,4,"사장님이 너무 너무 친절해요
위치 좋아요",2022.07.24,"87,000",대전광역시 서구 둔산로65번길 29(둔산동)이안레지던스호텔
대전 둔산 이안 레지던스 호텔,5,가성비좋아썽요,2022.07.01,"87,000",대전광역시 서구 둔산로65번길 29(둔산동)이안레지던스호텔
대전 둔산 이안 레지던스 호텔,4,잘 쉬다가용~~,2022.06.19,"87,000",대전광역시 서구 둔산로65번길 29(둔산동)이안레지던스호텔
대전 둔산 이안 레지던스 호텔,3,괜찮습니다,2022.06.11,"87,000",대전광역시 서구 둔산로65번길 29(둔산동)이안레지던스호텔
대전 둔산 이안 레지던스 호텔,5,너무 만족스런 스테이였어요! 다만 바닥이 끈적거리고 방향제냄새같은게 심한건 아쉬워요 ㅎㅎ,2022.06.06,"87,000",대전광역시 서구 둔산로65번길 29(둔산동)이안레지던스호텔
대전 둔산 이안 레지던스 호텔,5,가격대비 좋았습니다.,2022.05.30,"87,000",대전광역시 서구 둔산로65번길 29(둔산동)이안레지던스호텔
대전 둔산 이안 레지던스 호텔,5,잘쉬다갑니다!,2022.05.30,"87,000",대전광역시 서구 둔산로65번길 29(둔산동)이안레지던스호텔
대전 둔산 이안 레지던스 호텔,5,친절하고 좋아요,2022.05.15,"87,000",대전광역시 서구 둔산로65번길 29(둔산동)이안레지던스호텔
대전 둔산 이안 레지던스 호텔,5,책상이 타 숙소에 비해 넓어서 편했어요~,2022.05.14,"87,000",대전광역시 서구 둔산로65번길 29(둔산동)이안레지던스호텔
대전 둔산 이안 레지던스 호텔,4,집 같은 편안함,2022.05.06,"87,000",대전광역시 서구 둔산로65번길 29(둔산동)이안레지던스호텔
대전 둔산 이안 레지던스 호텔,5,친절하셔서 자주 옵니다. 합리적인 가격에 룸컨디션 괜찮습니다. 강추,2022.04.19,"87,000",대전광역시 서구 둔산로65번길 29(둔산동)이안레지던스호텔
대전 둔산 이안 레지던스 호텔,5,대전 올때마다 숙박합니다.ㅎㅎ 굿,2022.04.11,"87,000",대전광역시 서구 둔산로65번길 29(둔산동)이안레지던스호텔
대전 둔산 이안 레지던스 호텔,3,침구류가 오래되서 얼룩이 있네요.,2022.04.05,"87,000",대전광역시 서구 둔산로65번길 29(둔산동)이안레지던스호텔
대전 둔산 이안 레지던스 호텔,4,레지던스는 레지던스인데 여러 모로 아쉬운 느낌이었네요.,2022.04.03,"87,000",대전광역시 서구 둔산로65번길 29(둔산동)이안레지던스호텔
대전 둔산 이안 레지던스 호텔,5,좋았습니당,2022.03.07,"87,000",대전광역시 서구 둔산로65번길 29(둔산동)이안레지던스호텔
대전 둔산 이안 레지던스 호텔,4,직원분들이 친절합니다! 특히 자동차 관리해주셨던 분이 말씀도 젠틀하시고 편히 쉬었네용.,2022.01.07,"87,000",대전광역시 서구 둔산로65번길 29(둔산동)이안레지던스호텔
대전 둔산 이안 레지던스 호텔,5,위치도 좋고 사장님이 친절하셨어요,2021.12.27,"87,000",대전광역시 서구 둔산로65번길 29(둔산동)이안레지던스호텔
대전 둔산 이안 레지던스 호텔,5,원룸같은 형식이라 하루 쉬고가기 좋았어요,2021.12.10,"87,000",대전광역시 서구 둔산로65번길 29(둔산동)이안레지던스호텔
대전 둔산 이안 레지던스 호텔,4,편하게 잘쉬었습니다!,2021.10.09,"87,000",대전광역시 서구 둔산로65번길 29(둔산동)이안레지던스호텔
대전 둔산 이안 레지던스 호텔,5,전기포트기 청소좀 해야될거같습니다..,2021.10.04,"87,000",대전광역시 서구 둔산로65번길 29(둔산동)이안레지던스호텔
대전 둔산 이안 레지던스 호텔,5,잘 쉬다갑니다,2021.08.08,"87,000",대전광역시 서구 둔산로65번길 29(둔산동)이안레지던스호텔
대전 둔산 이안 레지던스 호텔,5,집에 있는듯한 편안함…,2021.07.09,"87,000",대전광역시 서구 둔산로65번길 29(둔산동)이안레지던스호텔
대전 둔산 이안 레지던스 호텔,4,다좋은데 주차만 불편해요,2021.07.05,"87,000",대전광역시 서구 둔산로65번길 29(둔산동)이안레지던스호텔
대전 둔산 이안 레지던스 호텔,4,편하게 잘 머물다 갑니다,2021.07.05,"87,000",대전광역시 서구 둔산로65번길 29(둔산동)이안레지던스호텔
대전 둔산 이안 레지던스 호텔,5,혼자자기 딱좋아여,2021.06.30,"87,000",대전광역시 서구 둔산로65번길 29(둔산동)이안레지던스호텔
대전 둔산 이안 레지던스 호텔,5,깔끔하고 좋아오!,2021.05.23,"87,000",대전광역시 서구 둔산로65번길 29(둔산동)이안레지던스호텔
대전 둔산 이안 레지던스 호텔,5,잘 쉬었어요 ㅎㅎ~~,2021.03.21,"87,000",대전광역시 서구 둔산로65번길 29(둔산동)이안레지던스호텔
대전 둔산 이안 레지던스 호텔,5,둔산동에서 가까워서 좋았아요,2021.02.28,"87,000",대전광역시 서구 둔산로65번길 29(둔산동)이안레지던스호텔
대전 둔산 이안 레지던스 호텔,5,깨끗했습니답,2021.02.28,"87,000",대전광역시 서구 둔산로65번길 29(둔산동)이안레지던스호텔
대전 둔산 이안 레지던스 호텔,5,잘 쉬다 가용~,2021.02.28,"87,000",대전광역시 서구 둔산로65번길 29(둔산동)이안레지던스호텔
대전 둔산 이안 레지던스 호텔,5,내부는어래됬디만좋아여,2021.01.14,"87,000",대전광역시 서구 둔산로65번길 29(둔산동)이안레지던스호텔
대전 둔산 이안 레지던스 호텔,5,좋았어요.,2020.12.13,"87,000",대전광역시 서구 둔산로65번길 29(둔산동)이안레지던스호텔
대전 둔산 이안 레지던스 호텔,5,평범무난햇어요,2020.12.11,"87,000",대전광역시 서구 둔산로65번길 29(둔산동)이안레지던스호텔
대전 둔산 이안 레지던스 호텔,5,둔산동에 갈때는 늘 묵습니다. 주차도 좋고 추천해요,2020.11.20,"87,000",대전광역시 서구 둔산로65번길 29(둔산동)이안레지던스호텔
대전 둔산 이안 레지던스 호텔,4,괜찬은거같아요,2020.11.09,"87,000",대전광역시 서구 둔산로65번길 29(둔산동)이안레지던스호텔
대전 둔산 이안 레지던스 호텔,5,좋아요👍👍👍,2020.11.06,"87,000",대전광역시 서구 둔산로65번길 29(둔산동)이안레지던스호텔
대전 둔산 이안 레지던스 호텔,5,좋았습니다,2020.10.20,"87,000",대전광역시 서구 둔산로65번길 29(둔산동)이안레지던스호텔
대전 둔산 이안 레지던스 호텔,5,아주아주 좋습니다,2020.09.25,"87,000",대전광역시 서구 둔산로65번길 29(둔산동)이안레지던스호텔
대전 둔산 이안 레지던스 호텔,5,깔끔하고 좋았어요 별5개,2020.08.17,"87,000",대전광역시 서구 둔산로65번길 29(둔산동)이안레지던스호텔
대전 둔산 이안 레지던스 호텔,5,매우 만족합니다,2020.08.10,"87,000",대전광역시 서구 둔산로65번길 29(둔산동)이안레지던스호텔
대전 둔산 이안 레지던스 호텔,5,깔끔하고 좋아요~~,2020.07.25,"87,000",대전광역시 서구 둔산로65번길 29(둔산동)이안레지던스호텔
대전 둔산 이안 레지던스 호텔,5,깔끔하고 너무 좋았습니다 ! !,2020.07.02,"87,000",대전광역시 서구 둔산로65번길 29(둔산동)이안레지던스호텔
대전 둔산 이안 레지던스 호텔,5,좋았습니다,2020.06.18,"87,000",대전광역시 서구 둔산로65번길 29(둔산동)이안레지던스호텔
대전 둔산 이안 레지던스 호텔,3,청결했습니다,2020.06.03,"87,000",대전광역시 서구 둔산로65번길 29(둔산동)이안레지던스호텔
대전 둔산 이안 레지던스 호텔,5,엄청 편했어용,2020.04.06,"87,000",대전광역시 서구 둔산로65번길 29(둔산동)이안레지던스호텔
