hotel,star,review,date,price,address
대전 유성 호텔 드레,2,"베개속이 오래되서 그런지? 객실들어가자마자 바로 홀아비냄새났어요 침대 누우니까 냄새가 더 심해서 베개도 침대도 수건깔고 이용했는데 이불덮는것도 그냥 찝찝.. 사진봤을때 시설은 세상 깨끗해보였는데 침구류에서 나는 냄새는 꽃무늬벽지있는 오래된 모텔수준으로 최악이었습니다. 
+ 조식 2층 내려가니 냉장고에 우유도 뭣도 없었습니다. 구석에 통에 담긴 시리얼이랑 주방에 전자렌지만 덜렁..",2024.08.13,"70,000",대전광역시 유성구 계룡로123번길 12
대전 유성 호텔 드레,2,평범하고그저그런숙소입니다,2024.08.13,"70,000",대전광역시 유성구 계룡로123번길 12
대전 유성 호텔 드레,5,주차나 체크인을 미처 말씀못드렸는데.. 친절히대해주셔서 감사합니다. ㅠㅠ 생각보다 정말 깔끔하고 사용하기좋았습니다.,2024.07.24,"70,000",대전광역시 유성구 계룡로123번길 12
대전 유성 호텔 드레,5,깔끔하고 좋아서 자주옵니다ㅎㅎ 잘묵고가용~,2024.07.08,"70,000",대전광역시 유성구 계룡로123번길 12
대전 유성 호텔 드레,5,깔끔했고수압도좋아요,2024.05.06,"70,000",대전광역시 유성구 계룡로123번길 12
대전 유성 호텔 드레,4,방이 생각보다 작았지만 깔끔하고 침대도 편했어요. 특히 수압이 엄청 세서 좋았고 사장님 친절하셔서 기분 좋게 이용했습니다 :),2024.04.04,"70,000",대전광역시 유성구 계룡로123번길 12
대전 유성 호텔 드레,5,감사합니다 정말,2023.12.28,"70,000",대전광역시 유성구 계룡로123번길 12
대전 유성 호텔 드레,3,화장실 샤워부스에 머리카락 덜치워진게 있고... 뭔가 제대로 청소가 덜 된느낌이 곳곳에 있었고 침대도 뽀송한느낌보단 좀 굽굽하고 냄새가 살짝 올라오는느낌이 있었어요 ㅠㅠ,2023.08.10,"70,000",대전광역시 유성구 계룡로123번길 12
대전 유성 호텔 드레,4,숙소가 깨끗하고 좋은데 치약칫솔이 없었음. 보통 숙소마다 있어서 따로 안챙겼었는데 카운터에서 미리 얘기해주거나 했으면 좋았을듯,2023.06.23,"70,000",대전광역시 유성구 계룡로123번길 12
대전 유성 호텔 드레,5,좋았습니다.,2023.06.16,"70,000",대전광역시 유성구 계룡로123번길 12
대전 유성 호텔 드레,2,"주인이 손님한테 집중을 못하시네요..
리모델링 했는데 별로네요...",2023.06.05,"70,000",대전광역시 유성구 계룡로123번길 12
