hotel,star,review,date,price,address
경하온천호텔,5,"장롱. 가구가 너무 예쁜 작품이 놓여있어요
화장실은 다른 숙박업소 방 크기보다 큽니다
너무 잘 쉬다 갑니다
대전에 오면 또 올게요~",2024.07.11,"128,000",대전광역시 유성구 온천로101번길 30
경하온천호텔,5,"친절한 서비스, 깔끔한 시설, 투숙객에 한하여 온천 이용료 2,000원 등 편히 쉬다가 갑니다. 유성온천을 즐기실 목적으로 투숙하시면 추천합니다!!!",2024.01.22,"128,000",대전광역시 유성구 온천로101번길 30
경하온천호텔,5,"시설이 노후된 것 외엔 흠 잡을 것 없이 좋습니다.
다음에 대전 갈 일이 있다면 재방문 하도록 하겠습니다.
주변인한테도 추천할만한 업소입니다.
최고입니다.",2024.07.22,"128,000",대전광역시 유성구 온천로101번길 30
경하온천호텔,3,뭐 건물이 오래되고 시설이 노후된거 감안하고 예약했어요. 그런데.. 온천호텔이니까 욕조에 몸 담그는거 하러 간건데.. 욕조 바닥에 구멍이 뚫려서 급하게 직원분 오셔서 테이프로 막아주고 가셨네요. 리모델링이 가장 시급한 방 아닐까 싶은데 구멍뚫린 욕조를 그대로 방치하고 손님을 받는다는게 도저히 이해가 가질 않더라구요. 다른건 다 괜찮았어요. 감안하고 예약했으니까요.,2024.01.25,"128,000",대전광역시 유성구 온천로101번길 30
경하온천호텔,2,직원분 친절하시고 시설은 오래됐지만 침구도 포근하고 냄새나지않고 깨끗해서 좋았습니다. 시설이 오래돼서 우풍이있고 화장실이 욕조가 너무 작고 추웠습니다. 온천물 하나보고 간거라 다 괜찮았는데 제가 온천을 이용하는 이유는 온천욕과 세신입니다. 일부러 세신할수있는 목욕탕있는곳을 주로가는데 새벽시간에 일찍갔음에도 세신이 그날 예약이 다차서 할수없다는 사실이 좀 어이없었습니다. 다른곳은 오래기다려도 가능했는데 오픈한지 얼마안된시간에 예약이 다찼다는건 동네분들을 위해서만 이용이 가능한거라 생각합니다. 목욕탕안에 자리도 몇개 없는데 이미 동네아주머니분들 다 자리차지하고 계셔서 대부분 온탕에 앉아서 잠깐하시거나 샤워부스쪽에서 간단히 하고 가시는분들이 많았습니다. 물은 좋았지만 다시 이용할것같진않습니다. 숙박하시는분들은 입장료 2천원이라 정말싸긴합니다.,2024.03.03,"128,000",대전광역시 유성구 온천로101번길 30
경하온천호텔,1,"온돌 예약했는데 중앙난방이라고 안틀어서 
저는 엄청 추웠어요. 사람마다 체감온도가 다르니까 둔하면 
괜찮을지 몰르지만 ..
그리고 방음이 잘 안되요 .소리에 예민하시면 
물소리.말소리 다 들린다고 알고 가셔야되요.",2024.10.02,"128,000",대전광역시 유성구 온천로101번길 30
경하온천호텔,5,"1970년대 부터 이어온 호텔이기에 엔틱한 특색이 있습니다. 현대적인 느낌의 요즘 다른 곳과 차별화 되어 좋았습니다.
다음에 기회가 된다면 가족들과 방문하려 합니다.
2층 한식당 음식 맛있어요
주변 산책하기도 좋구요.",2023.03.28,"128,000",대전광역시 유성구 온천로101번길 30
경하온천호텔,5,"아주낡았지만 깔끔해요. 복도에서 떠드는거 아니면 방음 굿. 이불깔끔. 무엇보다 물이 베스트! 다녀와서 보면 흉터가 메꿔져있어요~ 아토피분들 진짜 추천이요. 
저는 이번주까지 이용하면 3주연속입니다.",2023.03.06,"128,000",대전광역시 유성구 온천로101번길 30
경하온천호텔,4,"오래된 곳이라 시설 측면에서는 최근 숙박 호텔과 비교가 되기는 했으나 넓은 온돌방과 온천수로 몸을 담글 수 있는 아주 넓은 욕실과 욕조는, 낡은 시설이라는 상대적 취약점에도 불구하고 또 예약을 하게끔 만드는 곳이다.",2022.04.04,"128,000",대전광역시 유성구 온천로101번길 30
경하온천호텔,5,"되게 꼼꼼하고 깔끔하게 관리하셔서 그런지 오래된 느낌은 그닥 안 들었고 앤틱한 느낌 정도만 들었습니다. 가격도 합리적이어서 가성비도 좋았던 것 같아요 :) 
대중탕도 마찬가지로 깔끔해서 낡은 느낌은 별로 없었고 수질도 너무 좋았습니답",2023.05.29,"128,000",대전광역시 유성구 온천로101번길 30
경하온천호텔,4,"오래된 호텔이라 연식이 느껴지긴 하지만
깔끔하게 관리 되고 있는것 같아요
다른 편의 시설은 없지만 근처 식당도 많고 
편의점도 있고 위치 좋아요
저렴한 숙박비에 온천수까지 나오니 감사하죠~^^",2022.08.15,"128,000",대전광역시 유성구 온천로101번길 30
경하온천호텔,5,좀 낡아서 걱정했지만 욕실은 리모델링 되어 있고 방은 넓었어요. 온천물도 좋았고 욕조도 넓었습니다. 굳이 온천탕 내려가지 않고 프라이빗하게 즐길 수 있어서 좋았어요.친절하고 편하게 지내다 왔어요.,2023.10.04,"128,000",대전광역시 유성구 온천로101번길 30
경하온천호텔,4,들어가자마자 대걸레가 잇어서 놀랫고 문을 막 열고 들어올라해서 더 놀랫고 입실시간보다 2시간정도 늦게 갓는데 빨리왓다며 말하는 여직원때문에 기분이 안좋앗고 그런거빼면 괜찮앗어요!,2023.10.13,"128,000",대전광역시 유성구 온천로101번길 30
경하온천호텔,4,조금 오래되긴 했지만 객실도 깨끗하고 방도 따뜻해서 좋았어요.무엇보다 온천물이 나와서 너무 좋더라구요.프론트 직원분들도 친절하시고 좋았어요.다음에 대전에 오면 또 들리고 싶네요.,2023.01.23,"128,000",대전광역시 유성구 온천로101번길 30
경하온천호텔,5,방도 엄청 따뜻했고 사장님도 너무 친절했고 생각했던것보다 방 컨디션도 너무 좋았고 온천수도 너무 좋았어서 다음에 또 방문하겠습니다 ^^,2022.11.01,"128,000",대전광역시 유성구 온천로101번길 30
경하온천호텔,5,"이불시트에 얼룩진거 빼고는 괜찮았어요.
가족단위로 오는 손님이 많아서 시끄럽긴한데, 중문닫으면 방음도 괜찮습니다.",2022.10.10,"128,000",대전광역시 유성구 온천로101번길 30
경하온천호텔,5,시설은 좀 낡았지만 깨끗하고 직원들도 너무 친절하셔서 친구들 4명이 즐겁게 지내다 갑니다.,2023.06.18,"128,000",대전광역시 유성구 온천로101번길 30
경하온천호텔,5,가격대비 좋아요! 청소상태나 침구도 깨끗한편. 다만 탁자위에 롤머리빗이 롤었는데 머리카락이 그대로 있더라구요. 빗은 관리어렵다면 굳이 비치하지 않아도 될것 같아요. 저는 안갔지만 투숙객은 목욕탕 무료라고 해서 같이 간 일행이 갔다왔는데 물이 좋다고 칭찬하네요~,2022.08.16,"128,000",대전광역시 유성구 온천로101번길 30
경하온천호텔,5,"4인가족이 방문했고 준특실에서 하루 지냈습니다. 호텔에서 요깔고 자는건 처음인데 집에서는 요깔고 자기때문에 집처럼 편했고 시설이 오래됐으나 있을건 다있고 관리가 철저하게 되고 있었습니다. 단, 옆방 소음이 좀 있습니다. 어제 무슨 공사소음이 계속 들리던데 신경쓰지도 못할정도로 저희는 너무 피곤해서 샤워하고 바로잤습니다.",2023.10.03,"128,000",대전광역시 유성구 온천로101번길 30
경하온천호텔,5,"웃풍이 심하고, 방바닥도 차가워서 방안에 냉기가~~다행히 뜨듯한 온천수가 마음의 위안이 되었다는...^^",2022.12.12,"128,000",대전광역시 유성구 온천로101번길 30
경하온천호텔,4,레트로 에요. 큰 기대해 요즘 호텔 생각 하시면 안되요. 친절한 직원/ 레트로/ 주차 편리,2022.09.03,"128,000",대전광역시 유성구 온천로101번길 30
경하온천호텔,4,프론트 직원분이 무척 친절했어요. 시설은 30-40년 전 사항이라 타임머신을 탄듯 했네요. ^^,2021.10.15,"128,000",대전광역시 유성구 온천로101번길 30
경하온천호텔,3,"시설이 노후된건 이해가 가지만 청결도가 좀... 
욕조 손으로 한번 슥 만저보면 답나옵니다. 
방은 더운데 방충망이 없어서 창문도 못열었습니다.",2022.05.11,"128,000",대전광역시 유성구 온천로101번길 30
경하온천호텔,3,오래되었어도 관리가 잘 되어있고 넓어서 좋았습니다. 그런데 금연객실이라고 했는데 화장실에서 담배냄새가 심하게 올라오더라구요. 해결해달라고 프론트에 문의를 해도 본인은 비흡연자인데 냄새가 안난다는 알 수 없는 말만 반복하시다 내려가셨습니다. 솔직히 문제 해결이 아니더라도 해결하려는 척이라도 하셔야 한다고 생각했는데 대처가 실망스럽긴 했습니다. 이틀 중에 하루만 담배냄새가 심하게 올라온 것을 보니 숙박객의 문제인것 같은데 입실시 강조 한 번만 더 해주셔도 재방문 할 것 같습니다.,2022.05.15,"128,000",대전광역시 유성구 온천로101번길 30
경하온천호텔,1,온천장이라는 이유로 갔었는데 호텔과 온천 모두 청소 상태가 너무 더러웠습니다. 오래된 호텔이라고 알고 갔지만 후회만 하다가 그냥 하루밤 꾹 참고 자고 아침 일찍 나왔습니다.,2022.09.15,"128,000",대전광역시 유성구 온천로101번길 30
경하온천호텔,5,"너무 편하게 잘 쉬다가 갑니다.
온천도 하고 좋았어요",2024.10.02,"128,000",대전광역시 유성구 온천로101번길 30
경하온천호텔,5,친절한 서비스에 매번 방문하는 계기가 되네요~~^^,2024.08.23,"128,000",대전광역시 유성구 온천로101번길 30
경하온천호텔,4,오래되었지만 사우나도 하고 무엇보다 주변에 맛집이 많아요,2024.08.06,"128,000",대전광역시 유성구 온천로101번길 30
경하온천호텔,5,업무차 방문했는데 가격 대비 깨끗하고 좋았어요,2024.03.03,"128,000",대전광역시 유성구 온천로101번길 30
경하온천호텔,4,종아요 아이와같이왔는데 온천물이 다르네요,2024.03.03,"128,000",대전광역시 유성구 온천로101번길 30
경하온천호텔,5,만족스럽습니다.,2024.01.30,"128,000",대전광역시 유성구 온천로101번길 30
경하온천호텔,5,"방이 따뜻하고, 뜨거운 온천수가 펄펄~~^^",2023.12.30,"128,000",대전광역시 유성구 온천로101번길 30
경하온천호텔,3,온천수 우수,2023.11.18,"128,000",대전광역시 유성구 온천로101번길 30
경하온천호텔,4,잘쉬었어요~,2023.11.14,"128,000",대전광역시 유성구 온천로101번길 30
경하온천호텔,5,좋음 같이 있는 온천탕 좋음,2023.11.02,"128,000",대전광역시 유성구 온천로101번길 30
경하온천호텔,4,유성온천역에서 10분정도거리이고 물도 좋고 수압이 좋아요,2023.09.18,"128,000",대전광역시 유성구 온천로101번길 30
경하온천호텔,5,"온천도 작지만 물이 좋고
방도 깨큿햇습니다",2023.08.24,"128,000",대전광역시 유성구 온천로101번길 30
경하온천호텔,5,친절하고 좋습니다,2023.08.07,"128,000",대전광역시 유성구 온천로101번길 30
경하온천호텔,5,시설은 오래됐지만 깔끔하게 유지되고있어서 불편함없이 편히 쉬고 갑니다,2023.06.19,"128,000",대전광역시 유성구 온천로101번길 30
경하온천호텔,5,가격 대비 만족한 숙소에서 잘 쉬다가 갑니다.,2023.06.13,"128,000",대전광역시 유성구 온천로101번길 30
경하온천호텔,3,그냥 가격말고 물이랑 시간여행을 즐기세요,2023.06.09,"128,000",대전광역시 유성구 온천로101번길 30
경하온천호텔,4,"물이 좋고 온돌방이라 아기랑 이용하기 괜찮았어요.
시설은 낡았지만 깨끗한 것 같아요.",2023.06.06,"128,000",대전광역시 유성구 온천로101번길 30
경하온천호텔,5,생각했던거보다 훨씬좋았어요,2023.06.05,"128,000",대전광역시 유성구 온천로101번길 30
경하온천호텔,5,좀오래되보이는게 포인트에요 갬성있고좋아요,2023.04.24,"128,000",대전광역시 유성구 온천로101번길 30
경하온천호텔,4,주차장이 좋아요,2023.03.24,"128,000",대전광역시 유성구 온천로101번길 30
경하온천호텔,5,"접근성도 매우 좋고 주차장도 넒고
물도 좋고 방도 깨끗합니다
레트로 풍이에요",2023.03.19,"128,000",대전광역시 유성구 온천로101번길 30
경하온천호텔,5,낡았지만 다들 친절하시고 온천욕도 너무 좋았습니다 또 갈 수 있게 오래오래 있어주시길!,2023.02.06,"128,000",대전광역시 유성구 온천로101번길 30
경하온천호텔,5,가격대비 만족스럽게 잘 이용했습니다,2023.02.04,"128,000",대전광역시 유성구 온천로101번길 30
경하온천호텔,5,생각보다 방도 작지 않고 온천물도 좋아여,2023.01.09,"128,000",대전광역시 유성구 온천로101번길 30
경하온천호텔,4,낡았지만 관리가 잘되어있고 직원분들이 매우 친절함.,2023.01.08,"128,000",대전광역시 유성구 온천로101번길 30
경하온천호텔,4,고전적인 곳이네요.,2022.12.28,"128,000",대전광역시 유성구 온천로101번길 30
경하온천호텔,5,포근한 온천수와 따뜻한 친절과 배려로 심신의 피로가 싹 풀려요^^,2022.11.26,"128,000",대전광역시 유성구 온천로101번길 30
경하온천호텔,4,가성비 굿! 온천수도 좋고 방도 넓고 무엇보다 가격이 굿!,2022.11.26,"128,000",대전광역시 유성구 온천로101번길 30
경하온천호텔,5,못갔슈..,2022.10.26,"128,000",대전광역시 유성구 온천로101번길 30
경하온천호텔,5,가성비 좋게 왔다갑니다.,2022.10.24,"128,000",대전광역시 유성구 온천로101번길 30
경하온천호텔,5,객실 내 온천수에 녹아 사라지는 피로감을 보며 직원분들의 노고에 무한한 감사를~~^^,2022.10.18,"128,000",대전광역시 유성구 온천로101번길 30
경하온천호텔,4,편히 잘잤습니다.,2022.10.15,"128,000",대전광역시 유성구 온천로101번길 30
경하온천호텔,5,세심한 배려 덕분에 심신의 피로가 하루의 즐거움으로 변화되는 아늑한 힐링 호텔~~^^,2022.10.13,"128,000",대전광역시 유성구 온천로101번길 30
경하온천호텔,5,가성비 짱 ! 숙박각 온천탕 할인 대박 저렴.,2022.10.11,"128,000",대전광역시 유성구 온천로101번길 30
경하온천호텔,4,유성국화축제 갔다가 하루 잘 쉬었다 왔어요. 온천 물이 좋네요~~~,2022.10.11,"128,000",대전광역시 유성구 온천로101번길 30
경하온천호텔,2,방이 추워요,2022.10.11,"128,000",대전광역시 유성구 온천로101번길 30
경하온천호텔,5,객실 내 따뜻한 온천수와 사장님과 직원분들의 아낌없는 친절과 서비스가 최고~~^^,2022.10.10,"128,000",대전광역시 유성구 온천로101번길 30
경하온천호텔,5,괜찮았어요,2022.10.09,"128,000",대전광역시 유성구 온천로101번길 30
경하온천호텔,4,가성비좋다. 오래된 느낌난다.,2022.09.27,"128,000",대전광역시 유성구 온천로101번길 30
경하온천호텔,5,저렴한 가격에 좋았습니다.,2022.09.03,"128,000",대전광역시 유성구 온천로101번길 30
경하온천호텔,5,가격대비해서 넓고 좋았습니다,2022.08.16,"128,000",대전광역시 유성구 온천로101번길 30
경하온천호텔,5,교통도 편하고 가성비 짱 입니다~,2022.08.08,"128,000",대전광역시 유성구 온천로101번길 30
경하온천호텔,4,클래식하고 좋았어요,2022.07.24,"128,000",대전광역시 유성구 온천로101번길 30
경하온천호텔,4,출장으로 방문했어요,2022.07.15,"128,000",대전광역시 유성구 온천로101번길 30
경하온천호텔,3,가격대비 만족합니다만 화장실 청소가 조금 더 깨끗이 되면 좋겠다는 생각이 듭니다.,2022.05.30,"128,000",대전광역시 유성구 온천로101번길 30
경하온천호텔,4,2년만의 가족들과 나들이 너무좋은 곳으로 기억될꺼 같아요,2022.05.23,"128,000",대전광역시 유성구 온천로101번길 30
경하온천호텔,4,2년만의 가족들과 나들이 너무좋은 곳으로 기억될꺼 같아요,2022.05.23,"128,000",대전광역시 유성구 온천로101번길 30
경하온천호텔,5,푹 쉬고 갑니당!!,2022.05.10,"128,000",대전광역시 유성구 온천로101번길 30
경하온천호텔,4,"이벤트 하길래 갔다왔습니다! 
온천 물 정말 좋더라구요",2022.05.10,"128,000",대전광역시 유성구 온천로101번길 30
경하온천호텔,3,가격대비 굿. 클래식.,2022.05.09,"128,000",대전광역시 유성구 온천로101번길 30
경하온천호텔,5,깔끔한 시설에서 잘 쉬고 갑니다.,2022.05.09,"128,000",대전광역시 유성구 온천로101번길 30
경하온천호텔,5,좋아요~~,2022.05.07,"128,000",대전광역시 유성구 온천로101번길 30
경하온천호텔,2,시설은 별로지만 물은 좋아요. 굿,2022.05.07,"128,000",대전광역시 유성구 온천로101번길 30
경하온천호텔,4,"깨끗하고 좋았어요
근데 중앙난방이라 너무 더워서 잠을 못 잤네요ㅜㅜ",2022.04.25,"128,000",대전광역시 유성구 온천로101번길 30
경하온천호텔,5,클래식의 진수! 너무 친절 하시고 조용해서 좋았습니다.,2022.04.18,"128,000",대전광역시 유성구 온천로101번길 30
경하온천호텔,5,시설은 오래되었지만 관리를 잘해서 깨끗하고 주말에도 6만원이라 가성비 최고입니다,2022.04.04,"128,000",대전광역시 유성구 온천로101번길 30
경하온천호텔,5,최고예요. 시설은 오래되었지만 가격 저렴하고 깨끗하고 사우나도 있어서 좋아요,2021.11.14,"128,000",대전광역시 유성구 온천로101번길 30
