hotel,star,review,date,price,address
더휴식 워커스 호텔 대전 월평 by 아늑,5,고이고이 침구류랑 어메니티 쓰는곳은 일단 평타이상이더라고요 조식맛있있으나 태블릿모니터는 고장이어서 아쉬웠네요,2024. 11. 13,"75,000",대전광역시 서구 한밭대로570번길 29-12
더휴식 워커스 호텔 대전 월평 by 아늑,5,깔끔하고 좋았습니다,2024.10.28,"75,000",대전광역시 서구 한밭대로570번길 29-12
더휴식 워커스 호텔 대전 월평 by 아늑,5,대전 출장 1순위 인듯합니다,2024.10.23,"75,000",대전광역시 서구 한밭대로570번길 29-12
더휴식 워커스 호텔 대전 월평 by 아늑,5,깨끗하고 침대가 푹신해서 좋았어요,2024.10.19,"75,000",대전광역시 서구 한밭대로570번길 29-12
더휴식 워커스 호텔 대전 월평 by 아늑,5,깔끔하고 좋아요~~~~,2024.10.16,"75,000",대전광역시 서구 한밭대로570번길 29-12
더휴식 워커스 호텔 대전 월평 by 아늑,2,"리모델링해서 깔끔한 편이지만
주차가 너무 불편합니다,,,
침대 받침 가구 모서리가 뾰족해서 아기들과 머무르기에 부적절합니다",2024.09.18,"75,000",대전광역시 서구 한밭대로570번길 29-12
더휴식 워커스 호텔 대전 월평 by 아늑,5,"명절 장시간이동으로 피곤을 풀고자 선택했던 숙소입니다!
친절한 안내와 쾌적한 시설로 명절연휴에 잘 이용했습니다~",2024.09.18,"75,000",대전광역시 서구 한밭대로570번길 29-12
더휴식 워커스 호텔 대전 월평 by 아늑,5,매트리스 엄청 편안했고 배개가 두종류가 있는데 하나는 매모리폼이라 매우 만족스러웠습니다! 스피커도 잘되어 있어 자기전에 한참 듣다가 잤네요~,2024.09.04,"75,000",대전광역시 서구 한밭대로570번길 29-12
더휴식 워커스 호텔 대전 월평 by 아늑,5,"좋아요~~~~~~~,",2024.07.28,"75,000",대전광역시 서구 한밭대로570번길 29-12
더휴식 워커스 호텔 대전 월평 by 아늑,5,"애들이 또가자고 합니다.
넓고 욕실도 커서 좋았습니다.
그리고 담날 조식이 대박입니다!
대전 맛집이에요",2024.07.21,"75,000",대전광역시 서구 한밭대로570번길 29-12
더휴식 워커스 호텔 대전 월평 by 아늑,5,깨끗하고 아늑했어요~^^,2024.07.15,"75,000",대전광역시 서구 한밭대로570번길 29-12
더휴식 워커스 호텔 대전 월평 by 아늑,3,"위치 너무 좋았아요! 들어가서도 방컨디션 나쁘지 않다고 생각했는데 먼지가 조금 보였고, 모든 방이 금연구역이라고 했음에도 불구하고 저녁부터 계속 담배냄새가 나더니 새벽내내 아침까지도 나더라구요. 에어컨에서 타고 들어오는 냄새였는지.. 그거 때문에 조금 불편했습니다.. 이런점은 좀더 관리해서 보완했으면 좋겠어요!",2024.07.15,"75,000",대전광역시 서구 한밭대로570번길 29-12
더휴식 워커스 호텔 대전 월평 by 아늑,5,"다 좋았습니당 
컴퓨터 한대가 작동이 안됐는데 바로 오셔서 고쳐주셨어요!",2024.07.01,"75,000",대전광역시 서구 한밭대로570번길 29-12
더휴식 워커스 호텔 대전 월평 by 아늑,5,방이 깔금해서. 안마의자도 좋아요,2024.06.27,"75,000",대전광역시 서구 한밭대로570번길 29-12
더휴식 워커스 호텔 대전 월평 by 아늑,5,잘 쉬다 왔습니다.,2024.06.16,"75,000",대전광역시 서구 한밭대로570번길 29-12
더휴식 워커스 호텔 대전 월평 by 아늑,5,객실 넓고 좋았어요,2024.06.16,"75,000",대전광역시 서구 한밭대로570번길 29-12
더휴식 워커스 호텔 대전 월평 by 아늑,4,다 만족스러웠어요 아쉬운건 블루투스 스피커가 연결이 안되는게 아쉬웠습니다..,2024.05.14,"75,000",대전광역시 서구 한밭대로570번길 29-12
더휴식 워커스 호텔 대전 월평 by 아늑,5,다양한 방이 있어서 고르는데 재미있었습니다. 업무가 아닌 여행이지만 간단히 맥주 편하게 마실 수 있는 테이블을 원해 포커스룸으로 선택했는데 만족스러웠습니다. 옷관리기도 있어서 잘 이용했고 옆에 트레이더스가 있어서 쇼핑도 편했습니다. 주차도 친절하게 도와주시고 좋았습니다.,2024.04.19,"75,000",대전광역시 서구 한밭대로570번길 29-12
더휴식 워커스 호텔 대전 월평 by 아늑,4,방도 깔끔하고 위치도 괜찮았습니다. 전체적인 가성비가 좋습니다.,2024.04.14,"75,000",대전광역시 서구 한밭대로570번길 29-12
