hotel,star,review,date,price,address
대전 유성 에이스호텔 by 아늑,5,인테리어가 아주 예뻐서 기분 좋은 시간 보냈어요. 깨끗하고 친절하시고 난방도 잘 되고 시설도 편리하고 비품도 넉넉해요.,2024.01.04,"38,000",대전광역시 유성구 계룡로141번길 13-21
대전 유성 에이스호텔 by 아늑,5,"오픈한날인지 모르고 갔더니 오픈한날이였어요!
사진처럼 깔끔하고 너무 이뻤어요 ㅎㅎ
친절하게 설명도 해주시고! 보일러도 빵빵해서
너무 따시게 잘지내고 갑니당!! 최고예요👍🏻",2023.12.30,"38,000",대전광역시 유성구 계룡로141번길 13-21
대전 유성 에이스호텔 by 아늑,5,날씨가 추울때는 처음 가봤는데 난방이 엄청 잘됩니다. 이번에도 편하게 쉬었다갑니다! 하지만 제가 묵은 호실만 그런지 406호 화장실 샤워기 따뜻한 수압이 엄청 약하네요 다음에 갔을때 고쳐져있길바랍니다!,2024. 11. 13,"38,000",대전광역시 유성구 계룡로141번길 13-21
대전 유성 에이스호텔 by 아늑,5,"객실 내부는 청결하고 정말좋아요
다망 대로가 옆에 있어서 밤에 차 지나다니는 소리가 좀 들려요
칫솔치약 없어서 따로 챙기셔야 해요",2024. 11. 13,"38,000",대전광역시 유성구 계룡로141번길 13-21
대전 유성 에이스호텔 by 아늑,5,"내부는 청결하고 매우 만족이에요
다만 대로가 옆에 있어서 잘때 차 지나다니는 소리가 좀 들림
그리고 칫솔치약은 없어서 프런트에서 사거나 챙겨오셔야 해요",2024. 11. 13,"38,000",대전광역시 유성구 계룡로141번길 13-21
대전 유성 에이스호텔 by 아늑,5,"세돌아이와 엄마와 단둘이 3박4일 묵었어요
아기 있는 경우는 다른 룸 말고 꼭 뮤직앤북룸으로...
이유는 맨밑에^^


숙소 장점

1. 코앞에 nc백화점이 있어서 고른 숙소에요 애랑 다니다보면 불시에 뭐 사야될 거 자주 생기잖아요 식당가도 다 맛있었어요 
 
2. 사장님 정말 친절하심

3. 특히 1층에 있는 커피머신, 생수냉장고, 수건, 전자렌지~ 너무 유용히 잘썼어요

4. 제일 좋았던건 매일 룸청소 해주신거~ 이런 서비스 있는지 모르고 예약했던건데 외출했다 돌아오니 객실 정비가 싹 되어있어서 기분 좋았어요^^

※ 따로 침대가드가 없어서 어쩔까 하다가 뮤직앤북룸에 있는 쇼파발받침대가 침대와 벽사이에 딱 끼는 사이즈라 끼워놓고 베개로 막아놓고 안전하게 잘잤어요",2024.08.11,"38,000",대전광역시 유성구 계룡로141번길 13-21
대전 유성 에이스호텔 by 아늑,5,북 앤 뮤직룸에서 숙박했음! 인테리어나 가구들 진짜 편하고 깨끗하고 고급스러웠음 모텔 특유의 답답하고 어두운 느낌을 진짜 안좋아하는 데 여기는 조명이 밝고 아늑한 느낌이라 거의 에어비앤비 숙소 같은 감성이었음. 주변에 밤 늦게까지 배달되는 곳 많은 점도 좋았음. 창문이 커서 환기가 잘되고 해도 잘 들어왔음. 유성 호텔 중에서 젊은 커플들이 제일 좋아할 숙소일 것 같음. 그리고 직원분이 진짜 엄청 친절하시고 서비스적으로 너무 섬세하셔서 더더 좋게 느껴진것 같음. 재방문 무조건 할거같음!,2024.06.06,"38,000",대전광역시 유성구 계룡로141번길 13-21
대전 유성 에이스호텔 by 아늑,5,"새벽 늦게 체크인 했는데도 뮤직룸으로 룸 업그레이드 해주신 사쟌님 넘 감사하구 .. 늦은 시간이라 무인기계에서 어메니티 구입하려고 했는데 잘 안되가지구 새벽에 쉬고 계셨을텐데 불편한 기색 하나 없이 기계가 한번씩 오류 난다며 웃으며 맞아주신 사장님 너무 감사해요오 ..♥
진짜 대전에서 이 가격에 이만한 청결도, 룸컨디션, 친절함 찾기 힘들어서 저만 알고 싶지만 .. 많이 알려져서 오래오래 영업해주시면 좋겠다는 마음에 찐 후기 작성합니다 !!!
다른 아늑도 여러 군데 가봤지만 유성 에이스 아늑이 최고 ♡♡",2024.06.18,"38,000",대전광역시 유성구 계룡로141번길 13-21
대전 유성 에이스호텔 by 아늑,5,"아늑 출장때마다 가고싶었는데 늘 예약이 가득차서 못갔어요
방문전날 주차안내 왔었구요 만차시 근처주차 안내~
기대를 안고 간아늑 
✅️ 카운터 여직원 옆에 읽어보시고 필요하시믄 말씀주세요.(카운터가 얼굴인데 실망 😞)
✅️ 4월초인데 방이 너무 추웠음 샷시가 한개로 되서 바람이 들어와요
✅️ 소음이 옆방 문여는 소리 등등
많이 실망했어용
안에 방은 원룸처럼 아늑하게 좋아요
넓고 깨끗해요",2024.04.16,"38,000",대전광역시 유성구 계룡로141번길 13-21
대전 유성 에이스호텔 by 아늑,5,"태평소 국밥 걸어서 갈 수 있고요 역이랑도 가깝습니다.
주차는 스파텔 쪽 유성온천공원 대로변에 했습니다.
화장실 바닥 배수구가 물이 되게 천천히 내려갔는데 대응을 너무 친절하게 해주셨습니다.
샤워기 수압이 조금 약하긴 합니다만 큰 불편은 없습니다.
티비로 넷플 가능하구요. 방이 깔끔해서 좋습니다 ㅎㅎ",2024.10.21,"38,000",대전광역시 유성구 계룡로141번길 13-21
대전 유성 에이스호텔 by 아늑,5,"유성 에이스호텔 아늑 최고 .. ♥
좋은 사장님께서 운영하시는 좋은 호텔인 만큼 
좋은 손님, 매너있는 투숙객분들이 더 많이 찾아주셨으면 좋겠습니다 ~! ♥️♥️
협찬 없는 찐! 100% 내돈내산 후기에오 ㅎㅎㅎ
항상 깔끔한 객실 상태, 룸 업그레이드 해주시구 항상 너무 친절하신 사장님 덕분에 
오늘도 너무 잘 쉬었다 갑니다 🤍🤍🤍
다음 주도 방문할게용~~",2024.06.26,"38,000",대전광역시 유성구 계룡로141번길 13-21
대전 유성 에이스호텔 by 아늑,4,"출장차 숙박을 하게 되었는데, 
객실 자체가 깨끗하면서 깔끔해가지고 괜찮았습니다!

한 가지 조금 아쉬운 점은 욕실에서 샤워하고나서 조금 시간이 지나면 욕실 내에서 하수구 냄새인지 젖어 있던 바닥이 마르면서 올라오는 냄새인지 그런게 조금 있던 것만 제외하면 전체적인 객실 컨디션은 나쁘지 않아서 좋은거 같습니다! ☺️",2024.10.25,"38,000",대전광역시 유성구 계룡로141번길 13-21
대전 유성 에이스호텔 by 아늑,5,"너무 깔끔하고 아늑한 방을 저렴하게 이용할 수 있어서 만족스러워요.
방이 너무 따뜻해서 편안하게 숙면했습니다. 매주 숙박 시설을 이용하는데 이 서비스와 가격이 유지되었으면 좋겠습니다.
모든 부분이 만족스러웠지만 한가지 사항을 부탁드리자면 자유롭게 이용할수있는 수건을 배치해주셨으면 너무 감사드릴것같아요^^
편안하게 잘 이용하고 갑니다 감사합니다",2024.01.23,"38,000",대전광역시 유성구 계룡로141번길 13-21
대전 유성 에이스호텔 by 아늑,5,"세면대 수압 빼고 인테리어도 위치도 청결 등 어디 갔다 오기 정말 편하고 좋았습니다 근처에 편의점, 카페, 메가박스 등 조금만 가면 시내가 있고 바로 앞에 지하철역 있어서 너무 좋았어요",2024.08.08,"38,000",대전광역시 유성구 계룡로141번길 13-21
대전 유성 에이스호텔 by 아늑,5,"시설이 매우 깔끔하고 완벽한 곳이였습니다.
분위기도 너무 좋고, 특히 화장실이 너무 넓어서 감당이 안될정도로 너무 좋았습니다.
객실크기도 크고 침대 또한 넓었습니다. 
저는 매우 만족할 만한 사이즈였습니다.
다음에 또 이용하겠습니다!",2024.02.18,"38,000",대전광역시 유성구 계룡로141번길 13-21
대전 유성 에이스호텔 by 아늑,5,"시설이 매우 깔끔하고 완벽한 곳이였습니다.
분위기도 너무 좋고, 특히 화장실이 너무 넓어서 감당이 안될정도로 너무 좋았습니다.
객실크기도 크고 침대 또한 넓었습니다. 
저는 매우 만족할 만한 사이즈였습니다.
다음에 또 이용하겠습니다!",2024.01.24,"38,000",대전광역시 유성구 계룡로141번길 13-21
대전 유성 에이스호텔 by 아늑,5,"시설도 깔끔하고 만족스럽게 머물다 가요:)
607호 배정을 받았는데 항상 수압이 약한점이 아쉬워요 정말 쫄쫄쫄 나와요
하지만 이 단점을 커버할 만큼 다른 부분이 좋아요! 잘 머물다 갑니다:)",2024.05.24,"38,000",대전광역시 유성구 계룡로141번길 13-21
대전 유성 에이스호텔 by 아늑,5,"다른 곳에 비해서 굉장히 넓어요(그만큼 가격대 있음)
오픈한지 얼마 안되어서 그런지 시설도 깨끗해요^^
인테리어가 예뻐요
아늑호텔브랜드는 믿고 방문하는 편인데 이번에도 편히 쉬다 가요!!

아 수압이 생각보다 많이 약해서 아쉬웠어요ㅠㅠ",2024.03.08,"38,000",대전광역시 유성구 계룡로141번길 13-21
대전 유성 에이스호텔 by 아늑,5,"후기 진짜 안 남기는데 아늑 호텔중 가장 만족했어요 !
객실 청결도 , 상태 모두 만족했고
룸 업그레이드 해주셔서 더욱 편하게 쉬었습니다 :)
종종 이용할 것 같아요 !",2024.06.12,"38,000",대전광역시 유성구 계룡로141번길 13-21
대전 유성 에이스호텔 by 아늑,5,출장차 방문했는데 리모델링해서 그런지 아주 깔끔하고 전객실 금연이라 냄새걱정없어 편안하게 묵고 왔어요,2024.10.21,"38,000",대전광역시 유성구 계룡로141번길 13-21
대전 유성 에이스호텔 by 아늑,4,숙소는 깔끔하고 정리도 잘되어있고 침대도 푹신해서 잘 잤네요 다만 화장실 변기가 청소를 안한건지 변기 안에 분변이 묻어있어서 너무 찝찝했어요 물로 내려서 씻어내긴 했지만... 비품도 없는게 있고 수압이 약해서 불편하긴 했지만 편안하고 잠 잘자서 만족했습니다,2024.06.23,"38,000",대전광역시 유성구 계룡로141번길 13-21
대전 유성 에이스호텔 by 아늑,4,시설은 집 같아서 편하고 좋아요 ㅎㅎ 근데 비품을 따로 제공 안 하니 예약 홈화면에 공지로 대문짝만하게 적어놓으면 어떨까요,2024.05.13,"38,000",대전광역시 유성구 계룡로141번길 13-21
대전 유성 에이스호텔 by 아늑,4,"정말 좋아서 매번 가는곳이지먼 이번엔 쉬고있는데 카드찍고 멋대로 들어오셔서 많이 당황하고 놀랐네요.
실수라고는 하셨는데 좀 불안하기도 했구요 냉장고에서 물이 좀 흥건하게 있어서 약간 불편한거 말고는 다 너무 만족스러웠습니다...주의해주시길 바래요..😌",2024.05.09,"38,000",대전광역시 유성구 계룡로141번길 13-21
대전 유성 에이스호텔 by 아늑,5,침대너무 푹신해영 가격도 싸고 깨끗해서 유성 주변 숙소중에서 제일 가성비 좋아용 요즘 맨날 여기만 예약합니당ㅎㅎ,2024.06.05,"38,000",대전광역시 유성구 계룡로141번길 13-21
대전 유성 에이스호텔 by 아늑,5,"새로 리모델링하여서 그런지 너무 깨끗하고 좋아요☺️ 입실하자마자 방바닥도 너무 따뜻했고
방안 가득 포근하고 아늑한 분위기를 주어서 
하루 잘 쉬었다갔습니다💛 재방문 의사 또 있어요!!",2024.02.25,"38,000",대전광역시 유성구 계룡로141번길 13-21
대전 유성 에이스호텔 by 아늑,5,이틀 숙박했는데 너무 깔끔하고 친절하게 안내해주는 서비스도 좋았어요~ 하루는 방 업그레이드 해주셔서 기분도 좋았네요! 다음에 또 이용할게요~,2024.10.12,"38,000",대전광역시 유성구 계룡로141번길 13-21
대전 유성 에이스호텔 by 아늑,5,"한주 출장으로 주말 호캉스로
하루 보내기 위해 묵었던

숙소인데 아주 깨끗하고
조용해서 좋았어요

주변에 먹거리들도
많아 골라 먹는 재미도

쏠쏠~
아무튼 편안한 하루 보내다 갑니다^^",2024.09.10,"38,000",대전광역시 유성구 계룡로141번길 13-21
대전 유성 에이스호텔 by 아늑,5,"연박 예약했는데 잘 쉬고 갑니다
방도 따듯하고 침대가 너무 편하네요
캐리어도 맡아주셔서 편하게 업무보고 갑니다
곧 다시 갈 예정인데 또 들려야겠어요
👍👍🫡",2024.01.31,"38,000",대전광역시 유성구 계룡로141번길 13-21
대전 유성 에이스호텔 by 아늑,5,"최근 가본 숙소중에 너무 깔끔하고 맘에들었어요!
담에 또 대전갈일 있으면 재방문의사 100프로입니당💛",2024.01.22,"38,000",대전광역시 유성구 계룡로141번길 13-21
대전 유성 에이스호텔 by 아늑,4,"스탠다드 객실사용했습니다.
전반적으로 깔끔하게 정리되어 있어 이용에 불편함이 없었습니다
다만 샤워기의 수압이 약해 아쉬웠습니다
수압은 개선이 필요합니다!",2024.09.27,"38,000",대전광역시 유성구 계룡로141번길 13-21
대전 유성 에이스호텔 by 아늑,5,아늑브랜드의 깔끔함도 챙기면서 다른 아늑과 다르게 객실도 넓고 최근 이용한 숙소중에 가장 만족스러운 숙소입니다! 욕실 수압만 조정되면 더 좋을듯합니당,2024.08.21,"38,000",대전광역시 유성구 계룡로141번길 13-21
대전 유성 에이스호텔 by 아늑,5,"좋았어요!! 방 넓고 따듯하고 깔끔해서 좋아요!
다만 옷 거는 곳이 가운 거는 곳 뿐이었다는거,,
재방문의사 100% 입니다!",2024.01.25,"38,000",대전광역시 유성구 계룡로141번길 13-21
대전 유성 에이스호텔 by 아늑,5,"넓고 쾌적했습니다. 어매니티 2천원이니, 칫솔 치약 꼭 챙겨가세요~ 슬리퍼도 푹신하고 닌텐도도 재밌었어요. 마리오키트, 복싱, 별의 커비 이렇게 세 가지 있었습니다.",2024.01.22,"38,000",대전광역시 유성구 계룡로141번길 13-21
대전 유성 에이스호텔 by 아늑,5,깨끗하고 침대가 푹신해요. 방도 엄청나게 큽니다. 숙박 했는데 정말 잘 잤습니다 다만 이불에 립스틱 자국 있었어요,2024.07.09,"38,000",대전광역시 유성구 계룡로141번길 13-21
대전 유성 에이스호텔 by 아늑,5,"대전을 다시간다면 ㅎㅎ 꼭 다시
갈거에요 ㅎㅎ가격도 저렴하고 너무 깨긋해서 너무 좋았답니다 ㅎㅎ원래 후기 진짜 안남기는 데 너무 좋아서 남겨요",2024.06.02,"38,000",대전광역시 유성구 계룡로141번길 13-21
대전 유성 에이스호텔 by 아늑,5,프론트 직원분도 친절하시고 위생도 청결해서 좋았어요~ 화장실 하수구도 물 잘 빠지고 수압상태도 좋았습니다😄,2024.05.27,"38,000",대전광역시 유성구 계룡로141번길 13-21
대전 유성 에이스호텔 by 아늑,5,중요한 시험을 보기위해 내려가 3박 이용했습니다 객실도 너무 깔끔하고 좋았습니다 다시 대전을 가게된다면 재방문 하겠습니다,2024.02.02,"38,000",대전광역시 유성구 계룡로141번길 13-21
대전 유성 에이스호텔 by 아늑,5,"출장으로 모든 회사 직원들이 동일한 숙소에
묵었는데 모두 너무 쾌적하고 깨끗하고 좋았다고 합니다!!",2024.09.16,"38,000",대전광역시 유성구 계룡로141번길 13-21
대전 유성 에이스호텔 by 아늑,5,"출장으로 모든 회사 직원들이 동일한 숙소에
묵었는데 모두 너무 쾌적하고 깨끗하고 좋았다고 합니다!!",2024.09.16,"38,000",대전광역시 유성구 계룡로141번길 13-21
대전 유성 에이스호텔 by 아늑,5,"출장으로 모든 회사 직원들이 동일한 숙소에
묵었는데 모두 너무 쾌적하고 깨끗하고 좋았다고 합니다!!",2024.09.16,"38,000",대전광역시 유성구 계룡로141번길 13-21
대전 유성 에이스호텔 by 아늑,5,"너무 좋아요, 특히 새 건물(리모델링)이라 청결하고 무엇보다도 담배 냄새가 없어서 더 좋았어요",2024.07.09,"38,000",대전광역시 유성구 계룡로141번길 13-21
대전 유성 에이스호텔 by 아늑,5,일단 방이 넓고 근처에 편의점도 가깝고 도보 1분거리에 백화점도 있어서 좋아요!! 역도 가까워서 걸어다니는 분들에게도 좋아요!,2024.07.01,"38,000",대전광역시 유성구 계룡로141번길 13-21
대전 유성 에이스호텔 by 아늑,5,"객실도 넓고, 신축이어서 너무 깔끔하고 좋았습니다. 다음에도 군산 출장가면 무조건 여기로 할것 같습니다",2024.04.24,"38,000",대전광역시 유성구 계룡로141번길 13-21
대전 유성 에이스호텔 by 아늑,5,"객실이 깨끗하고 침구류가 뽀송해서 좋아요.
출장 갈 때마다 이용하고 있어요. 
적극 추천합니다",2024.10.08,"38,000",대전광역시 유성구 계룡로141번길 13-21
대전 유성 에이스호텔 by 아늑,5,뮤직룸 처음 이용해봤는데 좋았습니다! 스피커?가 충전이 안되어있어서 아쉽긴했지만 만족스럽게 이용했습니다.,2024.10.14,"38,000",대전광역시 유성구 계룡로141번길 13-21
대전 유성 에이스호텔 by 아늑,5,"방에 에어컨이 잘 안나온다고 하니까 친절하게 방 바꿔주시고 너무 깔끔해서 좋았어요!!
대전에서 자야 할 때는 매번 여기서 잡니다~~
최고입니당!!!",2024.07.30,"38,000",대전광역시 유성구 계룡로141번길 13-21
대전 유성 에이스호텔 by 아늑,5,깨끅하고좋아요..답답하지 않게.넓은것도 좋네요 다만 세면도구 구비해야됩니다.별도 구매 ..유료에요,2024.07.11,"38,000",대전광역시 유성구 계룡로141번길 13-21
대전 유성 에이스호텔 by 아늑,5,"시설이 깨끗하고 좋아요
영화관에서 영화보는것 처럼
스크린이 넓고 쇼파가 편해요
아늑한 공간이라 오래 머물고 싶었어요",2024.02.27,"38,000",대전광역시 유성구 계룡로141번길 13-21
대전 유성 에이스호텔 by 아늑,5,"숙소 너무 깨끗하고 조용해요 !
새로 리모델링해서 그런지 너무 깔끔하고 객실 많이 신경쓰시는게 느껴져서 좋았어요 🥰
다음에 대전 오면 또 방문할게요 🫶🏻",2024.01.14,"38,000",대전광역시 유성구 계룡로141번길 13-21
대전 유성 에이스호텔 by 아늑,5,"닌텐도 종류는 4가지 있는데 마리오카트 너뮤 재밋게 해썽요, 색다른 데이트였네요 넘 좋앗어요",2024.07.30,"38,000",대전광역시 유성구 계룡로141번길 13-21
대전 유성 에이스호텔 by 아늑,5,"잘 쉬다가요
숙소도 깨끗하고 시설이 좋아서 항상 이용하게 되는 것 같아요
다음에도 또 올게요!",2024.07.10,"38,000",대전광역시 유성구 계룡로141번길 13-21
대전 유성 에이스호텔 by 아늑,5,리모델링해서 쾌적하고 되게 깔끔하고 닌텐도도 새거 입니다 모텔 여기로 자주 올 거 같아요!!,2024.01.21,"38,000",대전광역시 유성구 계룡로141번길 13-21
대전 유성 에이스호텔 by 아늑,5,전 아늑 너무 좋습니다. 에이스점은 도로 주차도 할데 많고 nc 지하가서 머 사다 먹기도 참 좋습니다,2024.03.13,"38,000",대전광역시 유성구 계룡로141번길 13-21
대전 유성 에이스호텔 by 아늑,5,금연인데 어떤 분이 담배를 피셨나봐요ㅠㅠ 담배 냄새가 나서 말씀드렸더니 친절하게 방도 바꿔주셔서 좋았습니다.,2024.01.21,"38,000",대전광역시 유성구 계룡로141번길 13-21
대전 유성 에이스호텔 by 아늑,5,깔끔 그 자체!! 넘 편하게 묵다왔어요ㅎㅎ 넷플릭스랑 디즈니플러스랑 유튜브도 다 되어있어서 재미나게 보규 잘 쉬었습니다~~,2024.09.10,"38,000",대전광역시 유성구 계룡로141번길 13-21
대전 유성 에이스호텔 by 아늑,5,"좋아요
예약하면서 주차공간이 부족할까봐 걱정했는데
주차걱정은 없더라구요
실내도 깔끔하고 너무 좋았습니다",2024.06.02,"38,000",대전광역시 유성구 계룡로141번길 13-21
대전 유성 에이스호텔 by 아늑,5,보일러가 빵빵하게 돌아가서 조금 더웠지만 깔끔하고 좋았어요 고데기는 없으니 다들 챙겨오시는걸 추천합니당!,2024.01.15,"38,000",대전광역시 유성구 계룡로141번길 13-21
대전 유성 에이스호텔 by 아늑,5,"ㅇ ㅏ ,, 진짜 수압만 좋으면 자주들릴텐디,,,,,,,,,, 수압만요 ㅜ 제발~ 누가 입으로 쫌씩 뱉는거처럼 나와요,, ㅋㅋ",2024.10.25,"38,000",대전광역시 유성구 계룡로141번길 13-21
대전 유성 에이스호텔 by 아늑,5,"쏘 깔끔!!
화장실에서 담배냄새가 자꾸 올라온거 빼곤
넘 조아써요
금연건물인데 누가 담배피는거 ㅜㅜ",2024.10.01,"38,000",대전광역시 유성구 계룡로141번길 13-21
대전 유성 에이스호텔 by 아늑,5,"객실 깨끗하고 좋았어요!
다만, 넷플릭스 된다고 했는데 안되더라고요(거기에 써있는대로 해봐도 안됐어요..)
그리고 방음이 잘 안됐습니다 8시부터인가 옆방 화장실 청소하시는데 엄청 잘들려요
이부분이랑 어메니티가 없어서 따로 구매해야하는 것 빼고는 객실 깔끔하고 좋아요! 위치도 주변에 술집 등 많아서 좋은 것 같네용",2024.10.03,"38,000",대전광역시 유성구 계룡로141번길 13-21
대전 유성 에이스호텔 by 아늑,5,닌텐도 게임할 수 있는 곳이라고 해서 숙박했는데 너무 재밌었습니당 ㅎㅎ 다만 조금 아쉬운 점은 게임 종류가 조금 아쉬웠는데 사장님도 너무 친절하시고 편하게 놀다 왔습니다!,2024.07.22,"38,000",대전광역시 유성구 계룡로141번길 13-21
대전 유성 에이스호텔 by 아늑,5,출장으로 온건데 깨끗하고 아늑하고 좋았습니다. 다만 암막 커튼이 아니라 해 뜨기 시작하면 너무 밝습니다ㅜ,2024.09.12,"38,000",대전광역시 유성구 계룡로141번길 13-21
대전 유성 에이스호텔 by 아늑,5,출장으로 온건데 깨끗하고 아늑하고 좋았습니다. 다만 암막 커튼이 아니라 해 뜨기 시작하면 너무 밝습니다ㅜ,2024.09.12,"38,000",대전광역시 유성구 계룡로141번길 13-21
대전 유성 에이스호텔 by 아늑,4,"전반적으로 많이 아쉬운 숙소였습니다..
1층 로비 무인 체크인이 고장나서 몇십분 대기했는데 사과 한마디도 없었습니다 
또 욕실 진드기랑 수건에 고춧가루 같은 음식물 찌꺼기? 묻어있었는데 아무리 사소한 거라고 하더라도 찜찜했어요 
바닥에 머리카락도 보였구요 
무엇보다 티비가 너무 느려서 넷플릭스 키는 데에만 정말 1시간 정도 걸린 것 같아요 화나고 답답해서 방 바꿔달라고 해야하나 싶었지만 혼자 있는게 아니니까 그냥 참았습니다... 
그래도 좋았던 부분은 로비부터 신축 느낌이 나고, 방 업그레이드를 해주셨는지 생각보다 방이 컸어요 방음도 잘되는편 같았습니다",2024.10.12,"38,000",대전광역시 유성구 계룡로141번길 13-21
대전 유성 에이스호텔 by 아늑,5,건물 외관부터 주차장에 숙소까지 전부 깔끔합니다. 정말 말 그대로 아늑하고 정말 좋았습니다. 그리고 굉장히 친절하시고 정말 아깝지 않았어요 감사합니다!,2024.07.29,"38,000",대전광역시 유성구 계룡로141번길 13-21
대전 유성 에이스호텔 by 아늑,5,"너무너무 깨끗했고, 넓어서 좋았어요!!
1층에 배달음식을 위한 나무젓가락, 일회용 숟가락이 있는게 너무너무 좋았어요",2024.07.22,"38,000",대전광역시 유성구 계룡로141번길 13-21
대전 유성 에이스호텔 by 아늑,5,방이 넓고 침대도 푹신합니다. 냉장고가 작아서 걱정이였는데 망고시루도 카운터에서 맡아 주셨어요,2024.07.17,"38,000",대전광역시 유성구 계룡로141번길 13-21
대전 유성 에이스호텔 by 아늑,5,"항상 잘 머물다 갑니다.
기념일날 좋은 곳에 가고싶어서 왔는데 늘 만족했어요^^ 감사합니다!",2024.07.25,"38,000",대전광역시 유성구 계룡로141번길 13-21
대전 유성 에이스호텔 by 아늑,5,"인테리어도 너무 맘에들고 잘 쉬다 왔습니다!
이불도 너무 포근해서 꿀잠자고 너무 좋았어요. 실례가 안된다면 혹시 어디 제품인지 알 수 있을까요?!
조금 아쉬운점이 있다면 뜨거운물 수압은 센데 너무 뜨거워서 못쓰고, 적정온도를 맞추게되면 수압이 너무 약해져요 ㅠㅜ..",2024.03.17,"38,000",대전광역시 유성구 계룡로141번길 13-21
대전 유성 에이스호텔 by 아늑,5,"방이 군더더기 없이 깔끔하고, 청결하고 만족스러웠습니다.
따뜻하고, 신축이라 그런지 모든 시설?들이 아주 깨끗했어요. 청소 상태도 매우 좋았습니다.
베개는 인당 일반 베개 하나랑 경추베개 하나씩 있어서 너무 좋았어요. 목디스크 있어서 베개 불편하면 다음날 고생하는데 너무 너무 좋았어요!
다른 모든 쓸데없는 곳에 힘 안 쓰고 깔끔한 숙박 경험에 힘준 느낌이라 굉장히 마음에 들었습니다.
어메니티는 구입해야 하지만 요즘... 안 그런 곳도 드무니까요?",2024.01.29,"38,000",대전광역시 유성구 계룡로141번길 13-21
대전 유성 에이스호텔 by 아늑,2,"역대급 수압 약한 곳.. 저희집도 수압약한편이라 웬만해선 수압불평 안하는데 ㅋㅋㅋㅋㅋㅋ 샤워기 진짜 물 나오는것 같지도 않아욬ㅋㅋㅋㅋㅋㅋ
그리고 욕실은 청소가 잘 안됐는지 계속 쉰내때문에 들어갈때마다 헛구역질 났어요 ㅠ 방 자체에도 퀴퀴한 냄새? 계속 나서.. 냄새 민감하신분은 피하세요~

침대는 푹신했고, 큰화면으로 영화보니 좋았네요!
주차자리도 생각보다는 내외부 잘 되어있어서 편했어요",2024.09.27,"38,000",대전광역시 유성구 계룡로141번길 13-21
대전 유성 에이스호텔 by 아늑,2,"방은 깔끔했습니다. 그외 딱히 특별한건 없구요.
다만
7만원짜리 랜덤방과
6만원 짜리 스탠다드방이랑 
차이가 뭔가요?
7만원 랜덤방은 욕조가 없는데
6만원 스탠다드 한사람은 욕조가 있어요
7만원 랜덤방이면 기본적으로 최저가 7만원이고 그 위로도 갈수 있다고 생각하는데 아닐까요?
그리거 1층에 어매니티가 있다고 하는데 방에도 없고 1층에도 없어서 매우 불편했습니다.",2024.09.05,"38,000",대전광역시 유성구 계룡로141번길 13-21
대전 유성 에이스호텔 by 아늑,2,"방은 깔끔했습니다. 그외 딱히 특별한건 없구요.
다만
7만원짜리 랜덤방과
6만원 짜리 스탠다드방이랑 
차이가 뭔가요?
7만원 랜덤방은 욕조가 없는데
6만원 스탠다드 한사람은 욕조가 있어요
7만원 랜덤방이면 기본적으로 최저가 7만원이고 그 위로도 갈수 있다고 생각하는데 아닐까요?
그리거 1층에 어매니티가 있다고 하는데 방에도 없고 1층에도 없어서 매우 불편했습니다.",2024.09.05,"38,000",대전광역시 유성구 계룡로141번길 13-21
대전 유성 에이스호텔 by 아늑,2,"방은 깔끔했습니다. 그외 딱히 특별한건 없구요.
다만
7만원짜리 랜덤방과
6만원 짜리 스탠다드방이랑 
차이가 뭔가요?
7만원 랜덤방은 욕조가 없는데
6만원 스탠다드 한사람은 욕조가 있어요
7만원 랜덤방이면 기본적으로 최저가 7만원이고 그 위로도 갈수 있다고 생각하는데 아닐까요?
그리거 1층에 어매니티가 있다고 하는데 방에도 없고 1층에도 없어서 매우 불편했습니다.",2024.09.05,"38,000",대전광역시 유성구 계룡로141번길 13-21
대전 유성 에이스호텔 by 아늑,2,"방은 깔끔했습니다. 그외 딱히 특별한건 없구요.
다만
7만원짜리 랜덤방과
6만원 짜리 스탠다드방이랑 
차이가 뭔가요?
7만원 랜덤방은 욕조가 없는데
6만원 스탠다드 한사람은 욕조가 있어요
7만원 랜덤방이면 기본적으로 최저가 7만원이고 그 위로도 갈수 있다고 생각하는데 아닐까요?
그리거 1층에 어매니티가 있다고 하는데 방에도 없고 1층에도 없어서 매우 불편했습니다.",2024.09.05,"38,000",대전광역시 유성구 계룡로141번길 13-21
대전 유성 에이스호텔 by 아늑,2,"방은 깔끔했습니다. 그외 딱히 특별한건 없구요.
다만
7만원짜리 랜덤방과
6만원 짜리 스탠다드방이랑 
차이가 뭔가요?
7만원 랜덤방은 욕조가 없는데
6만원 스탠다드 한사람은 욕조가 있어요
7만원 랜덤방이면 기본적으로 최저가 7만원이고 그 위로도 갈수 있다고 생각하는데 아닐까요?
그리거 1층에 어매니티가 있다고 하는데 방에도 없고 1층에도 없어서 매우 불편했습니다.",2024.09.05,"38,000",대전광역시 유성구 계룡로141번길 13-21
대전 유성 에이스호텔 by 아늑,1,"혼자 쉴겸,공부할겸 갔습니다
그래서 일부러 책상있는 비지니스로 예약했어요.
인테리어도 좋고 화장실도 깨끗하고 거기까진 좋았는데
침대에 누우려고 이불을 젖히니,
발자국하고...음식물? 묻은게 그대로 있네요
시트는 안 가나요?
그뒤로 침대에 안 누웠습니다
방 바꿔달라고 할까 하다가 짐 옮기기 귀찮아서 그냥 뒀네요
인테리어만 신경쓰지말고 위생도 신경써야할듯 싶네요
사진은 찍어놓은거 첨부합니다
재방문은...안할거같네요",2024.09.09,"38,000",대전광역시 유성구 계룡로141번길 13-21
대전 유성 에이스호텔 by 아늑,5,"방도 넓고 깨끗하고 좋은 향기가 나서 좋아여! ㅎㅎ 침구도 편해요! 티비 소리가 나오다 안나오다 계속 끈겨서 ㅠㅠ 영화보는데 너무 답답했어요. 
수압이 약해요.",2024.02.20,"38,000",대전광역시 유성구 계룡로141번길 13-21
대전 유성 에이스호텔 by 아늑,5,"주차장이 체크인 전부터 북적하더라고요.
다행히 체크인 시간 맞춰서 주차가 가능해서 차량 옮기고 저녁 약속으로 갔습니다.",2024.02.26,"38,000",대전광역시 유성구 계룡로141번길 13-21
대전 유성 에이스호텔 by 아늑,5,너무 깨끗하고 좋네요. 어매니티가 제공되지 않고 유료라는 점만 미리 알고 방문하면 부족함없이 없습니다.,2024.06.11,"38,000",대전광역시 유성구 계룡로141번길 13-21
대전 유성 에이스호텔 by 아늑,5,"1회용품 구매하는되2000원 당현한되 좀 그러네요..
투숙객한테 무료가 안되면 1000원정도는 어떨가 하네요..!",2024.06.23,"38,000",대전광역시 유성구 계룡로141번길 13-21
대전 유성 에이스호텔 by 아늑,5,넓고 깔끔하지만 좀 휑한 느낌. 프론트 직원분 매우 친철. 어메니티 유료임. 칫솔 치약 면도기 등 사야함.,2024.01.24,"38,000",대전광역시 유성구 계룡로141번길 13-21
대전 유성 에이스호텔 by 아늑,5,처음 갔을 때 예약된 방이 없었는데 바로 사과하시고 비품값도 받지 않으셨어요. 방 상태는 갈때마다 훌륭하고 방음도 좋습니다.,2024.02.27,"38,000",대전광역시 유성구 계룡로141번길 13-21
대전 유성 에이스호텔 by 아늑,5,"따뜻 ⭕️ 깨끗 ⭕️ 푹신 ⭕️ 닌텐도꿀잼 ⭕️
수압이 너모 약함 ❌ 어메니티 없음 ❌ 스타일러두 없어유.. ❌ 

신상 숙소라 너무나도 쾌적한 환경이었습니다💚 
수압만 확인해주세요!!!!!! ❤️‍🔥",2024.01.31,"38,000",대전광역시 유성구 계룡로141번길 13-21
대전 유성 에이스호텔 by 아늑,2,"서비스&친절도 /5시에 입실하러 갔으나 방 준비가 안되었는지 1~2시간뒤에 오라고 함
이해가 안되는게 입실이 3시인데 5시 도착한사람한테 방이 준비 안되었다 하는건 말이냐 방구냐 왜 방이 없냐고 따지니깐
""그래서 제가 정중하게 부탁드리지 않냐고..,""
라고 말하던 카운터 직원인지 사장인지 그분 아직도 생각남 
부탁하면 들어줘야되는거야? 입실도 몇시간씩 미루면서?

결국 3시간뒤에 갔는데 입실 대기팀 3팀이나 있고 카운터 보는사람 10분뒤에 나타남 

청결도 / 신축이라 깨끗함

시설 편의성 / 입실전에 항상 추가 물이랑 수건 챙겨가는편인데 1층 바구니나 냉장고에 없었음(퇴실할때는 있었음)
넷플릭스 보려는데 이용자 많다고 넷플 못본게 레젼드....이용권을 더 구매하시는게...

비품,용품 만족도 /어메니티 있어도 개인용품 쓰는편인데 어매니티 안의 치약 쓰려했는데 두개 다 입구가 막혀있음...칼로썰거나 가위로 잘라야했음",2024.02.13,"38,000",대전광역시 유성구 계룡로141번길 13-21
대전 유성 에이스호텔 by 아늑,1,리모델링한 숙소다 보니까 깨끗하고 좋았어요 근데 들어갈때부터 직원분이 불친절하다고 느꼈어요 처음에 방에 들어가자마자 너무 추웠고 말씀을 드려도 말로만 틀어준다하고 바뀌는거 없고 2번을 말해도 변하는건 없어서 그냥 추운 상태로 지냈네여 일회용품 2천원을 받는데 그렇게 받을만한 숙소인가 싶었어요 그리고 방에 수건도 없길래 말씀드렸더니 그제서야 주시고 죄송하다는 말씀도 안하시길래 기분이 좀 상했네요 원래같으면 신경도 안쓸 일을 처음부터 불친절한 대응 때문에 사소한 일에도 기분이 나쁜 숙소로 각인된거 같습니다. 숙소는 좋았지만 직원의 대응때문에 춥고 기분나쁘게 지내다 왔습니다,2024.03.19,"38,000",대전광역시 유성구 계룡로141번길 13-21
대전 유성 에이스호텔 by 아늑,2,주차관리는 안되어 있어서 알아서 셀프 주차에 뒷차로 알아서 빼주셔야합니다. 숙소가 스탠다드가 없어서 트윈으로 업그레이드 해주셨는데 방자체는 모텔같지않고 일반 집 같은 느낌이라 더 좋았습니다. 다만 어매니티는 방키 받을때 물어봐 주셨으면 좋았겠네요 다시 내려옴.. 차빼줄때도 내려옴..,2024.02.25,"38,000",대전광역시 유성구 계룡로141번길 13-21
대전 유성 에이스호텔 by 아늑,3,"수압이 진짜 너무 약해요.
입실 하고 보일러 틀어주는거같아요.
화장실이 추워서 바로 못 씻었어요.
그리고 새벽에 보일러 끄는거같아요 자다가 추워진게 느껴졌어요.",2024.03.02,"38,000",대전광역시 유성구 계룡로141번길 13-21
대전 유성 에이스호텔 by 아늑,4,숙소가 청결하고 냄새도 좋았어요! 방음은... 조금 좋지 않습니다. 1화용 어메니티는 챙겨가는 편이 젛아요!,2024.02.25,"38,000",대전광역시 유성구 계룡로141번길 13-21
대전 유성 에이스호텔 by 아늑,5,출장와서 잘머무르고 갑니다,2024. 11. 16,"38,000",대전광역시 유성구 계룡로141번길 13-21
대전 유성 에이스호텔 by 아늑,5,편히 잘 쉬다가 갑니다,2024. 11. 15,"38,000",대전광역시 유성구 계룡로141번길 13-21
대전 유성 에이스호텔 by 아늑,5,"숙소가 매우 깨끗했습니다.
다음에도 숙박 의사 있습니다!",2024. 11. 14,"38,000",대전광역시 유성구 계룡로141번길 13-21
대전 유성 에이스호텔 by 아늑,5,"방도 넓고 너무 깨끗해서 좋았어요 ㅎㅎ
침대도 엄청 포근해서 꿀잠잣어여!",2024. 11. 13,"38,000",대전광역시 유성구 계룡로141번길 13-21
대전 유성 에이스호텔 by 아늑,5,깔끔한 방과 깔끔한 침구류 등 전체적으로 만족합니다.,2024.11.08,"38,000",대전광역시 유성구 계룡로141번길 13-21
대전 유성 에이스호텔 by 아늑,5,정말좋았습니다 잘쉬다갑니다,2024.11.05,"38,000",대전광역시 유성구 계룡로141번길 13-21
대전 유성 에이스호텔 by 아늑,5,"리모델링이 되어있어서 깔끔합니다.
믿고 가는 아늑~~",2024.11.04,"38,000",대전광역시 유성구 계룡로141번길 13-21
대전 유성 에이스호텔 by 아늑,5,숙소가 깔끔하고 좋습니다.,2024.11.04,"38,000",대전광역시 유성구 계룡로141번길 13-21
대전 유성 에이스호텔 by 아늑,4,수압이 좀 약한거 말고는 다 괜찮았어요,2024.11.04,"38,000",대전광역시 유성구 계룡로141번길 13-21
대전 유성 에이스호텔 by 아늑,5,편하게 쉴 수 있어서 좋습니다.,2024.11.02,"38,000",대전광역시 유성구 계룡로141번길 13-21
대전 유성 에이스호텔 by 아늑,5,"잘이용했습니다
감사합니다",2024.10.30,"38,000",대전광역시 유성구 계룡로141번길 13-21
대전 유성 에이스호텔 by 아늑,5,깔끔하고 좋네요 잘 있다 갑니다,2024.10.28,"38,000",대전광역시 유성구 계룡로141번길 13-21
대전 유성 에이스호텔 by 아늑,5,너무 편하게 잘 쉬다 갑니다! 직원분들도 친절하고~ 너무깨끗했아요 다으 출장때 또 올게요,2024.10.26,"38,000",대전광역시 유성구 계룡로141번길 13-21
대전 유성 에이스호텔 by 아늑,5,너무 편하게 잘 쉬다 갑니다! 직원분들도 친절하고~ 너무깨끗했아요 다으 출장때 또 올게요,2024.10.26,"38,000",대전광역시 유성구 계룡로141번길 13-21
대전 유성 에이스호텔 by 아늑,5,방이 깨끗하고 조명 도 은은하고 좋아요,2024.10.26,"38,000",대전광역시 유성구 계룡로141번길 13-21
대전 유성 에이스호텔 by 아늑,5,편한 잠자리 좋네요,2024.10.25,"38,000",대전광역시 유성구 계룡로141번길 13-21
대전 유성 에이스호텔 by 아늑,5,편하게 잘 쉬다가 갑니다,2024.10.22,"38,000",대전광역시 유성구 계룡로141번길 13-21
대전 유성 에이스호텔 by 아늑,5,깨끗하고 접근성도 좋습니다!!,2024.10.22,"38,000",대전광역시 유성구 계룡로141번길 13-21
대전 유성 에이스호텔 by 아늑,5,출장와서 갔는데 깔끔하고 좋았어요,2024.10.11,"38,000",대전광역시 유성구 계룡로141번길 13-21
대전 유성 에이스호텔 by 아늑,5,만족합니다 좋았어요!,2024.10.10,"38,000",대전광역시 유성구 계룡로141번길 13-21
대전 유성 에이스호텔 by 아늑,5,객실 깨끗하고 방음 잘 돼요! 수압이 조금 약해서 아쉬웠어요ㅎㅎ,2024.10.07,"38,000",대전광역시 유성구 계룡로141번길 13-21
대전 유성 에이스호텔 by 아늑,5,깨끗하고 친절해서 좋아요,2024.10.02,"38,000",대전광역시 유성구 계룡로141번길 13-21
대전 유성 에이스호텔 by 아늑,5,편하게 잘 머물다 갑니다!!,2024.09.30,"38,000",대전광역시 유성구 계룡로141번길 13-21
대전 유성 에이스호텔 by 아늑,5,다음에 대전을 가게되면 다시가고 싶은곳,2024.09.30,"38,000",대전광역시 유성구 계룡로141번길 13-21
대전 유성 에이스호텔 by 아늑,5,침구가푹신해서 좋아용,2024.09.29,"38,000",대전광역시 유성구 계룡로141번길 13-21
대전 유성 에이스호텔 by 아늑,5,사장님이 매우친절하고 방이 쾌적하고 매우넓습니다.,2024.09.29,"38,000",대전광역시 유성구 계룡로141번길 13-21
대전 유성 에이스호텔 by 아늑,4,깨끗해요 침구 침대 다 좋음,2024.09.27,"38,000",대전광역시 유성구 계룡로141번길 13-21
대전 유성 에이스호텔 by 아늑,5,좋습니다. 깔끔합니다.,2024.09.25,"38,000",대전광역시 유성구 계룡로141번길 13-21
대전 유성 에이스호텔 by 아늑,5,잘쉬다가요 다음에도 또이용할 것 같아요,2024.09.24,"38,000",대전광역시 유성구 계룡로141번길 13-21
대전 유성 에이스호텔 by 아늑,5,주차하기좋아요 깨끗해요,2024.09.23,"38,000",대전광역시 유성구 계룡로141번길 13-21
대전 유성 에이스호텔 by 아늑,5,넷플릭스도 되고 깔끔해서 좋아요!,2024.09.20,"38,000",대전광역시 유성구 계룡로141번길 13-21
대전 유성 에이스호텔 by 아늑,5,"어매니티는 제공되지 않으니 참고하세용
 공간 깔끔하고 이쁘고 아늑했어요 짱~",2024.09.19,"38,000",대전광역시 유성구 계룡로141번길 13-21
대전 유성 에이스호텔 by 아늑,5,편안하게 잘 쉬다가 갑니다,2024.09.18,"38,000",대전광역시 유성구 계룡로141번길 13-21
대전 유성 에이스호텔 by 아늑,5,깨끗하고 친절해서 자주이용합니다,2024.09.12,"38,000",대전광역시 유성구 계룡로141번길 13-21
대전 유성 에이스호텔 by 아늑,4,"추천합니다
가성비 짱! 깔끔하고 좋아요",2024.09.10,"38,000",대전광역시 유성구 계룡로141번길 13-21
대전 유성 에이스호텔 by 아늑,5,다만족해요 단점은 수압이 너무 약해요,2024.09.08,"38,000",대전광역시 유성구 계룡로141번길 13-21
대전 유성 에이스호텔 by 아늑,5,출장 잘 이용했습니다,2024.09.08,"38,000",대전광역시 유성구 계룡로141번길 13-21
대전 유성 에이스호텔 by 아늑,5,편하게 있다가 갑니당,2024.09.05,"38,000",대전광역시 유성구 계룡로141번길 13-21
대전 유성 에이스호텔 by 아늑,5,깨끗하고 친절해서 좋아요,2024.09.03,"38,000",대전광역시 유성구 계룡로141번길 13-21
대전 유성 에이스호텔 by 아늑,5,깔끔해서 좋아요!!,2024.09.03,"38,000",대전광역시 유성구 계룡로141번길 13-21
대전 유성 에이스호텔 by 아늑,5,깔끔해서 좋습니다!!!!,2024.09.03,"38,000",대전광역시 유성구 계룡로141번길 13-21
대전 유성 에이스호텔 by 아늑,4,좋아요 적극 추천해요,2024.09.02,"38,000",대전광역시 유성구 계룡로141번길 13-21
대전 유성 에이스호텔 by 아늑,5,"객실
깨끗하고 매번 이용하고있어요 최고에요!!",2024.09.02,"38,000",대전광역시 유성구 계룡로141번길 13-21
대전 유성 에이스호텔 by 아늑,5,룸 컨디션도 좋았습니다~잘 쉬다 갑니다~,2024.08.29,"38,000",대전광역시 유성구 계룡로141번길 13-21
대전 유성 에이스호텔 by 아늑,5,숙소가 깔끔하고 항상 이용하기 좋아요!!,2024.08.25,"38,000",대전광역시 유성구 계룡로141번길 13-21
대전 유성 에이스호텔 by 아늑,5,객실도 깨끗하고 넓고 좋아요,2024.08.24,"38,000",대전광역시 유성구 계룡로141번길 13-21
대전 유성 에이스호텔 by 아늑,5,재방문할정도로 이번에도 잘 묵고갑니다!,2024.08.23,"38,000",대전광역시 유성구 계룡로141번길 13-21
대전 유성 에이스호텔 by 아늑,5,깨끗하고 친절해서 좋아요,2024.08.22,"38,000",대전광역시 유성구 계룡로141번길 13-21
대전 유성 에이스호텔 by 아늑,5,깨끗하고 친절하고 정말 아늑해요. 침구 부드럽고 화장실도 넓어서 좋았어요.,2024.08.22,"38,000",대전광역시 유성구 계룡로141번길 13-21
대전 유성 에이스호텔 by 아늑,5,너무 깔끔해요! 방도 넓고 좋아요,2024.08.22,"38,000",대전광역시 유성구 계룡로141번길 13-21
대전 유성 에이스호텔 by 아늑,5,잘 사용했습니다 감사합니다,2024.08.21,"38,000",대전광역시 유성구 계룡로141번길 13-21
대전 유성 에이스호텔 by 아늑,5,친절하시고 시원하게 잘 쉬었습니다,2024.08.19,"38,000",대전광역시 유성구 계룡로141번길 13-21
대전 유성 에이스호텔 by 아늑,4,추천해요 깔끔하고 가성비도 좋고,2024.08.19,"38,000",대전광역시 유성구 계룡로141번길 13-21
대전 유성 에이스호텔 by 아늑,5,처음 방문한 곳인데 쾌적하고 넓어서 잘 쉬고 왔습니다.,2024.08.12,"38,000",대전광역시 유성구 계룡로141번길 13-21
대전 유성 에이스호텔 by 아늑,5,덕분에 잘 머물다 갑니다~~ 감사해요,2024.08.11,"38,000",대전광역시 유성구 계룡로141번길 13-21
대전 유성 에이스호텔 by 아늑,5,잘 머물고 갑니다.,2024.08.10,"38,000",대전광역시 유성구 계룡로141번길 13-21
대전 유성 에이스호텔 by 아늑,5,깔끔하고 잘 묵고갑니다,2024.08.10,"38,000",대전광역시 유성구 계룡로141번길 13-21
대전 유성 에이스호텔 by 아늑,5,잘잤습니다. 좋아요,2024.08.06,"38,000",대전광역시 유성구 계룡로141번길 13-21
대전 유성 에이스호텔 by 아늑,5,깨끗하고 친절합니다,2024.08.05,"38,000",대전광역시 유성구 계룡로141번길 13-21
대전 유성 에이스호텔 by 아늑,5,"친절하시고, 룸 컨디션도 좋습니다~잘 쉬어다 갑니다~",2024.08.02,"38,000",대전광역시 유성구 계룡로141번길 13-21
대전 유성 에이스호텔 by 아늑,5,매번 너무 좋아서 자주갑니당,2024.07.31,"38,000",대전광역시 유성구 계룡로141번길 13-21
대전 유성 에이스호텔 by 아늑,5,방 상태부터 침대 매트리스까지 너무 좋았습니다,2024.07.30,"38,000",대전광역시 유성구 계룡로141번길 13-21
대전 유성 에이스호텔 by 아늑,5,방 상태도 깨끗하고 너무 좋았습니다,2024.07.30,"38,000",대전광역시 유성구 계룡로141번길 13-21
대전 유성 에이스호텔 by 아늑,5,전체적으로 깨끗하고 닌텐도 재밌게 하다가 갑니다!,2024.07.29,"38,000",대전광역시 유성구 계룡로141번길 13-21
대전 유성 에이스호텔 by 아늑,5,깨끗하고 좋아요!!,2024.07.28,"38,000",대전광역시 유성구 계룡로141번길 13-21
대전 유성 에이스호텔 by 아늑,5,굿 죻습니다.하하하,2024.07.27,"38,000",대전광역시 유성구 계룡로141번길 13-21
대전 유성 에이스호텔 by 아늑,5,깔끔하고 좋습니다.,2024.07.23,"38,000",대전광역시 유성구 계룡로141번길 13-21
대전 유성 에이스호텔 by 아늑,4,추천합니다 깨끗하고 좋아요,2024.07.22,"38,000",대전광역시 유성구 계룡로141번길 13-21
대전 유성 에이스호텔 by 아늑,5,너무좋아요~~!!!,2024.07.22,"38,000",대전광역시 유성구 계룡로141번길 13-21
대전 유성 에이스호텔 by 아늑,5,너무좋아요~~!!!,2024.07.22,"38,000",대전광역시 유성구 계룡로141번길 13-21
대전 유성 에이스호텔 by 아늑,5,너무좋아요~~!!!,2024.07.22,"38,000",대전광역시 유성구 계룡로141번길 13-21
대전 유성 에이스호텔 by 아늑,5,께끗하고 친절하고 재방문 의사 100입니다!,2024.07.21,"38,000",대전광역시 유성구 계룡로141번길 13-21
대전 유성 에이스호텔 by 아늑,5,좋은데 벽지가 살짝 노후된 느낌있습니다,2024.07.20,"38,000",대전광역시 유성구 계룡로141번길 13-21
대전 유성 에이스호텔 by 아늑,5,"주차가 힘들었지만, 시설은 편안했 습니다.",2024.07.19,"38,000",대전광역시 유성구 계룡로141번길 13-21
대전 유성 에이스호텔 by 아늑,4,번화가 주변에 위치하여 좋았습니다,2024.07.16,"38,000",대전광역시 유성구 계룡로141번길 13-21
대전 유성 에이스호텔 by 아늑,5,처음 숙박했는데 조용하고 깨끗하네요.,2024.07.14,"38,000",대전광역시 유성구 계룡로141번길 13-21
대전 유성 에이스호텔 by 아늑,5,항상 만족스럽게 머물다 가요^^,2024.07.14,"38,000",대전광역시 유성구 계룡로141번길 13-21
대전 유성 에이스호텔 by 아늑,4,깨끗하고 좋습니다. 에어컨 성능이 좋아 아주 시원합니다.,2024.07.13,"38,000",대전광역시 유성구 계룡로141번길 13-21
대전 유성 에이스호텔 by 아늑,4,영화보기에는 최고!!,2024.07.13,"38,000",대전광역시 유성구 계룡로141번길 13-21
대전 유성 에이스호텔 by 아늑,5,호텔 이름대로 아늑해요,2024.07.10,"38,000",대전광역시 유성구 계룡로141번길 13-21
대전 유성 에이스호텔 by 아늑,5,편하게 잘 쉬다갑니다!,2024.07.10,"38,000",대전광역시 유성구 계룡로141번길 13-21
대전 유성 에이스호텔 by 아늑,4,깨끗하고 좋아요 😀,2024.07.08,"38,000",대전광역시 유성구 계룡로141번길 13-21
대전 유성 에이스호텔 by 아늑,4,깨끗하고 좋아요 😀,2024.07.08,"38,000",대전광역시 유성구 계룡로141번길 13-21
대전 유성 에이스호텔 by 아늑,5,푹 잘 쉬다갑니다.,2024.07.08,"38,000",대전광역시 유성구 계룡로141번길 13-21
대전 유성 에이스호텔 by 아늑,5,실내가 넓고 깔끔해요,2024.07.01,"38,000",대전광역시 유성구 계룡로141번길 13-21
대전 유성 에이스호텔 by 아늑,5,늘 잘 애용하고 있습니다 :),2024.07.01,"38,000",대전광역시 유성구 계룡로141번길 13-21
대전 유성 에이스호텔 by 아늑,4,부변에 아늑호텔이 많아서 조금 헷갈렸습니다 그거 빼고는 다 전반적으로 깔끔했습니다 !,2024.06.30,"38,000",대전광역시 유성구 계룡로141번길 13-21
대전 유성 에이스호텔 by 아늑,5,깨끗하고 좋습니다!,2024.06.30,"38,000",대전광역시 유성구 계룡로141번길 13-21
대전 유성 에이스호텔 by 아늑,5,너무 잘쉬다갑니다~~~,2024.06.29,"38,000",대전광역시 유성구 계룡로141번길 13-21
대전 유성 에이스호텔 by 아늑,4,전반적으로 깔끔한 컨디션에 만족하고 갑니당 !,2024.06.26,"38,000",대전광역시 유성구 계룡로141번길 13-21
대전 유성 에이스호텔 by 아늑,5,숙소 위치도 좋고 깔끔해서 좋았어요~,2024.06.26,"38,000",대전광역시 유성구 계룡로141번길 13-21
대전 유성 에이스호텔 by 아늑,5,깔끔하고 좋았습니다👍,2024.06.24,"38,000",대전광역시 유성구 계룡로141번길 13-21
대전 유성 에이스호텔 by 아늑,5,깔끔하고 방도 넓고 좋았습니다 넷플릭스 시청은 본인 계정인지 틀어지지진 않더라고요!,2024.06.24,"38,000",대전광역시 유성구 계룡로141번길 13-21
대전 유성 에이스호텔 by 아늑,5,리모델링해서 이쁘고 분위기 너무 좋아요,2024.06.23,"38,000",대전광역시 유성구 계룡로141번길 13-21
대전 유성 에이스호텔 by 아늑,5,살짝수압이약한방도있지만괜찮습니다..,2024.06.21,"38,000",대전광역시 유성구 계룡로141번길 13-21
대전 유성 에이스호텔 by 아늑,5,아늑하고괜찮았습니다,2024.06.21,"38,000",대전광역시 유성구 계룡로141번길 13-21
대전 유성 에이스호텔 by 아늑,5,깔끔하네요. 잘쉬었어요~,2024.06.21,"38,000",대전광역시 유성구 계룡로141번길 13-21
대전 유성 에이스호텔 by 아늑,5,아주 만족합니다 감사합니다,2024.06.19,"38,000",대전광역시 유성구 계룡로141번길 13-21
대전 유성 에이스호텔 by 아늑,5,어메니티가 유료이니 챙겨가세요 인테리어가 너무 좋고 아늑합니다,2024.06.19,"38,000",대전광역시 유성구 계룡로141번길 13-21
대전 유성 에이스호텔 by 아늑,5,편안하게 쉬다갑니다,2024.06.18,"38,000",대전광역시 유성구 계룡로141번길 13-21
대전 유성 에이스호텔 by 아늑,5,대전에 가성비 깔끔한 아늑 추천합니다,2024.06.17,"38,000",대전광역시 유성구 계룡로141번길 13-21
대전 유성 에이스호텔 by 아늑,5,깨끗하게 잘 이용했습니다,2024.06.16,"38,000",대전광역시 유성구 계룡로141번길 13-21
대전 유성 에이스호텔 by 아늑,5,깔끔하고 청결해요..,2024.06.15,"38,000",대전광역시 유성구 계룡로141번길 13-21
대전 유성 에이스호텔 by 아늑,4,진짜 괜찮았어요 적극 추천합니다,2024.06.11,"38,000",대전광역시 유성구 계룡로141번길 13-21
대전 유성 에이스호텔 by 아늑,4,"좋아요 주변에 아늑 호텔이랑 똑같은 이름이라 
헷갈렸어용 ㅜㅠ",2024.06.10,"38,000",대전광역시 유성구 계룡로141번길 13-21
대전 유성 에이스호텔 by 아늑,5,룸 컨디션 좋습니다~잘 쉬다 갑니다~,2024.06.10,"38,000",대전광역시 유성구 계룡로141번길 13-21
대전 유성 에이스호텔 by 아늑,5,최고의 숙소였습니다! 룸컨디션도 최고였구요~ 대전에서는 제일 좋은 곳 같네요!!,2024.06.07,"38,000",대전광역시 유성구 계룡로141번길 13-21
대전 유성 에이스호텔 by 아늑,5,항상 잘 쉬다 갑니다,2024.06.06,"38,000",대전광역시 유성구 계룡로141번길 13-21
대전 유성 에이스호텔 by 아늑,5,짱 좋아요 자주 애용해요,2024.06.03,"38,000",대전광역시 유성구 계룡로141번길 13-21
대전 유성 에이스호텔 by 아늑,5,청결하고 담배냄새도 안나요.,2024.06.03,"38,000",대전광역시 유성구 계룡로141번길 13-21
대전 유성 에이스호텔 by 아늑,4,"방도 깨끗하고 좋았는데 
방음이 잘 안되서 차다니는 소리가 시끄러웠어요",2024.06.03,"38,000",대전광역시 유성구 계룡로141번길 13-21
대전 유성 에이스호텔 by 아늑,5,깨끗하고 침구도 만족스럽습니다,2024.06.03,"38,000",대전광역시 유성구 계룡로141번길 13-21
대전 유성 에이스호텔 by 아늑,5,깨끗하게 잘 이용했습니다 ~,2024.06.01,"38,000",대전광역시 유성구 계룡로141번길 13-21
대전 유성 에이스호텔 by 아늑,5,"직원분 친절하시고 방도 너무 깨끗해서 좋았어요!!
편안하게 쉬다가 갑니다.",2024.05.31,"38,000",대전광역시 유성구 계룡로141번길 13-21
대전 유성 에이스호텔 by 아늑,5,룸 컨디션 좋습니다~!!,2024.05.31,"38,000",대전광역시 유성구 계룡로141번길 13-21
대전 유성 에이스호텔 by 아늑,5,"수압이 살짝 약하고
나머진 깔끔하고 좋았어요",2024.05.30,"38,000",대전광역시 유성구 계룡로141번길 13-21
대전 유성 에이스호텔 by 아늑,5,완벽합니다 또올게요!,2024.05.29,"38,000",대전광역시 유성구 계룡로141번길 13-21
대전 유성 에이스호텔 by 아늑,5,인테리어도 예쁘고 화장실 방 모두 아주 깔끔해요!,2024.05.29,"38,000",대전광역시 유성구 계룡로141번길 13-21
대전 유성 에이스호텔 by 아늑,5,편히 잘 쉬다가 갑니다,2024.05.28,"38,000",대전광역시 유성구 계룡로141번길 13-21
대전 유성 에이스호텔 by 아늑,4,숙소가 조용하고 깔끔했어요.,2024.05.28,"38,000",대전광역시 유성구 계룡로141번길 13-21
대전 유성 에이스호텔 by 아늑,4,추천합니다 좋아요 깔끔해요,2024.05.28,"38,000",대전광역시 유성구 계룡로141번길 13-21
대전 유성 에이스호텔 by 아늑,5,깨끗하고 좋아요 친절합니다,2024.05.27,"38,000",대전광역시 유성구 계룡로141번길 13-21
대전 유성 에이스호텔 by 아늑,5,아주 좋아요 최고입니다,2024.05.26,"38,000",대전광역시 유성구 계룡로141번길 13-21
대전 유성 에이스호텔 by 아늑,5,방도 아주 청결하고 편하게 묵고갑니다,2024.05.26,"38,000",대전광역시 유성구 계룡로141번길 13-21
대전 유성 에이스호텔 by 아늑,5,아늑 이름처럼 아늑해요,2024.05.21,"38,000",대전광역시 유성구 계룡로141번길 13-21
대전 유성 에이스호텔 by 아늑,5,"전체적으로 만족스러웠어요
출장때문에 자주가는데 매번 이용할 것 같어요",2024.05.21,"38,000",대전광역시 유성구 계룡로141번길 13-21
대전 유성 에이스호텔 by 아늑,4,정말 깔끔하고 가성비좋은 곳으로 추천합니다,2024.05.19,"38,000",대전광역시 유성구 계룡로141번길 13-21
대전 유성 에이스호텔 by 아늑,3,깔끔하고 좋았습니다,2024.05.19,"38,000",대전광역시 유성구 계룡로141번길 13-21
대전 유성 에이스호텔 by 아늑,4,숙소가 환기가 잘안되었는지 담배냄새 비슷한 냄새가 났던것 빼고는 전반적으로 괜찮았습니다.,2024.05.18,"38,000",대전광역시 유성구 계룡로141번길 13-21
대전 유성 에이스호텔 by 아늑,5,깨끗하고 좋아요 친절합니다,2024.05.18,"38,000",대전광역시 유성구 계룡로141번길 13-21
대전 유성 에이스호텔 by 아늑,5,객실 쾌적하고 좋았습니다! 어메니티 유료인게 아쉽 ㅠ,2024.05.17,"38,000",대전광역시 유성구 계룡로141번길 13-21
대전 유성 에이스호텔 by 아늑,5,너무 좋아서 세번째 방문입니다 그만큼 너무 좋아요!!,2024.05.17,"38,000",대전광역시 유성구 계룡로141번길 13-21
대전 유성 에이스호텔 by 아늑,5,시설도 좋고 너무 깨끗해서 좋았어요!!,2024.05.17,"38,000",대전광역시 유성구 계룡로141번길 13-21
대전 유성 에이스호텔 by 아늑,5,객실 상태 너무 좋고 특히 담배냄새 안나서 좋았어요,2024.05.15,"38,000",대전광역시 유성구 계룡로141번길 13-21
대전 유성 에이스호텔 by 아늑,5,편히 쉬고 갑니다...,2024.05.14,"38,000",대전광역시 유성구 계룡로141번길 13-21
대전 유성 에이스호텔 by 아늑,5,편히 쉬고 갑니다 ...,2024.05.14,"38,000",대전광역시 유성구 계룡로141번길 13-21
대전 유성 에이스호텔 by 아늑,5,진짜 숙소가 너무 깨끗하고 좋았습니다.,2024.05.14,"38,000",대전광역시 유성구 계룡로141번길 13-21
대전 유성 에이스호텔 by 아늑,5,깔끔하고 매우 좋았어요,2024.05.14,"38,000",대전광역시 유성구 계룡로141번길 13-21
대전 유성 에이스호텔 by 아늑,5,"침대 짱푹신 수압이 약해서 아쉬워요 
그래도 잘쉬다 와써요",2024.05.13,"38,000",대전광역시 유성구 계룡로141번길 13-21
대전 유성 에이스호텔 by 아늑,4,너무좋네요 숙소상태맘에듬,2024.05.13,"38,000",대전광역시 유성구 계룡로141번길 13-21
대전 유성 에이스호텔 by 아늑,3,대체적으로 만족합니다 청소만 조금 더 신경써주셨으면 좋겠어요,2024.05.13,"38,000",대전광역시 유성구 계룡로141번길 13-21
대전 유성 에이스호텔 by 아늑,3,화장실이나 바닥이 청소가 안된 것처럼 보였고 수압 약했던 것 빼면 다 만족합니다,2024.05.13,"38,000",대전광역시 유성구 계룡로141번길 13-21
대전 유성 에이스호텔 by 아늑,4,숙소도 조용하고 청소 상태도 깔끔했어요.,2024.05.13,"38,000",대전광역시 유성구 계룡로141번길 13-21
대전 유성 에이스호텔 by 아늑,4,깔끔하고 아늑한 숙소는 최고인듯요,2024.05.13,"38,000",대전광역시 유성구 계룡로141번길 13-21
대전 유성 에이스호텔 by 아늑,5,깨끗하고 좋았습니다,2024.05.13,"38,000",대전광역시 유성구 계룡로141번길 13-21
대전 유성 에이스호텔 by 아늑,5,"깔끔하고 다른 유성 아늑호텔 1,2호점 다 이용해봤는데 제일 넓었던거같아요!!",2024.05.11,"38,000",대전광역시 유성구 계룡로141번길 13-21
대전 유성 에이스호텔 by 아늑,5,쾌적하고 청결해서 좋았어요!,2024.05.11,"38,000",대전광역시 유성구 계룡로141번길 13-21
대전 유성 에이스호텔 by 아늑,5,사장님 너무 친절하시고 닌텐도 스위치 실컨 하고 왔어요 객실도 엄청 깔끔하고 좋았어요~,2024.05.10,"38,000",대전광역시 유성구 계룡로141번길 13-21
대전 유성 에이스호텔 by 아늑,5,숙소가 넓어서 좋아요. 잘 머물고 갑니다^^,2024.05.07,"38,000",대전광역시 유성구 계룡로141번길 13-21
대전 유성 에이스호텔 by 아늑,5,칫솔치약은 챙겨오세요. 기본방도 넓어서 좋아요. 근데 수압이 너무 약하네요,2024.05.03,"38,000",대전광역시 유성구 계룡로141번길 13-21
대전 유성 에이스호텔 by 아늑,5,진짜 추천합니다 가성비 청결 모두좋아요,2024.04.30,"38,000",대전광역시 유성구 계룡로141번길 13-21
대전 유성 에이스호텔 by 아늑,5,좋아요 편하게쉬다갑니다,2024.04.30,"38,000",대전광역시 유성구 계룡로141번길 13-21
대전 유성 에이스호텔 by 아늑,4,편히 쉬다 왔습니다,2024.04.29,"38,000",대전광역시 유성구 계룡로141번길 13-21
대전 유성 에이스호텔 by 아늑,5,좋았습니다. 랜덤도보특가 였는데 다음에는 더 넓은 방이면 더 좋겠어요!!,2024.04.29,"38,000",대전광역시 유성구 계룡로141번길 13-21
대전 유성 에이스호텔 by 아늑,5,깨끗하고 좋습니다~~~,2024.04.27,"38,000",대전광역시 유성구 계룡로141번길 13-21
대전 유성 에이스호텔 by 아늑,5,너무 좋아요 다음에 갈때도 여기로 할껍니다,2024.04.24,"38,000",대전광역시 유성구 계룡로141번길 13-21
대전 유성 에이스호텔 by 아늑,5,너무 깔끔하고 잘잤어요~,2024.04.22,"38,000",대전광역시 유성구 계룡로141번길 13-21
대전 유성 에이스호텔 by 아늑,4,"잘쉬었다가요
새로 리모델링해서그런지
너무 깔끔하고 세련됐어요
재방문하고싶습니다!",2024.04.21,"38,000",대전광역시 유성구 계룡로141번길 13-21
대전 유성 에이스호텔 by 아늑,5,대로변에서 가깝고 깨끗하게 잘 묵고 갑니다,2024.04.20,"38,000",대전광역시 유성구 계룡로141번길 13-21
대전 유성 에이스호텔 by 아늑,4,숙소는 전반적으로 깨끗하고 하루 묵기 좋은 숙소인것 같습니다.,2024.04.20,"38,000",대전광역시 유성구 계룡로141번길 13-21
대전 유성 에이스호텔 by 아늑,5,너무 편하게 잘 잣네요! 시설 굿입니다!!,2024.04.13,"38,000",대전광역시 유성구 계룡로141번길 13-21
대전 유성 에이스호텔 by 아늑,5,부족함 없이 만족스럽게 머물다 가요^^,2024.04.11,"38,000",대전광역시 유성구 계룡로141번길 13-21
대전 유성 에이스호텔 by 아늑,5,"주차장도 넓은편이고, 룸도 크고, 컨디션도 좋습니다~~",2024.04.09,"38,000",대전광역시 유성구 계룡로141번길 13-21
대전 유성 에이스호텔 by 아늑,5,"유성에서 주차장도 꽤 큰 편이고, 룸도 크고, 컨디션도 좋습니다~",2024.04.09,"38,000",대전광역시 유성구 계룡로141번길 13-21
대전 유성 에이스호텔 by 아늑,5,"룸도 크고, 컨디션도 좋습니다~~",2024.04.09,"38,000",대전광역시 유성구 계룡로141번길 13-21
대전 유성 에이스호텔 by 아늑,5,좋았습니다 이름처럼,2024.04.08,"38,000",대전광역시 유성구 계룡로141번길 13-21
대전 유성 에이스호텔 by 아늑,4,잘 쉬었습니다,2024.04.08,"38,000",대전광역시 유성구 계룡로141번길 13-21
대전 유성 에이스호텔 by 아늑,5,잘 이용했어요~~^^,2024.04.04,"38,000",대전광역시 유성구 계룡로141번길 13-21
대전 유성 에이스호텔 by 아늑,5,질 쉬고 갑니다,2024.04.03,"38,000",대전광역시 유성구 계룡로141번길 13-21
대전 유성 에이스호텔 by 아늑,5,"출장으로 다녀왔는데, 편하게 잘 쉬었어요 ㅎㅎ",2024.04.02,"38,000",대전광역시 유성구 계룡로141번길 13-21
대전 유성 에이스호텔 by 아늑,5,말 그대로 아늑하고 편했어요. 잘 쉬다갑니다 ㅎㅎ,2024.04.02,"38,000",대전광역시 유성구 계룡로141번길 13-21
대전 유성 에이스호텔 by 아늑,5,중간에 청소 부탁드렸는데 신속하게 깨끗하게 해주셔서 감사드립니다ㅎㅎ,2024.03.30,"38,000",대전광역시 유성구 계룡로141번길 13-21
대전 유성 에이스호텔 by 아늑,5,아주 깨끗하고 좋았습니다. 대전가면 또 숙박할것같아여 :),2024.03.30,"38,000",대전광역시 유성구 계룡로141번길 13-21
대전 유성 에이스호텔 by 아늑,4,"깨끗하고 마음에 들었어요. 단, 세면 도구는 추가 구매를 해야 해요",2024.03.27,"38,000",대전광역시 유성구 계룡로141번길 13-21
대전 유성 에이스호텔 by 아늑,5,"청결, 어메니티, 방음 최근 갔던 숙소중에 제일 좋았습니다.",2024.03.26,"38,000",대전광역시 유성구 계룡로141번길 13-21
대전 유성 에이스호텔 by 아늑,5,깔끔한 숙소!,2024.03.26,"38,000",대전광역시 유성구 계룡로141번길 13-21
대전 유성 에이스호텔 by 아늑,5,깨끗하고 좋아요~^^,2024.03.26,"38,000",대전광역시 유성구 계룡로141번길 13-21
대전 유성 에이스호텔 by 아늑,4,완전완전추천이요~,2024.03.25,"38,000",대전광역시 유성구 계룡로141번길 13-21
대전 유성 에이스호텔 by 아늑,5,잘 사용했어요,2024.03.25,"38,000",대전광역시 유성구 계룡로141번길 13-21
대전 유성 에이스호텔 by 아늑,5,넷플릭스 보면서 쉬기 좋았어요,2024.03.25,"38,000",대전광역시 유성구 계룡로141번길 13-21
대전 유성 에이스호텔 by 아늑,5,따뜻하고 쾌적해서 좋았어요,2024.03.25,"38,000",대전광역시 유성구 계룡로141번길 13-21
대전 유성 에이스호텔 by 아늑,5,완벽해요! 근데 닌텐도 게임을 두명이 할수있는걸로 많이 넣어주심 더 좋을것같아요!,2024.03.25,"38,000",대전광역시 유성구 계룡로141번길 13-21
대전 유성 에이스호텔 by 아늑,4,깨끗하고 티비커요,2024.03.24,"38,000",대전광역시 유성구 계룡로141번길 13-21
대전 유성 에이스호텔 by 아늑,5,깔끔하고 좋았음!,2024.03.24,"38,000",대전광역시 유성구 계룡로141번길 13-21
대전 유성 에이스호텔 by 아늑,5,"데스크에서 너무 친절히 대해 주시고
방도 깨끗해서 좋았습니다.",2024.03.22,"38,000",대전광역시 유성구 계룡로141번길 13-21
대전 유성 에이스호텔 by 아늑,4,인테리어가 이쁘고 매우 깨끗해요! 담배 냄새도 안 나서 너무 좋았습니다.,2024.03.21,"38,000",대전광역시 유성구 계룡로141번길 13-21
대전 유성 에이스호텔 by 아늑,5,최근 이용한 시설중에 제일 좋았어요.,2024.03.21,"38,000",대전광역시 유성구 계룡로141번길 13-21
대전 유성 에이스호텔 by 아늑,5,좋아염 ㅎㅎ,2024.03.20,"38,000",대전광역시 유성구 계룡로141번길 13-21
대전 유성 에이스호텔 by 아늑,5,좋읍니딩ㅇ,2024.03.19,"38,000",대전광역시 유성구 계룡로141번길 13-21
대전 유성 에이스호텔 by 아늑,5,좋읍니다ㅇㅇ,2024.03.19,"38,000",대전광역시 유성구 계룡로141번길 13-21
대전 유성 에이스호텔 by 아늑,4,추천합니다,2024.03.18,"38,000",대전광역시 유성구 계룡로141번길 13-21
대전 유성 에이스호텔 by 아늑,5,깨끗하고 조용하고 뭐 그럼.,2024.03.18,"38,000",대전광역시 유성구 계룡로141번길 13-21
대전 유성 에이스호텔 by 아늑,5,너무깨끗하고 좋았는데 수압이 너무약했어요.,2024.03.18,"38,000",대전광역시 유성구 계룡로141번길 13-21
대전 유성 에이스호텔 by 아늑,5,물이 좀 약합니다.,2024.03.17,"38,000",대전광역시 유성구 계룡로141번길 13-21
대전 유성 에이스호텔 by 아늑,5,불편한 점 없이 숙소 머물고 가요:),2024.03.17,"38,000",대전광역시 유성구 계룡로141번길 13-21
대전 유성 에이스호텔 by 아늑,5,"또 왔어욤
오늘도 잘 묵고 갑니당",2024.03.17,"38,000",대전광역시 유성구 계룡로141번길 13-21
대전 유성 에이스호텔 by 아늑,5,깨끗하고 편안한 숙소,2024.03.16,"38,000",대전광역시 유성구 계룡로141번길 13-21
대전 유성 에이스호텔 by 아늑,5,깔끔하고 좋아요,2024.03.16,"38,000",대전광역시 유성구 계룡로141번길 13-21
대전 유성 에이스호텔 by 아늑,5,푹 잘 쉬다갑니다,2024.03.13,"38,000",대전광역시 유성구 계룡로141번길 13-21
대전 유성 에이스호텔 by 아늑,4,무조건 추천이에요 무조건!!,2024.03.12,"38,000",대전광역시 유성구 계룡로141번길 13-21
대전 유성 에이스호텔 by 아늑,5,깨끗하고 온도 좋고 침구류도 좋고 진짜좋습니다,2024.03.11,"38,000",대전광역시 유성구 계룡로141번길 13-21
대전 유성 에이스호텔 by 아늑,4,너무좋아요,2024.03.11,"38,000",대전광역시 유성구 계룡로141번길 13-21
대전 유성 에이스호텔 by 아늑,5,좋아요 ㅎㅎ,2024.03.10,"38,000",대전광역시 유성구 계룡로141번길 13-21
대전 유성 에이스호텔 by 아늑,5,친절하고 깨끗해요.,2024.03.09,"38,000",대전광역시 유성구 계룡로141번길 13-21
대전 유성 에이스호텔 by 아늑,4,시설은 깔끔합니다. 대신 화장실 환풍기에서 가끔 담배냄새가 나긴하는데 만족합니다.,2024.03.08,"38,000",대전광역시 유성구 계룡로141번길 13-21
대전 유성 에이스호텔 by 아늑,5,깔끔해서 좋아요~,2024.03.08,"38,000",대전광역시 유성구 계룡로141번길 13-21
대전 유성 에이스호텔 by 아늑,5,"스탠다드도 충분히 넓고 좋아요
재방문 의사 100%
어메니티는 따로 구매하셔야해요",2024.03.08,"38,000",대전광역시 유성구 계룡로141번길 13-21
대전 유성 에이스호텔 by 아늑,5,편안하게 잘 쉬다갑니다.,2024.03.07,"38,000",대전광역시 유성구 계룡로141번길 13-21
대전 유성 에이스호텔 by 아늑,5,친절하고 깨끗해요.,2024.03.07,"38,000",대전광역시 유성구 계룡로141번길 13-21
대전 유성 에이스호텔 by 아늑,5,깔끔하구조음,2024.03.05,"38,000",대전광역시 유성구 계룡로141번길 13-21
대전 유성 에이스호텔 by 아늑,4,추천합니다 완전 완전,2024.03.05,"38,000",대전광역시 유성구 계룡로141번길 13-21
대전 유성 에이스호텔 by 아늑,5,"리클라이너 소파랑 티비 큰 거 있어서 좋습니다
업그레이드 해주셔서 편히 놀다 왔습니다",2024.03.04,"38,000",대전광역시 유성구 계룡로141번길 13-21
대전 유성 에이스호텔 by 아늑,5,너무편하게 잘 쉬다 갑니다 침대가 너무 푹신해여!!,2024.03.04,"38,000",대전광역시 유성구 계룡로141번길 13-21
대전 유성 에이스호텔 by 아늑,4,수압 약한 거 빼고 조아여,2024.03.03,"38,000",대전광역시 유성구 계룡로141번길 13-21
대전 유성 에이스호텔 by 아늑,5,깨끗하고 좋아요,2024.03.02,"38,000",대전광역시 유성구 계룡로141번길 13-21
대전 유성 에이스호텔 by 아늑,5,친구가 생일에 모여서 술 자리 가졌지만 뻗어서 데려다 주었어요.. 제가 결제하구요..,2024.03.02,"38,000",대전광역시 유성구 계룡로141번길 13-21
대전 유성 에이스호텔 by 아늑,4,방이 밝아 비지니스 출장으로 좋아요.,2024.02.29,"38,000",대전광역시 유성구 계룡로141번길 13-21
대전 유성 에이스호텔 by 아늑,4,잘 잤습니다,2024.02.29,"38,000",대전광역시 유성구 계룡로141번길 13-21
대전 유성 에이스호텔 by 아늑,5,좋았어요..,2024.02.29,"38,000",대전광역시 유성구 계룡로141번길 13-21
대전 유성 에이스호텔 by 아늑,5,신축이라 깨끗하고 아늑해요,2024.02.26,"38,000",대전광역시 유성구 계룡로141번길 13-21
대전 유성 에이스호텔 by 아늑,5,"항상 그랬듯, 출장와서 이용 잘 했습미다^^!
감사합니다",2024.02.26,"38,000",대전광역시 유성구 계룡로141번길 13-21
대전 유성 에이스호텔 by 아늑,4,추천합니다,2024.02.26,"38,000",대전광역시 유성구 계룡로141번길 13-21
대전 유성 에이스호텔 by 아늑,5,깔끔하고 위치도 좋고~ 다음에 또 갈 것 같습니다!,2024.02.25,"38,000",대전광역시 유성구 계룡로141번길 13-21
대전 유성 에이스호텔 by 아늑,4,깨끗하고 넓음.청소.관리가 잘.되어있음.,2024.02.25,"38,000",대전광역시 유성구 계룡로141번길 13-21
대전 유성 에이스호텔 by 아늑,5,깨끗하고 좋아요,2024.02.24,"38,000",대전광역시 유성구 계룡로141번길 13-21
대전 유성 에이스호텔 by 아늑,5,깨끗하고 좋았습니다^.^,2024.02.24,"38,000",대전광역시 유성구 계룡로141번길 13-21
대전 유성 에이스호텔 by 아늑,4,괜찮은데 가성비는 의문,2024.02.24,"38,000",대전광역시 유성구 계룡로141번길 13-21
대전 유성 에이스호텔 by 아늑,5,깨끗하고 좋습니다^^,2024.02.22,"38,000",대전광역시 유성구 계룡로141번길 13-21
대전 유성 에이스호텔 by 아늑,5,친절하시고 좋아요,2024.02.21,"38,000",대전광역시 유성구 계룡로141번길 13-21
대전 유성 에이스호텔 by 아늑,5,항상 출장시 이용하고 있습니다 좋아용,2024.02.21,"38,000",대전광역시 유성구 계룡로141번길 13-21
대전 유성 에이스호텔 by 아늑,5,"방 너무 깨끗하고 잘 쉬다가 왔습니다
다음에 또 가고싶어요!",2024.02.21,"38,000",대전광역시 유성구 계룡로141번길 13-21
대전 유성 에이스호텔 by 아늑,4,깔끔하고 다 좋았는데 화장실의 담배냄새같은 것은 아쉽네요.주차공간 좀 협소해요,2024.02.21,"38,000",대전광역시 유성구 계룡로141번길 13-21
대전 유성 에이스호텔 by 아늑,5,숙소 깨끗하고 트윈룸 엄청 넓어요 위치도 좋아요,2024.02.19,"38,000",대전광역시 유성구 계룡로141번길 13-21
대전 유성 에이스호텔 by 아늑,4,굿 수건에 머리카락만 좀 거슬렸음,2024.02.18,"38,000",대전광역시 유성구 계룡로141번길 13-21
대전 유성 에이스호텔 by 아늑,5,시설 너무 좋아요,2024.02.18,"38,000",대전광역시 유성구 계룡로141번길 13-21
대전 유성 에이스호텔 by 아늑,5,오티티만족스럽습니다,2024.02.18,"38,000",대전광역시 유성구 계룡로141번길 13-21
대전 유성 에이스호텔 by 아늑,5,리모델링해서 그런지 깔끔하네요 ㅎㅎ,2024.02.18,"38,000",대전광역시 유성구 계룡로141번길 13-21
대전 유성 에이스호텔 by 아늑,5,숙소가 너무 깔끔하고 넓어서 좋았어요! 재방문 의사 있습니다,2024.02.17,"38,000",대전광역시 유성구 계룡로141번길 13-21
대전 유성 에이스호텔 by 아늑,5,"진짜 만족스러웠습니다
감사합니다",2024.02.16,"38,000",대전광역시 유성구 계룡로141번길 13-21
대전 유성 에이스호텔 by 아늑,5,저희 또 방문했습니다 ㅎㅎ 재방문의사 있습니다!,2024.02.15,"38,000",대전광역시 유성구 계룡로141번길 13-21
대전 유성 에이스호텔 by 아늑,5,푹 쉬고 갑니다,2024.02.15,"38,000",대전광역시 유성구 계룡로141번길 13-21
대전 유성 에이스호텔 by 아늑,5,좋았어용ㅎㅎㅎ,2024.02.15,"38,000",대전광역시 유성구 계룡로141번길 13-21
대전 유성 에이스호텔 by 아늑,5,좋아여ㅎㅎ,2024.02.15,"38,000",대전광역시 유성구 계룡로141번길 13-21
대전 유성 에이스호텔 by 아늑,5,깨끗하고 넓어요,2024.02.14,"38,000",대전광역시 유성구 계룡로141번길 13-21
대전 유성 에이스호텔 by 아늑,5,너무 깨끗해요 역시 아늑,2024.02.14,"38,000",대전광역시 유성구 계룡로141번길 13-21
대전 유성 에이스호텔 by 아늑,5,역에서 가까워서 좋고 아늑했지만 창밖 소음이 아쉬웠어요,2024.02.14,"38,000",대전광역시 유성구 계룡로141번길 13-21
대전 유성 에이스호텔 by 아늑,5,모든 면에서 다 좋았습니다 다음에 대전 올 일 있으면 재방문 의사 100프로 입니다,2024.02.13,"38,000",대전광역시 유성구 계룡로141번길 13-21
대전 유성 에이스호텔 by 아늑,5,완전 강추강추에요~~,2024.02.13,"38,000",대전광역시 유성구 계룡로141번길 13-21
대전 유성 에이스호텔 by 아늑,5,최고입니다 말모말모,2024.02.11,"38,000",대전광역시 유성구 계룡로141번길 13-21
대전 유성 에이스호텔 by 아늑,5,아늑은 믿고 가요ㅎㅎ,2024.02.11,"38,000",대전광역시 유성구 계룡로141번길 13-21
대전 유성 에이스호텔 by 아늑,5,"최근에 리모델링해서 깔끔하고, 시설 좋습니다",2024.02.10,"38,000",대전광역시 유성구 계룡로141번길 13-21
대전 유성 에이스호텔 by 아늑,5,깨긋하구 조용해여,2024.02.10,"38,000",대전광역시 유성구 계룡로141번길 13-21
대전 유성 에이스호텔 by 아늑,5,잘쉬다 갑니다,2024.02.10,"38,000",대전광역시 유성구 계룡로141번길 13-21
대전 유성 에이스호텔 by 아늑,5,대전에서 경험한 숙소 중 최고 였어요.,2024.02.09,"38,000",대전광역시 유성구 계룡로141번길 13-21
대전 유성 에이스호텔 by 아늑,5,좋았어요. 깨끗해요.,2024.02.07,"38,000",대전광역시 유성구 계룡로141번길 13-21
대전 유성 에이스호텔 by 아늑,5,편하게 이용했습니다,2024.02.06,"38,000",대전광역시 유성구 계룡로141번길 13-21
대전 유성 에이스호텔 by 아늑,5,추천합니다 깨끗하고 좋아요,2024.02.05,"38,000",대전광역시 유성구 계룡로141번길 13-21
대전 유성 에이스호텔 by 아늑,5,깨끗하고 좋아요 주차장 입구는 불편합니다.,2024.02.04,"38,000",대전광역시 유성구 계룡로141번길 13-21
대전 유성 에이스호텔 by 아늑,4,너무좋아요,2024.02.04,"38,000",대전광역시 유성구 계룡로141번길 13-21
대전 유성 에이스호텔 by 아늑,5,"방이 너무 따뜻해서 좋아요
잘 쉬다 가요",2024.02.04,"38,000",대전광역시 유성구 계룡로141번길 13-21
대전 유성 에이스호텔 by 아늑,3,너무좋아요많이,2024.02.02,"38,000",대전광역시 유성구 계룡로141번길 13-21
대전 유성 에이스호텔 by 아늑,5,깔끔하고 괜찮았어요!,2024.02.01,"38,000",대전광역시 유성구 계룡로141번길 13-21
대전 유성 에이스호텔 by 아늑,5,처음 가봤지만 친잘하시고 너무 잘 쉬다왔어요,2024.01.31,"38,000",대전광역시 유성구 계룡로141번길 13-21
대전 유성 에이스호텔 by 아늑,5,깨끗하고 청결해서 좋네요,2024.01.31,"38,000",대전광역시 유성구 계룡로141번길 13-21
대전 유성 에이스호텔 by 아늑,5,층간소음이 좀 있었지만 시설 깨끗하고 좋았습니다,2024.01.30,"38,000",대전광역시 유성구 계룡로141번길 13-21
대전 유성 에이스호텔 by 아늑,5,추천합니다 짱짱!,2024.01.30,"38,000",대전광역시 유성구 계룡로141번길 13-21
대전 유성 에이스호텔 by 아늑,5,엄청 깔끔하고 카운터 직원분도 너무 친절하세요^.^,2024.01.29,"38,000",대전광역시 유성구 계룡로141번길 13-21
대전 유성 에이스호텔 by 아늑,5,따뜻하고 침구뭐 말할것도 없고 좋았습니다,2024.01.28,"38,000",대전광역시 유성구 계룡로141번길 13-21
대전 유성 에이스호텔 by 아늑,5,넓고 쾌적하게 잘 쉬다 갑니다 ^^,2024.01.27,"38,000",대전광역시 유성구 계룡로141번길 13-21
대전 유성 에이스호텔 by 아늑,5,좋은시설이에요,2024.01.26,"38,000",대전광역시 유성구 계룡로141번길 13-21
대전 유성 에이스호텔 by 아늑,5,침구가 깨끗합니다.,2024.01.26,"38,000",대전광역시 유성구 계룡로141번길 13-21
대전 유성 에이스호텔 by 아늑,5,침구가 깨끗합니다.,2024.01.26,"38,000",대전광역시 유성구 계룡로141번길 13-21
대전 유성 에이스호텔 by 아늑,5,따스하고 깨끗해서 좋아요 ^^,2024.01.25,"38,000",대전광역시 유성구 계룡로141번길 13-21
대전 유성 에이스호텔 by 아늑,5,깨끗하고 좋았어요,2024.01.25,"38,000",대전광역시 유성구 계룡로141번길 13-21
대전 유성 에이스호텔 by 아늑,4,수고하십니다,2024.01.25,"38,000",대전광역시 유성구 계룡로141번길 13-21
대전 유성 에이스호텔 by 아늑,5,"직원분도 친절하시고, 룸 컨디션도 좋고, 만화책 좋았습니다~",2024.01.24,"38,000",대전광역시 유성구 계룡로141번길 13-21
대전 유성 에이스호텔 by 아늑,5,"아늑. 무조건 추천합니다 무조건~
따뜻하고 까끗하고",2024.01.23,"38,000",대전광역시 유성구 계룡로141번길 13-21
대전 유성 에이스호텔 by 아늑,5,항상 편하게 쉬다가요~,2024.01.23,"38,000",대전광역시 유성구 계룡로141번길 13-21
대전 유성 에이스호텔 by 아늑,5,"매주 푹쉬다 갑니다
너무 따뜻하고 깔끔해요",2024.01.23,"38,000",대전광역시 유성구 계룡로141번길 13-21
대전 유성 에이스호텔 by 아늑,5,리모델링해서 깔끔해여,2024.01.23,"38,000",대전광역시 유성구 계룡로141번길 13-21
대전 유성 에이스호텔 by 아늑,5,너무 좋앗습니다 !!!!,2024.01.23,"38,000",대전광역시 유성구 계룡로141번길 13-21
대전 유성 에이스호텔 by 아늑,5,깔끔해요.. 굿,2024.01.22,"38,000",대전광역시 유성구 계룡로141번길 13-21
대전 유성 에이스호텔 by 아늑,5,신축이라 그런지 깔끔해서 좋았습니다. 그리고 가끔 추운데도 있는데 여긴 안 추워요..!,2024.01.21,"38,000",대전광역시 유성구 계룡로141번길 13-21
대전 유성 에이스호텔 by 아늑,5,리모델링한지 얼마 안되서그런지 너무 깔끔했습니다.,2024.01.20,"38,000",대전광역시 유성구 계룡로141번길 13-21
대전 유성 에이스호텔 by 아늑,5,깨끗하고 좋아요!,2024.01.20,"38,000",대전광역시 유성구 계룡로141번길 13-21
대전 유성 에이스호텔 by 아늑,5,깔끔합니다.,2024.01.19,"38,000",대전광역시 유성구 계룡로141번길 13-21
대전 유성 에이스호텔 by 아늑,5,"리모델링해서 깔끔하네요
푹쉬다갑니다.",2024.01.17,"38,000",대전광역시 유성구 계룡로141번길 13-21
대전 유성 에이스호텔 by 아늑,5,추천합니다,2024.01.16,"38,000",대전광역시 유성구 계룡로141번길 13-21
대전 유성 에이스호텔 by 아늑,5,"방이 정말 따뜻했어요
잘 쉬다 갑니다~",2024.01.14,"38,000",대전광역시 유성구 계룡로141번길 13-21
대전 유성 에이스호텔 by 아늑,5,다음에 또 올게요,2024.01.13,"38,000",대전광역시 유성구 계룡로141번길 13-21
대전 유성 에이스호텔 by 아늑,5,자주이용합니다 깨끗하고 좋습니다!,2024.01.08,"38,000",대전광역시 유성구 계룡로141번길 13-21
대전 유성 에이스호텔 by 아늑,5,"따뜻하고 아늑하고 깨끗하고, 좋았습니다.",2024.01.08,"38,000",대전광역시 유성구 계룡로141번길 13-21
대전 유성 에이스호텔 by 아늑,5,깔끔하고 좋았어요.,2024.01.08,"38,000",대전광역시 유성구 계룡로141번길 13-21
대전 유성 에이스호텔 by 아늑,5,깨끗하긴한데 객실이 너무 텅비어있는 느낌이에요,2024.01.06,"38,000",대전광역시 유성구 계룡로141번길 13-21
